** Drc report for /home/user/esp32-hdmi-quad-splitter/hardware/quad_hdmi_tx/quad_hdmi_tx.kicad_pcb **
** Created on 2026-09-30 22:34:15 **

** Found 346 DRC violations **
[lib_footprint_issues]: The current configuration does not include the library ''.
    Local override; Severity: warning
    @(110.0000 mm, 26.8000 mm): Footprint C56
[lib_footprint_issues]: The current configuration does not include the library ''.
    Local override; Severity: warning
    @(3.2000 mm, 28.5000 mm): Footprint C105
[lib_footprint_issues]: The current configuration does not include the library ''.
    Local override; Severity: warning
    @(31.2800 mm, 14.8000 mm): Footprint C217
[lib_footprint_issues]: The current configuration does not include the library ''.
    Local override; Severity: warning
    @(97.3200 mm, 20.3950 mm): Footprint C418
[lib_footprint_issues]: The current configuration does not include the library ''.
    Local override; Severity: warning
    @(82.0800 mm, 14.8000 mm): Footprint C417
[lib_footprint_issues]: The current configuration does not include the library ''.
    Local override; Severity: warning
    @(18.5800 mm, 14.6000 mm): Footprint C120
[lib_footprint_issues]: The current configuration does not include the library ''.
    Local override; Severity: warning
    @(71.9200 mm, 20.3950 mm): Footprint C318
[lib_footprint_issues]: The current configuration does not include the library ''.
    Local override; Severity: warning
    @(49.0600 mm, 28.6900 mm): Footprint C209
[lib_footprint_issues]: The current configuration does not include the library ''.
    Local override; Severity: warning
    @(79.4000 mm, 24.8000 mm): Footprint C404
[lib_footprint_issues]: The current configuration does not include the library ''.
    Local override; Severity: warning
    @(105.5000 mm, 31.0000 mm): Footprint J6
[lib_footprint_issues]: The current configuration does not include the library ''.
    Local override; Severity: warning
    @(105.5000 mm, 27.3000 mm): Footprint R7
[lib_footprint_issues]: The current configuration does not include the library ''.
    Local override; Severity: warning
    @(89.7000 mm, 7.0200 mm): Footprint J4
[lib_footprint_issues]: The current configuration does not include the library ''.
    Local override; Severity: warning
    @(23.6600 mm, 36.0900 mm): Footprint C111
[lib_footprint_issues]: The current configuration does not include the library ''.
    Local override; Severity: warning
    @(104.5000 mm, 8.0000 mm): Footprint R6
[lib_footprint_issues]: The current configuration does not include the library ''.
    Local override; Severity: warning
    @(77.0000 mm, 33.8750 mm): Footprint C315
[lib_footprint_issues]: The current configuration does not include the library ''.
    Local override; Severity: warning
    @(104.5000 mm, 6.0000 mm): Footprint R5
[lib_footprint_issues]: The current configuration does not include the library ''.
    Local override; Severity: warning
    @(21.1200 mm, 24.8000 mm): Footprint R11
[lib_footprint_issues]: The current configuration does not include the library ''.
    Local override; Severity: warning
    @(74.4600 mm, 36.0900 mm): Footprint C311
[lib_footprint_issues]: The current configuration does not include the library ''.
    Local override; Severity: warning
    @(94.7800 mm, 14.6000 mm): Footprint C420
[lib_footprint_issues]: The current configuration does not include the library ''.
    Local override; Severity: warning
    @(77.0000 mm, 20.0000 mm): Footprint C303
[lib_footprint_issues]: The current configuration does not include the library ''.
    Local override; Severity: warning
    @(51.6000 mm, 33.8750 mm): Footprint C215
[lib_footprint_issues]: The current configuration does not include the library ''.
    Local override; Severity: warning
    @(5.8800 mm, 14.8000 mm): Footprint C117
[lib_footprint_issues]: The current configuration does not include the library ''.
    Local override; Severity: warning
    @(79.4000 mm, 32.2000 mm): Footprint C406
[lib_footprint_issues]: The current configuration does not include the library ''.
    Local override; Severity: warning
    @(21.1200 mm, 16.2000 mm): Footprint C119
[lib_footprint_issues]: The current configuration does not include the library ''.
    Local override; Severity: warning
    @(54.0000 mm, 32.2000 mm): Footprint C306
[lib_footprint_issues]: The current configuration does not include the library ''.
    Local override; Severity: warning
    @(110.0000 mm, 24.3000 mm): Footprint C55
[lib_footprint_issues]: The current configuration does not include the library ''.
    Local override; Severity: warning
    @(79.4000 mm, 28.5000 mm): Footprint C405
[lib_footprint_issues]: The current configuration does not include the library ''.
    Local override; Severity: warning
    @(64.3000 mm, 30.4000 mm): Footprint U31
[lib_footprint_issues]: The current configuration does not include the library ''.
    Local override; Severity: warning
    @(49.0600 mm, 24.4950 mm): Footprint FB21
[lib_footprint_issues]: The current configuration does not include the library ''.
    Local override; Severity: warning
    @(46.5200 mm, 24.8000 mm): Footprint R21
[lib_footprint_issues]: The current configuration does not include the library ''.
    Local override; Severity: warning
    @(38.9000 mm, 7.0200 mm): Footprint J2
[lib_footprint_issues]: The current configuration does not include the library ''.
    Local override; Severity: warning
    @(105.5000 mm, 22.3000 mm): Footprint C52
[lib_footprint_issues]: The current configuration does not include the library ''.
    Local override; Severity: warning
    @(3.2000 mm, 24.8000 mm): Footprint C104
[lib_footprint_issues]: The current configuration does not include the library ''.
    Local override; Severity: warning
    @(26.2000 mm, 3.0000 mm): Footprint H1
[lib_footprint_issues]: The current configuration does not include the library ''.
    Local override; Severity: warning
    @(26.2000 mm, 20.0000 mm): Footprint C103
[lib_footprint_issues]: The current configuration does not include the library ''.
    Local override; Severity: warning
    @(23.6600 mm, 28.6900 mm): Footprint C109
[lib_footprint_issues]: The current configuration does not include the library ''.
    Local override; Severity: warning
    @(23.6600 mm, 24.4950 mm): Footprint FB11
[lib_footprint_issues]: The current configuration does not include the library ''.
    Local override; Severity: warning
    @(28.6000 mm, 16.0000 mm): Footprint R23
[lib_footprint_issues]: The current configuration does not include the library ''.
    Local override; Severity: warning
    @(38.9000 mm, 30.4000 mm): Footprint U21
[lib_footprint_issues]: The current configuration does not include the library ''.
    Local override; Severity: warning
    @(77.0000 mm, 3.0000 mm): Footprint H4
[lib_footprint_issues]: The current configuration does not include the library ''.
    Local override; Severity: warning
    @(77.0000 mm, 24.4950 mm): Footprint FB32
[lib_footprint_issues]: The current configuration does not include the library ''.
    Local override; Severity: warning
    @(3.2000 mm, 16.0000 mm): Footprint R13
[lib_footprint_issues]: The current configuration does not include the library ''.
    Local override; Severity: warning
    @(38.9000 mm, 18.0000 mm): Footprint U22
[lib_footprint_issues]: The current configuration does not include the library ''.
    Local override; Severity: warning
    @(69.3800 mm, 14.6000 mm): Footprint C320
[lib_footprint_issues]: The current configuration does not include the library ''.
    Local override; Severity: warning
    @(54.0000 mm, 16.0000 mm): Footprint R33
[lib_footprint_issues]: The current configuration does not include the library ''.
    Local override; Severity: warning
    @(105.5000 mm, 15.6000 mm): Footprint C54
[lib_footprint_issues]: The current configuration does not include the library ''.
    Local override; Severity: warning
    @(23.6600 mm, 32.3900 mm): Footprint C110
[lib_footprint_issues]: The current configuration does not include the library ''.
    Local override; Severity: warning
    @(102.4000 mm, 20.0000 mm): Footprint C403
[lib_footprint_issues]: The current configuration does not include the library ''.
    Local override; Severity: warning
    @(105.5000 mm, 18.5000 mm): Footprint U5
[lib_footprint_issues]: The current configuration does not include the library ''.
    Local override; Severity: warning
    @(79.4000 mm, 16.0000 mm): Footprint R43
[lib_footprint_issues]: The current configuration does not include the library ''.
    Local override; Severity: warning
    @(102.4000 mm, 24.4950 mm): Footprint FB42
[lib_footprint_issues]: The current configuration does not include the library ''.
    Local override; Severity: warning
    @(43.9800 mm, 14.6000 mm): Footprint C220
[lib_footprint_issues]: The current configuration does not include the library ''.
    Local override; Severity: warning
    @(54.0000 mm, 24.8000 mm): Footprint C304
[lib_footprint_issues]: The current configuration does not include the library ''.
    Local override; Severity: warning
    @(71.9200 mm, 24.8000 mm): Footprint R31
[lib_footprint_issues]: The current configuration does not include the library ''.
    Local override; Severity: warning
    @(49.0600 mm, 32.3900 mm): Footprint C210
[lib_footprint_issues]: The current configuration does not include the library ''.
    Local override; Severity: warning
    @(51.6000 mm, 3.0000 mm): Footprint H2
[lib_footprint_issues]: The current configuration does not include the library ''.
    Local override; Severity: warning
    @(74.4600 mm, 32.3900 mm): Footprint C310
[lib_footprint_issues]: The current configuration does not include the library ''.
    Local override; Severity: warning
    @(13.5000 mm, 18.0000 mm): Footprint U12
[lib_footprint_issues]: The current configuration does not include the library ''.
    Local override; Severity: warning
    @(13.5000 mm, 7.0200 mm): Footprint J1
[lib_footprint_issues]: The current configuration does not include the library ''.
    Local override; Severity: warning
    @(99.8600 mm, 24.4950 mm): Footprint FB41
[lib_footprint_issues]: The current configuration does not include the library ''.
    Local override; Severity: warning
    @(51.6000 mm, 29.1850 mm): Footprint C212
[lib_footprint_issues]: The current configuration does not include the library ''.
    Local override; Severity: warning
    @(89.7000 mm, 30.4000 mm): Footprint U41
[lib_footprint_issues]: The current configuration does not include the library ''.
    Local override; Severity: warning
    @(71.9200 mm, 16.2000 mm): Footprint C319
[lib_footprint_issues]: The current configuration does not include the library ''.
    Local override; Severity: warning
    @(74.4600 mm, 28.6900 mm): Footprint C309
[lib_footprint_issues]: The current configuration does not include the library ''.
    Local override; Severity: warning
    @(46.5200 mm, 20.3950 mm): Footprint C218
[lib_footprint_issues]: The current configuration does not include the library ''.
    Local override; Severity: warning
    @(46.5200 mm, 27.7000 mm): Footprint C213
[lib_footprint_issues]: The current configuration does not include the library ''.
    Local override; Severity: warning
    @(112.0000 mm, 35.0000 mm): Footprint H3
[lib_footprint_issues]: The current configuration does not include the library ''.
    Local override; Severity: warning
    @(13.5000 mm, 30.4000 mm): Footprint U11
[lib_footprint_issues]: The current configuration does not include the library ''.
    Local override; Severity: warning
    @(28.6000 mm, 28.5000 mm): Footprint C205
[lib_footprint_issues]: The current configuration does not include the library ''.
    Local override; Severity: warning
    @(99.8600 mm, 28.6900 mm): Footprint C409
[lib_footprint_issues]: The current configuration does not include the library ''.
    Local override; Severity: warning
    @(46.5200 mm, 16.2000 mm): Footprint C219
[lib_footprint_issues]: The current configuration does not include the library ''.
    Local override; Severity: warning
    @(105.5000 mm, 24.8000 mm): Footprint C53
[lib_footprint_issues]: The current configuration does not include the library ''.
    Local override; Severity: warning
    @(97.3200 mm, 16.2000 mm): Footprint C419
[lib_footprint_issues]: The current configuration does not include the library ''.
    Local override; Severity: warning
    @(104.5000 mm, 2.5000 mm): Footprint R8
[lib_footprint_issues]: The current configuration does not include the library ''.
    Local override; Severity: warning
    @(77.0000 mm, 29.1850 mm): Footprint C312
[lib_footprint_issues]: The current configuration does not include the library ''.
    Local override; Severity: warning
    @(97.3200 mm, 24.8000 mm): Footprint R41
[lib_footprint_issues]: The current configuration does not include the library ''.
    Local override; Severity: warning
    @(99.8600 mm, 32.3900 mm): Footprint C410
[lib_footprint_issues]: The current configuration does not include the library ''.
    Local override; Severity: warning
    @(64.3000 mm, 18.0000 mm): Footprint U32
[lib_footprint_issues]: The current configuration does not include the library ''.
    Local override; Severity: warning
    @(26.2000 mm, 33.8750 mm): Footprint C115
[lib_footprint_issues]: The current configuration does not include the library ''.
    Local override; Severity: warning
    @(26.2000 mm, 29.1850 mm): Footprint C112
[lib_footprint_issues]: The current configuration does not include the library ''.
    Local override; Severity: warning
    @(21.1200 mm, 20.3950 mm): Footprint C118
[lib_footprint_issues]: The current configuration does not include the library ''.
    Local override; Severity: warning
    @(110.0000 mm, 19.5000 mm): Footprint L1
[lib_footprint_issues]: The current configuration does not include the library ''.
    Local override; Severity: warning
    @(107.8000 mm, 16.0000 mm): Footprint C51
[lib_footprint_issues]: The current configuration does not include the library ''.
    Local override; Severity: warning
    @(102.4000 mm, 33.8750 mm): Footprint C415
[lib_footprint_issues]: The current configuration does not include the library ''.
    Local override; Severity: warning
    @(102.4000 mm, 29.1850 mm): Footprint C412
[lib_footprint_issues]: The current configuration does not include the library ''.
    Local override; Severity: warning
    @(99.8600 mm, 36.0900 mm): Footprint C411
[lib_footprint_issues]: The current configuration does not include the library ''.
    Local override; Severity: warning
    @(71.9200 mm, 27.7000 mm): Footprint C313
[lib_footprint_issues]: The current configuration does not include the library ''.
    Local override; Severity: warning
    @(54.0000 mm, 28.5000 mm): Footprint C305
[lib_footprint_issues]: The current configuration does not include the library ''.
    Local override; Severity: warning
    @(49.0600 mm, 36.0900 mm): Footprint C211
[lib_footprint_issues]: The current configuration does not include the library ''.
    Local override; Severity: warning
    @(3.2000 mm, 32.2000 mm): Footprint C106
[lib_footprint_issues]: The current configuration does not include the library ''.
    Local override; Severity: warning
    @(28.6000 mm, 24.8000 mm): Footprint C204
[lib_footprint_issues]: The current configuration does not include the library ''.
    Local override; Severity: warning
    @(97.3200 mm, 27.7000 mm): Footprint C413
[lib_footprint_issues]: The current configuration does not include the library ''.
    Local override; Severity: warning
    @(56.6800 mm, 14.8000 mm): Footprint C317
[lib_footprint_issues]: The current configuration does not include the library ''.
    Local override; Severity: warning
    @(26.2000 mm, 24.4950 mm): Footprint FB12
[lib_footprint_issues]: The current configuration does not include the library ''.
    Local override; Severity: warning
    @(74.4600 mm, 24.4950 mm): Footprint FB31
[lib_footprint_issues]: The current configuration does not include the library ''.
    Local override; Severity: warning
    @(89.7000 mm, 18.0000 mm): Footprint U42
[lib_footprint_issues]: The current configuration does not include the library ''.
    Local override; Severity: warning
    @(51.6000 mm, 20.0000 mm): Footprint C203
[lib_footprint_issues]: The current configuration does not include the library ''.
    Local override; Severity: warning
    @(111.3300 mm, 10.0000 mm): Footprint J5
[lib_footprint_issues]: The current configuration does not include the library ''.
    Local override; Severity: warning
    @(21.1200 mm, 27.7000 mm): Footprint C113
[lib_footprint_issues]: The current configuration does not include the library ''.
    Local override; Severity: warning
    @(104.5000 mm, 12.0000 mm): Footprint F1
[lib_footprint_issues]: The current configuration does not include the library ''.
    Local override; Severity: warning
    @(64.3000 mm, 7.0200 mm): Footprint J3
[lib_footprint_issues]: The current configuration does not include the library ''.
    Local override; Severity: warning
    @(51.6000 mm, 24.4950 mm): Footprint FB22
[lib_footprint_issues]: The current configuration does not include the library ''.
    Local override; Severity: warning
    @(108.0000 mm, 2.5000 mm): Footprint D1
[lib_footprint_issues]: The current configuration does not include the library ''.
    Local override; Severity: warning
    @(28.6000 mm, 32.2000 mm): Footprint C206
[lib_footprint_issues]: The current configuration does not include the library ''.
    Local override; Severity: warning
    @(69.8000 mm, 7.4000 mm): Footprint C307
[lib_footprint_issues]: The current configuration does not include the library ''.
    Local override; Severity: warning
    @(99.8600 mm, 11.9000 mm): Footprint C402
[lib_footprint_issues]: The current configuration does not include the library ''.
    Local override; Severity: warning
    @(51.6000 mm, 11.9000 mm): Footprint C208
[lib_footprint_issues]: The current configuration does not include the library ''.
    Local override; Severity: warning
    @(64.3000 mm, 5.8000 mm): Footprint U33
[lib_footprint_issues]: The current configuration does not include the library ''.
    Local override; Severity: warning
    @(78.8000 mm, 10.4000 mm): Footprint C401
[lib_footprint_issues]: The current configuration does not include the library ''.
    Local override; Severity: warning
    @(9.6900 mm, 24.1000 mm): Footprint R14
[lib_footprint_issues]: The current configuration does not include the library ''.
    Local override; Severity: warning
    @(26.2000 mm, 11.9000 mm): Footprint C108
[lib_footprint_issues]: The current configuration does not include the library ''.
    Local override; Severity: warning
    @(56.6800 mm, 23.6000 mm): Footprint R3
[lib_footprint_issues]: The current configuration does not include the library ''.
    Local override; Severity: warning
    @(38.6500 mm, 24.4000 mm): Footprint C216
[lib_footprint_issues]: The current configuration does not include the library ''.
    Local override; Severity: warning
    @(28.0000 mm, 10.4000 mm): Footprint C201
[lib_footprint_issues]: The current configuration does not include the library ''.
    Local override; Severity: warning
    @(60.4900 mm, 24.1000 mm): Footprint R34
[lib_footprint_issues]: The current configuration does not include the library ''.
    Local override; Severity: warning
    @(89.4500 mm, 24.4000 mm): Footprint C416
[lib_footprint_issues]: The current configuration does not include the library ''.
    Local override; Severity: warning
    @(44.4000 mm, 7.4000 mm): Footprint C207
[lib_footprint_issues]: The current configuration does not include the library ''.
    Local override; Severity: warning
    @(2.6000 mm, 10.4000 mm): Footprint C101
[lib_footprint_issues]: The current configuration does not include the library ''.
    Local override; Severity: warning
    @(40.8000 mm, 27.3000 mm): Footprint R22
[lib_footprint_issues]: The current configuration does not include the library ''.
    Local override; Severity: warning
    @(15.4000 mm, 27.3000 mm): Footprint R12
[lib_footprint_issues]: The current configuration does not include the library ''.
    Local override; Severity: warning
    @(5.8800 mm, 23.6000 mm): Footprint R1
[lib_footprint_issues]: The current configuration does not include the library ''.
    Local override; Severity: warning
    @(109.0000 mm, 30.5000 mm): Footprint JP1
[lib_footprint_issues]: The current configuration does not include the library ''.
    Local override; Severity: warning
    @(53.4000 mm, 10.4000 mm): Footprint C301
[lib_footprint_issues]: The current configuration does not include the library ''.
    Local override; Severity: warning
    @(77.0000 mm, 11.9000 mm): Footprint C308
[lib_footprint_issues]: The current configuration does not include the library ''.
    Local override; Severity: warning
    @(85.8900 mm, 24.1000 mm): Footprint R44
[lib_footprint_issues]: The current configuration does not include the library ''.
    Local override; Severity: warning
    @(49.0600 mm, 11.9000 mm): Footprint C202
[lib_footprint_issues]: The current configuration does not include the library ''.
    Local override; Severity: warning
    @(82.0800 mm, 23.6000 mm): Footprint R4
[lib_footprint_issues]: The current configuration does not include the library ''.
    Local override; Severity: warning
    @(102.4000 mm, 11.9000 mm): Footprint C408
[lib_footprint_issues]: The current configuration does not include the library ''.
    Local override; Severity: warning
    @(66.2000 mm, 27.3000 mm): Footprint R32
[lib_footprint_issues]: The current configuration does not include the library ''.
    Local override; Severity: warning
    @(99.8600 mm, 27.9000 mm): Footprint C414
[lib_footprint_issues]: The current configuration does not include the library ''.
    Local override; Severity: warning
    @(23.6600 mm, 11.9000 mm): Footprint C102
[lib_footprint_issues]: The current configuration does not include the library ''.
    Local override; Severity: warning
    @(23.6600 mm, 27.9000 mm): Footprint C114
[lib_footprint_issues]: The current configuration does not include the library ''.
    Local override; Severity: warning
    @(31.2800 mm, 23.6000 mm): Footprint R2
[lib_footprint_issues]: The current configuration does not include the library ''.
    Local override; Severity: warning
    @(74.4600 mm, 11.9000 mm): Footprint C302
[lib_footprint_issues]: The current configuration does not include the library ''.
    Local override; Severity: warning
    @(51.6000 mm, 33.6000 mm): Footprint J8
[lib_footprint_issues]: The current configuration does not include the library ''.
    Local override; Severity: warning
    @(91.6000 mm, 27.3000 mm): Footprint R42
[lib_footprint_issues]: The current configuration does not include the library ''.
    Local override; Severity: warning
    @(89.7000 mm, 5.8000 mm): Footprint U43
[lib_footprint_issues]: The current configuration does not include the library ''.
    Local override; Severity: warning
    @(51.6000 mm, 18.2000 mm): Footprint J7
[lib_footprint_issues]: The current configuration does not include the library ''.
    Local override; Severity: warning
    @(74.4600 mm, 27.9000 mm): Footprint C314
[lib_footprint_issues]: The current configuration does not include the library ''.
    Local override; Severity: warning
    @(38.9000 mm, 5.8000 mm): Footprint U23
[lib_footprint_issues]: The current configuration does not include the library ''.
    Local override; Severity: warning
    @(95.2000 mm, 7.4000 mm): Footprint C407
[lib_footprint_issues]: The current configuration does not include the library ''.
    Local override; Severity: warning
    @(64.0500 mm, 24.4000 mm): Footprint C316
[lib_footprint_issues]: The current configuration does not include the library ''.
    Local override; Severity: warning
    @(13.2500 mm, 24.4000 mm): Footprint C116
[lib_footprint_issues]: The current configuration does not include the library ''.
    Local override; Severity: warning
    @(13.5000 mm, 5.8000 mm): Footprint U13
[lib_footprint_issues]: The current configuration does not include the library ''.
    Local override; Severity: warning
    @(19.0000 mm, 7.4000 mm): Footprint C107
[lib_footprint_issues]: The current configuration does not include the library ''.
    Local override; Severity: warning
    @(49.0600 mm, 27.9000 mm): Footprint C214
[lib_footprint_issues]: The current configuration does not include the library ''.
    Local override; Severity: warning
    @(35.0900 mm, 24.1000 mm): Footprint R24
[via_dangling]: Via is not connected or connected on only one layer
    Local override; Severity: warning
    @(16.4250 mm, 18.7000 mm): Via [+5V] on F.Cu - B.Cu
[via_dangling]: Via is not connected or connected on only one layer
    Local override; Severity: warning
    @(67.2250 mm, 18.7000 mm): Via [+5V] on F.Cu - B.Cu
[via_dangling]: Via is not connected or connected on only one layer
    Local override; Severity: warning
    @(92.6250 mm, 18.7000 mm): Via [+5V] on F.Cu - B.Cu
[via_dangling]: Via is not connected or connected on only one layer
    Local override; Severity: warning
    @(41.8250 mm, 18.7000 mm): Via [+5V] on F.Cu - B.Cu
[via_dangling]: Via is not connected or connected on only one layer
    Local override; Severity: warning
    @(88.5000 mm, 28.3500 mm): Via [GND] on F.Cu - B.Cu
[via_dangling]: Via is not connected or connected on only one layer
    Local override; Severity: warning
    @(45.9700 mm, 33.1500 mm): Via [GND] on F.Cu - B.Cu
[via_dangling]: Via is not connected or connected on only one layer
    Local override; Severity: warning
    @(49.0600 mm, 9.8300 mm): Via [GND] on F.Cu - B.Cu
[via_dangling]: Via is not connected or connected on only one layer
    Local override; Severity: warning
    @(102.2500 mm, 36.1250 mm): Via [GND] on F.Cu - B.Cu
[via_dangling]: Via is not connected or connected on only one layer
    Local override; Severity: warning
    @(106.6375 mm, 20.3700 mm): Via [GND] on F.Cu - B.Cu
[via_dangling]: Via is not connected or connected on only one layer
    Local override; Severity: warning
    @(64.3000 mm, 31.4000 mm): Via [GND] on F.Cu - B.Cu
[via_dangling]: Via is not connected or connected on only one layer
    Local override; Severity: warning
    @(54.0000 mm, 23.4200 mm): Via [GND] on F.Cu - B.Cu
[via_dangling]: Via is not connected or connected on only one layer
    Local override; Severity: warning
    @(46.5200 mm, 18.5500 mm): Via [GND] on F.Cu - B.Cu
[via_dangling]: Via is not connected or connected on only one layer
    Local override; Severity: warning
    @(59.7000 mm, 25.4000 mm): Via [GND] on F.Cu - B.Cu
[via_dangling]: Via is not connected or connected on only one layer
    Local override; Severity: warning
    @(20.5700 mm, 33.1500 mm): Via [GND] on F.Cu - B.Cu
[via_dangling]: Via is not connected or connected on only one layer
    Local override; Severity: warning
    @(46.3700 mm, 29.6500 mm): Via [GND] on F.Cu - B.Cu
[via_dangling]: Via is not connected or connected on only one layer
    Local override; Severity: warning
    @(88.7000 mm, 8.3850 mm): Via [GND] on F.Cu - B.Cu
[via_dangling]: Via is not connected or connected on only one layer
    Local override; Severity: warning
    @(14.7000 mm, 28.3500 mm): Via [GND] on F.Cu - B.Cu
[via_dangling]: Via is not connected or connected on only one layer
    Local override; Severity: warning
    @(90.9000 mm, 29.0000 mm): Via [GND] on F.Cu - B.Cu
[via_dangling]: Via is not connected or connected on only one layer
    Local override; Severity: warning
    @(38.6500 mm, 23.3000 mm): Via [GND] on F.Cu - B.Cu
[via_dangling]: Via is not connected or connected on only one layer
    Local override; Severity: warning
    @(40.1000 mm, 28.3500 mm): Via [GND] on F.Cu - B.Cu
[via_dangling]: Via is not connected or connected on only one layer
    Local override; Severity: warning
    @(13.2500 mm, 23.3000 mm): Via [GND] on F.Cu - B.Cu
[via_dangling]: Via is not connected or connected on only one layer
    Local override; Severity: warning
    @(40.1000 mm, 29.0000 mm): Via [GND] on F.Cu - B.Cu
[via_dangling]: Via is not connected or connected on only one layer
    Local override; Severity: warning
    @(63.9000 mm, 29.0000 mm): Via [GND] on F.Cu - B.Cu
[via_dangling]: Via is not connected or connected on only one layer
    Local override; Severity: warning
    @(26.2000 mm, 32.0300 mm): Via [GND] on F.Cu - B.Cu
[via_dangling]: Via is not connected or connected on only one layer
    Local override; Severity: warning
    @(18.5800 mm, 15.9000 mm): Via [GND] on F.Cu - B.Cu
[via_dangling]: Via is not connected or connected on only one layer
    Local override; Severity: warning
    @(69.3800 mm, 15.9000 mm): Via [GND] on F.Cu - B.Cu
[via_dangling]: Via is not connected or connected on only one layer
    Local override; Severity: warning
    @(21.1200 mm, 26.3200 mm): Via [GND] on F.Cu - B.Cu
[via_dangling]: Via is not connected or connected on only one layer
    Local override; Severity: warning
    @(99.8600 mm, 34.7100 mm): Via [GND] on F.Cu - B.Cu
[via_dangling]: Via is not connected or connected on only one layer
    Local override; Severity: warning
    @(13.9000 mm, 29.0000 mm): Via [GND] on F.Cu - B.Cu
[via_dangling]: Via is not connected or connected on only one layer
    Local override; Severity: warning
    @(99.8600 mm, 9.8300 mm): Via [GND] on F.Cu - B.Cu
[via_dangling]: Via is not connected or connected on only one layer
    Local override; Severity: warning
    @(54.0000 mm, 27.1200 mm): Via [GND] on F.Cu - B.Cu
[via_dangling]: Via is not connected or connected on only one layer
    Local override; Severity: warning
    @(105.9000 mm, 8.0000 mm): Via [GND] on F.Cu - B.Cu
[via_dangling]: Via is not connected or connected on only one layer
    Local override; Severity: warning
    @(89.3750 mm, 18.3000 mm): Via [GND] on F.Cu - B.Cu
[via_dangling]: Via is not connected or connected on only one layer
    Local override; Severity: warning
    @(97.1700 mm, 29.6500 mm): Via [GND] on F.Cu - B.Cu
[via_dangling]: Via is not connected or connected on only one layer
    Local override; Severity: warning
    @(38.5000 mm, 28.3500 mm): Via [GND] on F.Cu - B.Cu
[via_dangling]: Via is not connected or connected on only one layer
    Local override; Severity: warning
    @(46.5200 mm, 23.4000 mm): Via [GND] on F.Cu - B.Cu
[via_dangling]: Via is not connected or connected on only one layer
    Local override; Severity: warning
    @(13.1000 mm, 29.0000 mm): Via [GND] on F.Cu - B.Cu
[via_dangling]: Via is not connected or connected on only one layer
    Local override; Severity: warning
    @(96.7700 mm, 33.1500 mm): Via [GND] on F.Cu - B.Cu
[via_dangling]: Via is not connected or connected on only one layer
    Local override; Severity: warning
    @(67.8500 mm, 8.4000 mm): Via [GND] on F.Cu - B.Cu
[via_dangling]: Via is not connected or connected on only one layer
    Local override; Severity: warning
    @(7.9000 mm, 8.1000 mm): Via [GND] on F.Cu - B.Cu
[via_dangling]: Via is not connected or connected on only one layer
    Local override; Severity: warning
    @(39.3000 mm, 28.3500 mm): Via [GND] on F.Cu - B.Cu
[via_dangling]: Via is not connected or connected on only one layer
    Local override; Severity: warning
    @(44.3000 mm, 25.6000 mm): Via [GND] on F.Cu - B.Cu
[via_dangling]: Via is not connected or connected on only one layer
    Local override; Severity: warning
    @(88.5000 mm, 29.0000 mm): Via [GND] on F.Cu - B.Cu
[via_dangling]: Via is not connected or connected on only one layer
    Local override; Severity: warning
    @(23.6600 mm, 31.0100 mm): Via [GND] on F.Cu - B.Cu
[via_dangling]: Via is not connected or connected on only one layer
    Local override; Severity: warning
    @(41.8300 mm, 13.4500 mm): Via [GND] on F.Cu - B.Cu
[via_dangling]: Via is not connected or connected on only one layer
    Local override; Severity: warning
    @(78.8000 mm, 8.5550 mm): Via [GND] on F.Cu - B.Cu
[via_dangling]: Via is not connected or connected on only one layer
    Local override; Severity: warning
    @(26.2000 mm, 27.3400 mm): Via [GND] on F.Cu - B.Cu
[via_dangling]: Via is not connected or connected on only one layer
    Local override; Severity: warning
    @(64.0500 mm, 23.3000 mm): Via [GND] on F.Cu - B.Cu
[via_dangling]: Via is not connected or connected on only one layer
    Local override; Severity: warning
    @(3.2000 mm, 27.1200 mm): Via [GND] on F.Cu - B.Cu
[via_dangling]: Via is not connected or connected on only one layer
    Local override; Severity: warning
    @(63.3000 mm, 8.3850 mm): Via [GND] on F.Cu - B.Cu
[via_dangling]: Via is not connected or connected on only one layer
    Local override; Severity: warning
    @(99.8600 mm, 31.0100 mm): Via [GND] on F.Cu - B.Cu
[via_dangling]: Via is not connected or connected on only one layer
    Local override; Severity: warning
    @(17.0500 mm, 8.4000 mm): Via [GND] on F.Cu - B.Cu
[via_dangling]: Via is not connected or connected on only one layer
    Local override; Severity: warning
    @(77.0000 mm, 18.6000 mm): Via [GND] on F.Cu - B.Cu
[via_dangling]: Via is not connected or connected on only one layer
    Local override; Severity: warning
    @(8.9000 mm, 25.4000 mm): Via [GND] on F.Cu - B.Cu
[via_dangling]: Via is not connected or connected on only one layer
    Local override; Severity: warning
    @(65.5000 mm, 29.0000 mm): Via [GND] on F.Cu - B.Cu
[via_dangling]: Via is not connected or connected on only one layer
    Local override; Severity: warning
    @(79.4000 mm, 27.1200 mm): Via [GND] on F.Cu - B.Cu
[via_dangling]: Via is not connected or connected on only one layer
    Local override; Severity: warning
    @(24.5900 mm, 27.4200 mm): Via [GND] on F.Cu - B.Cu
[via_dangling]: Via is not connected or connected on only one layer
    Local override; Severity: warning
    @(14.7000 mm, 29.0000 mm): Via [GND] on F.Cu - B.Cu
[via_dangling]: Via is not connected or connected on only one layer
    Local override; Severity: warning
    @(95.1000 mm, 25.6000 mm): Via [GND] on F.Cu - B.Cu
[via_dangling]: Via is not connected or connected on only one layer
    Local override; Severity: warning
    @(33.3000 mm, 8.1000 mm): Via [GND] on F.Cu - B.Cu
[via_dangling]: Via is not connected or connected on only one layer
    Local override; Severity: warning
    @(77.0000 mm, 27.3400 mm): Via [GND] on F.Cu - B.Cu
[via_dangling]: Via is not connected or connected on only one layer
    Local override; Severity: warning
    @(74.4600 mm, 31.0100 mm): Via [GND] on F.Cu - B.Cu
[via_dangling]: Via is not connected or connected on only one layer
    Local override; Severity: warning
    @(75.3900 mm, 27.4200 mm): Via [GND] on F.Cu - B.Cu
[via_dangling]: Via is not connected or connected on only one layer
    Local override; Severity: warning
    @(37.7000 mm, 29.0000 mm): Via [GND] on F.Cu - B.Cu
[via_dangling]: Via is not connected or connected on only one layer
    Local override; Severity: warning
    @(106.4550 mm, 6.8000 mm): Via [GND] on F.Cu - B.Cu
[via_dangling]: Via is not connected or connected on only one layer
    Local override; Severity: warning
    @(13.5000 mm, 31.4000 mm): Via [GND] on F.Cu - B.Cu
[via_dangling]: Via is not connected or connected on only one layer
    Local override; Severity: warning
    @(28.6000 mm, 27.1200 mm): Via [GND] on F.Cu - B.Cu
[via_dangling]: Via is not connected or connected on only one layer
    Local override; Severity: warning
    @(63.1000 mm, 28.3500 mm): Via [GND] on F.Cu - B.Cu
[via_dangling]: Via is not connected or connected on only one layer
    Local override; Severity: warning
    @(97.3200 mm, 18.5500 mm): Via [GND] on F.Cu - B.Cu
[via_dangling]: Via is not connected or connected on only one layer
    Local override; Severity: warning
    @(3.2000 mm, 30.8200 mm): Via [GND] on F.Cu - B.Cu
[via_dangling]: Via is not connected or connected on only one layer
    Local override; Severity: warning
    @(90.1000 mm, 29.0000 mm): Via [GND] on F.Cu - B.Cu
[via_dangling]: Via is not connected or connected on only one layer
    Local override; Severity: warning
    @(79.4000 mm, 23.4200 mm): Via [GND] on F.Cu - B.Cu
[via_dangling]: Via is not connected or connected on only one layer
    Local override; Severity: warning
    @(63.9000 mm, 28.3500 mm): Via [GND] on F.Cu - B.Cu
[via_dangling]: Via is not connected or connected on only one layer
    Local override; Severity: warning
    @(77.0000 mm, 10.0550 mm): Via [GND] on F.Cu - B.Cu
[via_dangling]: Via is not connected or connected on only one layer
    Local override; Severity: warning
    @(62.3000 mm, 28.3500 mm): Via [GND] on F.Cu - B.Cu
[via_dangling]: Via is not connected or connected on only one layer
    Local override; Severity: warning
    @(2.6000 mm, 8.5550 mm): Via [GND] on F.Cu - B.Cu
[via_dangling]: Via is not connected or connected on only one layer
    Local override; Severity: warning
    @(71.7700 mm, 29.6500 mm): Via [GND] on F.Cu - B.Cu
[via_dangling]: Via is not connected or connected on only one layer
    Local override; Severity: warning
    @(49.0600 mm, 34.7100 mm): Via [GND] on F.Cu - B.Cu
[via_dangling]: Via is not connected or connected on only one layer
    Local override; Severity: warning
    @(51.6000 mm, 18.6000 mm): Via [GND] on F.Cu - B.Cu
[via_dangling]: Via is not connected or connected on only one layer
    Local override; Severity: warning
    @(21.1200 mm, 18.5500 mm): Via [GND] on F.Cu - B.Cu
[via_dangling]: Via is not connected or connected on only one layer
    Local override; Severity: warning
    @(74.4600 mm, 9.8300 mm): Via [GND] on F.Cu - B.Cu
[via_dangling]: Via is not connected or connected on only one layer
    Local override; Severity: warning
    @(90.9000 mm, 28.3500 mm): Via [GND] on F.Cu - B.Cu
[via_dangling]: Via is not connected or connected on only one layer
    Local override; Severity: warning
    @(77.0000 mm, 32.0300 mm): Via [GND] on F.Cu - B.Cu
[via_dangling]: Via is not connected or connected on only one layer
    Local override; Severity: warning
    @(11.5000 mm, 28.3500 mm): Via [GND] on F.Cu - B.Cu
[via_dangling]: Via is not connected or connected on only one layer
    Local override; Severity: warning
    @(112.0700 mm, 26.8000 mm): Via [GND] on F.Cu - B.Cu
[via_dangling]: Via is not connected or connected on only one layer
    Local override; Severity: warning
    @(102.4000 mm, 10.0550 mm): Via [GND] on F.Cu - B.Cu
[via_dangling]: Via is not connected or connected on only one layer
    Local override; Severity: warning
    @(102.4000 mm, 27.3400 mm): Via [GND] on F.Cu - B.Cu
[via_dangling]: Via is not connected or connected on only one layer
    Local override; Severity: warning
    @(56.6800 mm, 13.4200 mm): Via [GND] on F.Cu - B.Cu
[via_dangling]: Via is not connected or connected on only one layer
    Local override; Severity: warning
    @(64.7000 mm, 29.0000 mm): Via [GND] on F.Cu - B.Cu
[via_dangling]: Via is not connected or connected on only one layer
    Local override; Severity: warning
    @(42.4500 mm, 8.4000 mm): Via [GND] on F.Cu - B.Cu
[via_dangling]: Via is not connected or connected on only one layer
    Local override; Severity: warning
    @(12.3000 mm, 29.0000 mm): Via [GND] on F.Cu - B.Cu
[via_dangling]: Via is not connected or connected on only one layer
    Local override; Severity: warning
    @(28.0000 mm, 8.5550 mm): Via [GND] on F.Cu - B.Cu
[via_dangling]: Via is not connected or connected on only one layer
    Local override; Severity: warning
    @(46.5200 mm, 14.8200 mm): Via [GND] on F.Cu - B.Cu
[via_dangling]: Via is not connected or connected on only one layer
    Local override; Severity: warning
    @(49.0600 mm, 31.0100 mm): Via [GND] on F.Cu - B.Cu
[via_dangling]: Via is not connected or connected on only one layer
    Local override; Severity: warning
    @(71.9200 mm, 14.8200 mm): Via [GND] on F.Cu - B.Cu
[via_dangling]: Via is not connected or connected on only one layer
    Local override; Severity: warning
    @(89.4500 mm, 23.3000 mm): Via [GND] on F.Cu - B.Cu
[via_dangling]: Via is not connected or connected on only one layer
    Local override; Severity: warning
    @(85.1000 mm, 25.4000 mm): Via [GND] on F.Cu - B.Cu
[via_dangling]: Via is not connected or connected on only one layer
    Local override; Severity: warning
    @(46.5200 mm, 26.3200 mm): Via [GND] on F.Cu - B.Cu
[via_dangling]: Via is not connected or connected on only one layer
    Local override; Severity: warning
    @(39.3000 mm, 29.0000 mm): Via [GND] on F.Cu - B.Cu
[via_dangling]: Via is not connected or connected on only one layer
    Local override; Severity: warning
    @(16.4300 mm, 13.4500 mm): Via [GND] on F.Cu - B.Cu
[via_dangling]: Via is not connected or connected on only one layer
    Local override; Severity: warning
    @(90.2000 mm, 8.3850 mm): Via [GND] on F.Cu - B.Cu
[via_dangling]: Via is not connected or connected on only one layer
    Local override; Severity: warning
    @(19.0000 mm, 8.7800 mm): Via [GND] on F.Cu - B.Cu
[via_dangling]: Via is not connected or connected on only one layer
    Local override; Severity: warning
    @(3.2000 mm, 23.4200 mm): Via [GND] on F.Cu - B.Cu
[via_dangling]: Via is not connected or connected on only one layer
    Local override; Severity: warning
    @(13.9000 mm, 28.3500 mm): Via [GND] on F.Cu - B.Cu
[via_dangling]: Via is not connected or connected on only one layer
    Local override; Severity: warning
    @(36.9000 mm, 28.3500 mm): Via [GND] on F.Cu - B.Cu
[via_dangling]: Via is not connected or connected on only one layer
    Local override; Severity: warning
    @(53.4000 mm, 8.5550 mm): Via [GND] on F.Cu - B.Cu
[via_dangling]: Via is not connected or connected on only one layer
    Local override; Severity: warning
    @(69.7000 mm, 25.6000 mm): Via [GND] on F.Cu - B.Cu
[via_dangling]: Via is not connected or connected on only one layer
    Local override; Severity: warning
    @(107.6500 mm, 5.8800 mm): Via [GND] on F.Cu - B.Cu
[via_dangling]: Via is not connected or connected on only one layer
    Local override; Severity: warning
    @(21.1200 mm, 14.8200 mm): Via [GND] on F.Cu - B.Cu
[via_dangling]: Via is not connected or connected on only one layer
    Local override; Severity: warning
    @(20.9700 mm, 29.6500 mm): Via [GND] on F.Cu - B.Cu
[via_dangling]: Via is not connected or connected on only one layer
    Local override; Severity: warning
    @(37.7000 mm, 28.3500 mm): Via [GND] on F.Cu - B.Cu
[via_dangling]: Via is not connected or connected on only one layer
    Local override; Severity: warning
    @(28.6000 mm, 30.8200 mm): Via [GND] on F.Cu - B.Cu
[via_dangling]: Via is not connected or connected on only one layer
    Local override; Severity: warning
    @(54.0000 mm, 30.8200 mm): Via [GND] on F.Cu - B.Cu
[via_dangling]: Via is not connected or connected on only one layer
    Local override; Severity: warning
    @(90.1000 mm, 28.3500 mm): Via [GND] on F.Cu - B.Cu
[via_dangling]: Via is not connected or connected on only one layer
    Local override; Severity: warning
    @(105.9000 mm, 2.5000 mm): Via [GND] on F.Cu - B.Cu
[via_dangling]: Via is not connected or connected on only one layer
    Local override; Severity: warning
    @(13.1000 mm, 28.3500 mm): Via [GND] on F.Cu - B.Cu
[via_dangling]: Via is not connected or connected on only one layer
    Local override; Severity: warning
    @(63.1000 mm, 29.0000 mm): Via [GND] on F.Cu - B.Cu
[via_dangling]: Via is not connected or connected on only one layer
    Local override; Severity: warning
    @(44.4000 mm, 8.7800 mm): Via [GND] on F.Cu - B.Cu
[via_dangling]: Via is not connected or connected on only one layer
    Local override; Severity: warning
    @(106.4550 mm, 13.2000 mm): Via [GND] on F.Cu - B.Cu
[via_dangling]: Via is not connected or connected on only one layer
    Local override; Severity: warning
    @(13.1750 mm, 18.3000 mm): Via [GND] on F.Cu - B.Cu
[via_dangling]: Via is not connected or connected on only one layer
    Local override; Severity: warning
    @(97.3200 mm, 26.3200 mm): Via [GND] on F.Cu - B.Cu
[via_dangling]: Via is not connected or connected on only one layer
    Local override; Severity: warning
    @(12.5000 mm, 8.3850 mm): Via [GND] on F.Cu - B.Cu
[via_dangling]: Via is not connected or connected on only one layer
    Local override; Severity: warning
    @(51.6000 mm, 32.0300 mm): Via [GND] on F.Cu - B.Cu
[via_dangling]: Via is not connected or connected on only one layer
    Local override; Severity: warning
    @(74.4600 mm, 34.7100 mm): Via [GND] on F.Cu - B.Cu
[via_dangling]: Via is not connected or connected on only one layer
    Local override; Severity: warning
    @(79.4000 mm, 30.8200 mm): Via [GND] on F.Cu - B.Cu
[via_dangling]: Via is not connected or connected on only one layer
    Local override; Severity: warning
    @(38.5750 mm, 18.3000 mm): Via [GND] on F.Cu - B.Cu
[via_dangling]: Via is not connected or connected on only one layer
    Local override; Severity: warning
    @(82.0800 mm, 13.4200 mm): Via [GND] on F.Cu - B.Cu
[via_dangling]: Via is not connected or connected on only one layer
    Local override; Severity: warning
    @(12.3000 mm, 28.3500 mm): Via [GND] on F.Cu - B.Cu
[via_dangling]: Via is not connected or connected on only one layer
    Local override; Severity: warning
    @(28.6000 mm, 23.4200 mm): Via [GND] on F.Cu - B.Cu
[via_dangling]: Via is not connected or connected on only one layer
    Local override; Severity: warning
    @(91.7000 mm, 28.3500 mm): Via [GND] on F.Cu - B.Cu
[via_dangling]: Via is not connected or connected on only one layer
    Local override; Severity: warning
    @(21.1200 mm, 23.4000 mm): Via [GND] on F.Cu - B.Cu
[via_dangling]: Via is not connected or connected on only one layer
    Local override; Severity: warning
    @(40.9000 mm, 28.3500 mm): Via [GND] on F.Cu - B.Cu
[via_dangling]: Via is not connected or connected on only one layer
    Local override; Severity: warning
    @(34.3000 mm, 25.4000 mm): Via [GND] on F.Cu - B.Cu
[via_dangling]: Via is not connected or connected on only one layer
    Local override; Severity: warning
    @(65.5000 mm, 28.3500 mm): Via [GND] on F.Cu - B.Cu
[via_dangling]: Via is not connected or connected on only one layer
    Local override; Severity: warning
    @(26.2000 mm, 10.0550 mm): Via [GND] on F.Cu - B.Cu
[via_dangling]: Via is not connected or connected on only one layer
    Local override; Severity: warning
    @(31.2800 mm, 13.4200 mm): Via [GND] on F.Cu - B.Cu
[via_dangling]: Via is not connected or connected on only one layer
    Local override; Severity: warning
    @(64.7000 mm, 28.3500 mm): Via [GND] on F.Cu - B.Cu
[via_dangling]: Via is not connected or connected on only one layer
    Local override; Severity: warning
    @(97.3200 mm, 14.8200 mm): Via [GND] on F.Cu - B.Cu
[via_dangling]: Via is not connected or connected on only one layer
    Local override; Severity: warning
    @(102.4000 mm, 32.0300 mm): Via [GND] on F.Cu - B.Cu
[via_dangling]: Via is not connected or connected on only one layer
    Local override; Severity: warning
    @(26.2000 mm, 18.6000 mm): Via [GND] on F.Cu - B.Cu
[via_dangling]: Via is not connected or connected on only one layer
    Local override; Severity: warning
    @(38.9000 mm, 31.4000 mm): Via [GND] on F.Cu - B.Cu
[via_dangling]: Via is not connected or connected on only one layer
    Local override; Severity: warning
    @(69.8000 mm, 8.7800 mm): Via [GND] on F.Cu - B.Cu
[via_dangling]: Via is not connected or connected on only one layer
    Local override; Severity: warning
    @(71.9200 mm, 26.3200 mm): Via [GND] on F.Cu - B.Cu
[via_dangling]: Via is not connected or connected on only one layer
    Local override; Severity: warning
    @(18.9000 mm, 25.6000 mm): Via [GND] on F.Cu - B.Cu
[via_dangling]: Via is not connected or connected on only one layer
    Local override; Severity: warning
    @(101.1300 mm, 28.8800 mm): Via [GND] on F.Cu - B.Cu
[via_dangling]: Via is not connected or connected on only one layer
    Local override; Severity: warning
    @(95.2000 mm, 8.7800 mm): Via [GND] on F.Cu - B.Cu
[via_dangling]: Via is not connected or connected on only one layer
    Local override; Severity: warning
    @(112.0700 mm, 24.3000 mm): Via [GND] on F.Cu - B.Cu
[via_dangling]: Via is not connected or connected on only one layer
    Local override; Severity: warning
    @(94.7800 mm, 15.9000 mm): Via [GND] on F.Cu - B.Cu
[via_dangling]: Via is not connected or connected on only one layer
    Local override; Severity: warning
    @(100.7900 mm, 27.4200 mm): Via [GND] on F.Cu - B.Cu
[via_dangling]: Via is not connected or connected on only one layer
    Local override; Severity: warning
    @(38.5000 mm, 29.0000 mm): Via [GND] on F.Cu - B.Cu
[via_dangling]: Via is not connected or connected on only one layer
    Local override; Severity: warning
    @(89.3000 mm, 28.3500 mm): Via [GND] on F.Cu - B.Cu
[via_dangling]: Via is not connected or connected on only one layer
    Local override; Severity: warning
    @(93.2500 mm, 8.4000 mm): Via [GND] on F.Cu - B.Cu
[via_dangling]: Via is not connected or connected on only one layer
    Local override; Severity: warning
    @(43.9800 mm, 15.9000 mm): Via [GND] on F.Cu - B.Cu
[via_dangling]: Via is not connected or connected on only one layer
    Local override; Severity: warning
    @(107.5700 mm, 22.3000 mm): Via [GND] on F.Cu - B.Cu
[via_dangling]: Via is not connected or connected on only one layer
    Local override; Severity: warning
    @(23.6600 mm, 9.8300 mm): Via [GND] on F.Cu - B.Cu
[via_dangling]: Via is not connected or connected on only one layer
    Local override; Severity: warning
    @(102.4000 mm, 18.6000 mm): Via [GND] on F.Cu - B.Cu
[via_dangling]: Via is not connected or connected on only one layer
    Local override; Severity: warning
    @(97.3200 mm, 23.4000 mm): Via [GND] on F.Cu - B.Cu
[via_dangling]: Via is not connected or connected on only one layer
    Local override; Severity: warning
    @(105.9000 mm, 6.0000 mm): Via [GND] on F.Cu - B.Cu
[via_dangling]: Via is not connected or connected on only one layer
    Local override; Severity: warning
    @(58.7000 mm, 8.1000 mm): Via [GND] on F.Cu - B.Cu
[via_dangling]: Via is not connected or connected on only one layer
    Local override; Severity: warning
    @(51.6000 mm, 27.3400 mm): Via [GND] on F.Cu - B.Cu
[via_dangling]: Via is not connected or connected on only one layer
    Local override; Severity: warning
    @(92.6300 mm, 13.4500 mm): Via [GND] on F.Cu - B.Cu
[via_dangling]: Via is not connected or connected on only one layer
    Local override; Severity: warning
    @(67.2300 mm, 13.4500 mm): Via [GND] on F.Cu - B.Cu
[via_dangling]: Via is not connected or connected on only one layer
    Local override; Severity: warning
    @(51.6000 mm, 10.0550 mm): Via [GND] on F.Cu - B.Cu
[via_dangling]: Via is not connected or connected on only one layer
    Local override; Severity: warning
    @(71.9200 mm, 23.4000 mm): Via [GND] on F.Cu - B.Cu
[via_dangling]: Via is not connected or connected on only one layer
    Local override; Severity: warning
    @(84.1000 mm, 8.1000 mm): Via [GND] on F.Cu - B.Cu
[via_dangling]: Via is not connected or connected on only one layer
    Local override; Severity: warning
    @(89.3000 mm, 29.0000 mm): Via [GND] on F.Cu - B.Cu
[via_dangling]: Via is not connected or connected on only one layer
    Local override; Severity: warning
    @(5.8800 mm, 13.4200 mm): Via [GND] on F.Cu - B.Cu
[via_dangling]: Via is not connected or connected on only one layer
    Local override; Severity: warning
    @(89.7000 mm, 31.4000 mm): Via [GND] on F.Cu - B.Cu
[via_dangling]: Via is not connected or connected on only one layer
    Local override; Severity: warning
    @(71.9200 mm, 18.5500 mm): Via [GND] on F.Cu - B.Cu
[via_dangling]: Via is not connected or connected on only one layer
    Local override; Severity: warning
    @(106.4500 mm, 26.1450 mm): Via [GND] on F.Cu - B.Cu
[via_dangling]: Via is not connected or connected on only one layer
    Local override; Severity: warning
    @(37.9000 mm, 8.3850 mm): Via [GND] on F.Cu - B.Cu
[via_dangling]: Via is not connected or connected on only one layer
    Local override; Severity: warning
    @(49.9900 mm, 27.4200 mm): Via [GND] on F.Cu - B.Cu
[via_dangling]: Via is not connected or connected on only one layer
    Local override; Severity: warning
    @(39.4000 mm, 8.3850 mm): Via [GND] on F.Cu - B.Cu
[via_dangling]: Via is not connected or connected on only one layer
    Local override; Severity: warning
    @(63.9750 mm, 18.3000 mm): Via [GND] on F.Cu - B.Cu
[via_dangling]: Via is not connected or connected on only one layer
    Local override; Severity: warning
    @(23.6600 mm, 34.7100 mm): Via [GND] on F.Cu - B.Cu
[via_dangling]: Via is not connected or connected on only one layer
    Local override; Severity: warning
    @(64.8000 mm, 8.3850 mm): Via [GND] on F.Cu - B.Cu
[via_dangling]: Via is not connected or connected on only one layer
    Local override; Severity: warning
    @(107.6500 mm, 14.1200 mm): Via [GND] on F.Cu - B.Cu
[via_dangling]: Via is not connected or connected on only one layer
    Local override; Severity: warning
    @(14.0000 mm, 8.3850 mm): Via [GND] on F.Cu - B.Cu
[via_dangling]: Via is not connected or connected on only one layer
    Local override; Severity: warning
    @(87.7000 mm, 28.3500 mm): Via [GND] on F.Cu - B.Cu
[via_dangling]: Via is not connected or connected on only one layer
    Local override; Severity: warning
    @(71.3700 mm, 33.1500 mm): Via [GND] on F.Cu - B.Cu
[via_dangling]: Via is not connected or connected on only one layer
    Local override; Severity: warning
    @(105.9800 mm, 16.5300 mm): Via [GND] on F.Cu - B.Cu
[via_dangling]: Via is not connected or connected on only one layer
    Local override; Severity: warning
    @(5.8800 mm, 22.2000 mm): Via [+3V3] on F.Cu - B.Cu
[via_dangling]: Via is not connected or connected on only one layer
    Local override; Severity: warning
    @(8.4200 mm, 15.1375 mm): Via [+3V3] on F.Cu - B.Cu
[via_dangling]: Via is not connected or connected on only one layer
    Local override; Severity: warning
    @(71.9200 mm, 22.2400 mm): Via [+3V3] on F.Cu - B.Cu
[via_dangling]: Via is not connected or connected on only one layer
    Local override; Severity: warning
    @(84.1000 mm, 3.5000 mm): Via [+3V3] on F.Cu - B.Cu
[via_dangling]: Via is not connected or connected on only one layer
    Local override; Severity: warning
    @(78.8000 mm, 12.2450 mm): Via [+3V3] on F.Cu - B.Cu
[via_dangling]: Via is not connected or connected on only one layer
    Local override; Severity: warning
    @(109.8450 mm, 2.5000 mm): Via [+3V3] on F.Cu - B.Cu
[via_dangling]: Via is not connected or connected on only one layer
    Local override; Severity: warning
    @(7.9000 mm, 3.5000 mm): Via [+3V3] on F.Cu - B.Cu
[via_dangling]: Via is not connected or connected on only one layer
    Local override; Severity: warning
    @(59.2200 mm, 15.1375 mm): Via [+3V3] on F.Cu - B.Cu
[via_dangling]: Via is not connected or connected on only one layer
    Local override; Severity: warning
    @(5.8800 mm, 16.1800 mm): Via [+3V3] on F.Cu - B.Cu
[via_dangling]: Via is not connected or connected on only one layer
    Local override; Severity: warning
    @(33.8200 mm, 15.1375 mm): Via [+3V3] on F.Cu - B.Cu
[via_dangling]: Via is not connected or connected on only one layer
    Local override; Severity: warning
    @(107.9300 mm, 26.8000 mm): Via [+3V3] on F.Cu - B.Cu
[via_dangling]: Via is not connected or connected on only one layer
    Local override; Severity: warning
    @(28.0000 mm, 12.2450 mm): Via [+3V3] on F.Cu - B.Cu
[via_dangling]: Via is not connected or connected on only one layer
    Local override; Severity: warning
    @(54.0000 mm, 17.4000 mm): Via [+3V3] on F.Cu - B.Cu
[via_dangling]: Via is not connected or connected on only one layer
    Local override; Severity: warning
    @(3.2000 mm, 17.4000 mm): Via [+3V3] on F.Cu - B.Cu
[via_dangling]: Via is not connected or connected on only one layer
    Local override; Severity: warning
    @(107.9300 mm, 24.3000 mm): Via [+3V3] on F.Cu - B.Cu
[via_dangling]: Via is not connected or connected on only one layer
    Local override; Severity: warning
    @(28.6000 mm, 17.4000 mm): Via [+3V3] on F.Cu - B.Cu
[via_dangling]: Via is not connected or connected on only one layer
    Local override; Severity: warning
    @(31.2800 mm, 16.1800 mm): Via [+3V3] on F.Cu - B.Cu
[via_dangling]: Via is not connected or connected on only one layer
    Local override; Severity: warning
    @(33.3000 mm, 3.5000 mm): Via [+3V3] on F.Cu - B.Cu

** Found 311 unconnected pads **
[unconnected_items]: Missing connection between items
    Local override; Severity: error
    @(106.6375 mm, 17.5500 mm): Pad 6 [BST] of U5 on F.Cu
    @(107.3200 mm, 16.0000 mm): Pad 1 [BST] of C51 on F.Cu
[unconnected_items]: Missing connection between items
    Local override; Severity: error
    @(106.6375 mm, 18.5000 mm): Pad 5 [SW] of U5 on F.Cu
    @(108.6000 mm, 19.5000 mm): Pad 1 [SW] of L1 on F.Cu
[unconnected_items]: Missing connection between items
    Local override; Severity: error
    @(108.2800 mm, 16.0000 mm): Pad 2 [SW] of C51 on F.Cu
    @(106.6375 mm, 18.5000 mm): Pad 5 [SW] of U5 on F.Cu
[unconnected_items]: Missing connection between items
    Local override; Severity: error
    @(104.5500 mm, 22.3000 mm): Pad 1 [+5V] of C52 on F.Cu
    @(104.5500 mm, 24.8000 mm): Pad 1 [+5V] of C53 on F.Cu
[unconnected_items]: Missing connection between items
    Local override; Severity: error
    @(104.9900 mm, 27.3000 mm): Pad 1 [+5V] of R7 on F.Cu
    @(104.5500 mm, 24.8000 mm): Pad 1 [+5V] of C53 on F.Cu
[unconnected_items]: Missing connection between items
    Local override; Severity: error
    @(104.3625 mm, 19.4500 mm): Pad 3 [+5V] of U5 on F.Cu
    @(104.5500 mm, 22.3000 mm): Pad 1 [+5V] of C52 on F.Cu
[unconnected_items]: Missing connection between items
    Local override; Severity: error
    @(104.3625 mm, 19.4500 mm): Pad 3 [+5V] of U5 on F.Cu
    @(105.0200 mm, 15.6000 mm): Pad 1 [+5V] of C54 on F.Cu
[unconnected_items]: Missing connection between items
    Local override; Severity: error
    @(104.9900 mm, 27.3000 mm): Pad 1 [+5V] of R7 on F.Cu
    @(108.3500 mm, 30.5000 mm): Pad 1 [+5V] of JP1 on B.Cu
[unconnected_items]: Missing connection between items
    Local override; Severity: error
    @(104.5000 mm, 10.6000 mm): Pad 2 [+5V] of F1 on F.Cu
    @(105.0200 mm, 15.6000 mm): Pad 1 [+5V] of C54 on F.Cu
[unconnected_items]: Missing connection between items
    Local override; Severity: error
    @(46.5200 mm, 16.6800 mm): Pad 1 [+5V] of C219 on F.Cu
    @(41.8250 mm, 18.7000 mm): Via [+5V] on F.Cu - B.Cu
[unconnected_items]: Missing connection between items
    Local override; Severity: error
    @(71.9200 mm, 16.6800 mm): Pad 1 [+5V] of C319 on F.Cu
    @(67.2250 mm, 20.8625 mm): Track [+5V] on F.Cu, length 2.1625 mm
[unconnected_items]: Missing connection between items
    Local override; Severity: error
    @(21.1200 mm, 16.6800 mm): Pad 1 [+5V] of C119 on F.Cu
    @(16.4250 mm, 18.7000 mm): Via [+5V] on F.Cu - B.Cu
[unconnected_items]: Missing connection between items
    Local override; Severity: error
    @(92.6250 mm, 20.8625 mm): Track [+5V] on F.Cu, length 2.1625 mm
    @(97.3200 mm, 16.6800 mm): Pad 1 [+5V] of C419 on F.Cu
[unconnected_items]: Missing connection between items
    Local override; Severity: error
    @(104.3625 mm, 19.4500 mm): Pad 3 [+5V] of U5 on F.Cu
    @(97.3200 mm, 16.6800 mm): Pad 1 [+5V] of C419 on F.Cu
[unconnected_items]: Missing connection between items
    Local override; Severity: error
    @(92.6250 mm, 20.8625 mm): Track [+5V] on F.Cu, length 2.1625 mm
    @(71.9200 mm, 16.6800 mm): Pad 1 [+5V] of C319 on F.Cu
[unconnected_items]: Missing connection between items
    Local override; Severity: error
    @(41.8250 mm, 18.7000 mm): Via [+5V] on F.Cu - B.Cu
    @(21.1200 mm, 16.6800 mm): Pad 1 [+5V] of C119 on F.Cu
[unconnected_items]: Missing connection between items
    Local override; Severity: error
    @(67.2250 mm, 20.8625 mm): Track [+5V] on F.Cu, length 2.1625 mm
    @(46.5200 mm, 16.6800 mm): Pad 1 [+5V] of C219 on F.Cu
[unconnected_items]: Missing connection between items
    Local override; Severity: error
    @(88.4300 mm, 20.7250 mm): Track [GND] on B.Cu, length 1.8750 mm
    @(89.3750 mm, 20.8625 mm): Track [GND] on F.Cu, length 2.5625 mm
[unconnected_items]: Missing connection between items
    Local override; Severity: error
    @(12.2300 mm, 20.7250 mm): Track [GND] on B.Cu, length 1.8750 mm
    @(13.1750 mm, 20.8625 mm): Track [GND] on F.Cu, length 2.5625 mm
[unconnected_items]: Missing connection between items
    Local override; Severity: error
    @(63.0300 mm, 20.7250 mm): Track [GND] on B.Cu, length 1.8750 mm
    @(63.9750 mm, 20.8625 mm): Track [GND] on F.Cu, length 2.5625 mm
[unconnected_items]: Missing connection between items
    Local override; Severity: error
    @(37.6300 mm, 20.7250 mm): Track [GND] on B.Cu, length 1.8750 mm
    @(38.5750 mm, 20.8625 mm): Track [GND] on F.Cu, length 2.5625 mm
[unconnected_items]: Missing connection between items
    Local override; Severity: error
    @(105.0100 mm, 6.0000 mm): Track [GND] on F.Cu, length 0.8900 mm
    @(107.6500 mm, 6.8000 mm): Track [GND] on F.Cu, length 1.1950 mm
[unconnected_items]: Missing connection between items
    Local override; Severity: error
    @(88.4300 mm, 22.6000 mm): Track [GND] on B.Cu, length 2.5400 mm
    @(89.4500 mm, 23.9200 mm): Track [GND] on B.Cu, length 0.6200 mm
[unconnected_items]: Missing connection between items
    Local override; Severity: error
    @(13.2500 mm, 23.9200 mm): Track [GND] on B.Cu, length 0.6200 mm
    @(12.2300 mm, 20.7250 mm): Track [GND] on B.Cu, length 1.8750 mm
[unconnected_items]: Missing connection between items
    Local override; Severity: error
    @(37.6300 mm, 22.6000 mm): Track [GND] on B.Cu, length 2.5400 mm
    @(38.6500 mm, 23.9200 mm): Track [GND] on B.Cu, length 0.6200 mm
[unconnected_items]: Missing connection between items
    Local override; Severity: error
    @(64.0500 mm, 23.9200 mm): Track [GND] on B.Cu, length 0.6200 mm
    @(63.0300 mm, 22.6000 mm): Track [GND] on B.Cu, length 2.5400 mm
[unconnected_items]: Missing connection between items
    Local override; Severity: error
    @(101.1300 mm, 31.0750 mm): Track [GND] on B.Cu, length 2.1950 mm
    @(99.8600 mm, 31.9100 mm): Track [GND] on F.Cu, length 0.9000 mm
[unconnected_items]: Missing connection between items
    Local override; Severity: error
    @(107.6500 mm, 6.8000 mm): Track [GND] on F.Cu, length 1.1950 mm
    @(105.0100 mm, 8.0000 mm): Track [GND] on F.Cu, length 0.8900 mm
[unconnected_items]: Missing connection between items
    Local override; Severity: error
    @(102.4000 mm, 28.4100 mm): Track [GND] on F.Cu, length 1.0700 mm
    @(101.1300 mm, 31.0750 mm): Track [GND] on B.Cu, length 2.1950 mm
[unconnected_items]: Missing connection between items
    Local override; Severity: error
    @(101.1300 mm, 36.1250 mm): Track [GND] on B.Cu, length 1.1200 mm
    @(99.8600 mm, 35.6100 mm): Track [GND] on F.Cu, length 0.9000 mm
[unconnected_items]: Missing connection between items
    Local override; Severity: error
    @(99.8600 mm, 28.2100 mm): Track [GND] on F.Cu, length 0.9000 mm
    @(101.1300 mm, 31.0750 mm): Track [GND] on B.Cu, length 2.1950 mm
[unconnected_items]: Missing connection between items
    Local override; Severity: error
    @(12.5000 mm, 10.3050 mm): Track [GND] on F.Cu, length 1.9200 mm
    @(11.0000 mm, 10.3050 mm): Track [GND] on F.Cu, length 1.9200 mm
[unconnected_items]: Missing connection between items
    Local override; Severity: error
    @(12.5000 mm, 10.3050 mm): Track [GND] on F.Cu, length 1.9200 mm
    @(14.0000 mm, 10.3050 mm): Track [GND] on F.Cu, length 1.9200 mm
[unconnected_items]: Missing connection between items
    Local override; Severity: error
    @(88.7000 mm, 10.3050 mm): Track [GND] on F.Cu, length 1.9200 mm
    @(90.2000 mm, 10.3050 mm): Pad 11 [GND] of J4 on F.Cu
[unconnected_items]: Missing connection between items
    Local override; Severity: error
    @(37.9000 mm, 10.3050 mm): Track [GND] on F.Cu, length 1.9200 mm
    @(36.4000 mm, 10.3050 mm): Pad 5 [GND] of J2 on F.Cu
[unconnected_items]: Missing connection between items
    Local override; Severity: error
    @(88.7000 mm, 10.3050 mm): Track [GND] on F.Cu, length 1.9200 mm
    @(87.2000 mm, 10.3050 mm): Track [GND] on F.Cu, length 1.9200 mm
[unconnected_items]: Missing connection between items
    Local override; Severity: error
    @(63.3000 mm, 10.3050 mm): Track [GND] on F.Cu, length 1.9200 mm
    @(64.8000 mm, 10.3050 mm): Track [GND] on F.Cu, length 1.9200 mm
[unconnected_items]: Missing connection between items
    Local override; Severity: error
    @(39.4000 mm, 10.3050 mm): Track [GND] on F.Cu, length 1.9200 mm
    @(37.9000 mm, 10.3050 mm): Track [GND] on F.Cu, length 1.9200 mm
[unconnected_items]: Missing connection between items
    Local override; Severity: error
    @(63.3000 mm, 10.3050 mm): Track [GND] on F.Cu, length 1.9200 mm
    @(61.8000 mm, 10.3050 mm): Track [GND] on F.Cu, length 1.9200 mm
[unconnected_items]: Missing connection between items
    Local override; Severity: error
    @(102.4000 mm, 33.1000 mm): Track [GND] on F.Cu, length 1.0700 mm
    @(101.1300 mm, 31.0750 mm): Track [GND] on B.Cu, length 2.1950 mm
[unconnected_items]: Missing connection between items
    Local override; Severity: error
    @(63.9750 mm, 20.8625 mm): Track [GND] on F.Cu, length 2.5625 mm
    @(65.5700 mm, 20.7250 mm): Track [GND] on B.Cu, length 1.1750 mm
[unconnected_items]: Missing connection between items
    Local override; Severity: error
    @(13.1750 mm, 20.8625 mm): Track [GND] on F.Cu, length 2.5625 mm
    @(14.7700 mm, 20.7250 mm): Track [GND] on B.Cu, length 1.1750 mm
[unconnected_items]: Missing connection between items
    Local override; Severity: error
    @(38.5750 mm, 20.8625 mm): Track [GND] on F.Cu, length 2.5625 mm
    @(40.1700 mm, 20.7250 mm): Track [GND] on B.Cu, length 1.1750 mm
[unconnected_items]: Missing connection between items
    Local override; Severity: error
    @(90.9700 mm, 20.7250 mm): Track [GND] on B.Cu, length 1.1750 mm
    @(89.3750 mm, 20.8625 mm): Track [GND] on F.Cu, length 2.5625 mm
[unconnected_items]: Missing connection between items
    Local override; Severity: error
    @(49.0600 mm, 27.4200 mm): Track [GND] on B.Cu, length 0.9300 mm
    @(51.6000 mm, 28.4100 mm): Track [GND] on F.Cu, length 1.0700 mm
[unconnected_items]: Missing connection between items
    Local override; Severity: error
    @(74.4600 mm, 27.4200 mm): Track [GND] on B.Cu, length 0.9300 mm
    @(77.0000 mm, 28.4100 mm): Track [GND] on F.Cu, length 1.0700 mm
[unconnected_items]: Missing connection between items
    Local override; Severity: error
    @(23.6600 mm, 27.4200 mm): Track [GND] on B.Cu, length 0.9300 mm
    @(26.2000 mm, 28.4100 mm): Track [GND] on F.Cu, length 1.0700 mm
[unconnected_items]: Missing connection between items
    Local override; Severity: error
    @(77.0000 mm, 11.1250 mm): Track [GND] on B.Cu, length 1.0700 mm
    @(78.8000 mm, 9.6250 mm): Track [GND] on B.Cu, length 1.0700 mm
[unconnected_items]: Missing connection between items
    Local override; Severity: error
    @(26.2000 mm, 11.1250 mm): Track [GND] on B.Cu, length 1.0700 mm
    @(28.0000 mm, 9.6250 mm): Track [GND] on B.Cu, length 1.0700 mm
[unconnected_items]: Missing connection between items
    Local override; Severity: error
    @(51.6000 mm, 11.1250 mm): Track [GND] on B.Cu, length 1.0700 mm
    @(53.4000 mm, 9.6250 mm): Track [GND] on B.Cu, length 1.0700 mm
[unconnected_items]: Missing connection between items
    Local override; Severity: error
    @(93.5100 mm, 31.0750 mm): Track [GND] on B.Cu, length 2.7535 mm
    @(95.3750 mm, 31.1500 mm): Track [GND] on F.Cu, length 0.5000 mm
[unconnected_items]: Missing connection between items
    Local override; Severity: error
    @(69.9750 mm, 31.1500 mm): Track [GND] on F.Cu, length 0.5000 mm
    @(68.1100 mm, 31.0750 mm): Track [GND] on B.Cu, length 2.7535 mm
[unconnected_items]: Missing connection between items
    Local override; Severity: error
    @(19.1750 mm, 31.1500 mm): Track [GND] on F.Cu, length 0.5000 mm
    @(17.3100 mm, 31.0750 mm): Track [GND] on B.Cu, length 2.7535 mm
[unconnected_items]: Missing connection between items
    Local override; Severity: error
    @(42.7100 mm, 31.0750 mm): Track [GND] on B.Cu, length 2.7535 mm
    @(44.5750 mm, 30.6500 mm): Track [GND] on F.Cu, length 0.5000 mm
[unconnected_items]: Missing connection between items
    Local override; Severity: error
    @(44.4000 mm, 7.8800 mm): Track [GND] on B.Cu, length 0.9000 mm
    @(46.1500 mm, 9.5450 mm): PTH pad SH [GND] of J2
[unconnected_items]: Missing connection between items
    Local override; Severity: error
    @(95.2000 mm, 7.8800 mm): Track [GND] on B.Cu, length 0.9000 mm
    @(96.9500 mm, 9.5450 mm): PTH pad SH [GND] of J4
[unconnected_items]: Missing connection between items
    Local override; Severity: error
    @(71.5500 mm, 9.5450 mm): PTH pad SH [GND] of J3
    @(69.8000 mm, 7.8800 mm): Track [GND] on B.Cu, length 0.9000 mm
[unconnected_items]: Missing connection between items
    Local override; Severity: error
    @(20.7500 mm, 9.5450 mm): PTH pad SH [GND] of J1
    @(19.0000 mm, 7.8800 mm): Track [GND] on B.Cu, length 0.9000 mm
[unconnected_items]: Missing connection between items
    Local override; Severity: error
    @(106.4500 mm, 22.3000 mm): Pad 2 [GND] of C52 on F.Cu
    @(106.6375 mm, 19.4500 mm): Track [GND] on F.Cu, length 0.9200 mm
[unconnected_items]: Missing connection between items
    Local override; Severity: error
    @(93.2000 mm, 10.3050 mm): Track [GND] on F.Cu, length 1.9057 mm
    @(95.2000 mm, 7.8800 mm): Track [GND] on B.Cu, length 0.9000 mm
[unconnected_items]: Missing connection between items
    Local override; Severity: error
    @(67.8000 mm, 10.3050 mm): Track [GND] on F.Cu, length 1.9057 mm
    @(69.8000 mm, 7.8800 mm): Track [GND] on B.Cu, length 0.9000 mm
[unconnected_items]: Missing connection between items
    Local override; Severity: error
    @(19.0000 mm, 7.8800 mm): Track [GND] on B.Cu, length 0.9000 mm
    @(17.0000 mm, 10.3050 mm): Track [GND] on F.Cu, length 1.9057 mm
[unconnected_items]: Missing connection between items
    Local override; Severity: error
    @(44.4000 mm, 7.8800 mm): Track [GND] on B.Cu, length 0.9000 mm
    @(42.4000 mm, 10.3050 mm): Track [GND] on F.Cu, length 1.9057 mm
[unconnected_items]: Missing connection between items
    Local override; Severity: error
    @(97.3200 mm, 24.2900 mm): Track [GND] on F.Cu, length 0.8900 mm
    @(97.3200 mm, 27.2200 mm): Track [GND] on F.Cu, length 0.9000 mm
[unconnected_items]: Missing connection between items
    Local override; Severity: error
    @(71.9200 mm, 24.2900 mm): Pad 2 [GND] of R31 on F.Cu
    @(71.9200 mm, 27.2200 mm): Track [GND] on F.Cu, length 0.9000 mm
[unconnected_items]: Missing connection between items
    Local override; Severity: error
    @(46.5200 mm, 27.2200 mm): Track [GND] on F.Cu, length 0.9000 mm
    @(46.5200 mm, 24.2900 mm): Track [GND] on F.Cu, length 0.8900 mm
[unconnected_items]: Missing connection between items
    Local override; Severity: error
    @(21.1200 mm, 24.2900 mm): Track [GND] on F.Cu, length 0.8900 mm
    @(21.1200 mm, 27.2200 mm): Track [GND] on F.Cu, length 0.9000 mm
[unconnected_items]: Missing connection between items
    Local override; Severity: error
    @(94.7800 mm, 15.0800 mm): Track [GND] on F.Cu, length 0.8200 mm
    @(92.6300 mm, 15.1375 mm): Track [GND] on F.Cu, length 1.6875 mm
[unconnected_items]: Missing connection between items
    Local override; Severity: error
    @(69.3800 mm, 15.0800 mm): Track [GND] on F.Cu, length 0.8200 mm
    @(67.2300 mm, 15.1375 mm): Track [GND] on F.Cu, length 1.6875 mm
[unconnected_items]: Missing connection between items
    Local override; Severity: error
    @(16.4300 mm, 15.1375 mm): Track [GND] on F.Cu, length 1.6875 mm
    @(18.5800 mm, 15.0800 mm): Track [GND] on F.Cu, length 0.8200 mm
[unconnected_items]: Missing connection between items
    Local override; Severity: error
    @(43.9800 mm, 15.0800 mm): Track [GND] on F.Cu, length 0.8200 mm
    @(41.8300 mm, 15.1375 mm): Track [GND] on F.Cu, length 1.6875 mm
[unconnected_items]: Missing connection between items
    Local override; Severity: error
    @(61.1500 mm, 8.1000 mm): Track [GND] on B.Cu, length 2.4500 mm
    @(57.0500 mm, 9.5450 mm): PTH pad SH [GND] of J3
[unconnected_items]: Missing connection between items
    Local override; Severity: error
    @(10.3500 mm, 8.1000 mm): Track [GND] on B.Cu, length 2.4500 mm
    @(6.2500 mm, 9.5450 mm): PTH pad SH [GND] of J1
[unconnected_items]: Missing connection between items
    Local override; Severity: error
    @(31.6500 mm, 9.5450 mm): PTH pad SH [GND] of J2
    @(35.7500 mm, 8.1000 mm): Track [GND] on B.Cu, length 2.4500 mm
[unconnected_items]: Missing connection between items
    Local override; Severity: error
    @(86.5500 mm, 8.1000 mm): Track [GND] on B.Cu, length 2.4500 mm
    @(82.4500 mm, 9.5450 mm): PTH pad SH [GND] of J4
[unconnected_items]: Missing connection between items
    Local override; Severity: error
    @(43.9800 mm, 22.9000 mm): Track [GND] on B.Cu, length 0.4386 mm
    @(46.5200 mm, 24.2900 mm): Track [GND] on F.Cu, length 0.8900 mm
[unconnected_items]: Missing connection between items
    Local override; Severity: error
    @(69.7000 mm, 23.2000 mm): Track [GND] on B.Cu, length 2.4000 mm
    @(71.9200 mm, 24.2900 mm): Track [GND] on F.Cu, length 0.8900 mm
[unconnected_items]: Missing connection between items
    Local override; Severity: error
    @(21.1200 mm, 24.2900 mm): Track [GND] on F.Cu, length 0.8900 mm
    @(18.5800 mm, 22.9000 mm): Track [GND] on B.Cu, length 0.4386 mm
[unconnected_items]: Missing connection between items
    Local override; Severity: error
    @(97.3200 mm, 24.2900 mm): Track [GND] on F.Cu, length 0.8900 mm
    @(94.7800 mm, 22.9000 mm): Track [GND] on B.Cu, length 0.4386 mm
[unconnected_items]: Missing connection between items
    Local override; Severity: error
    @(107.6500 mm, 13.2000 mm): Track [GND] on F.Cu, length 0.9200 mm
    @(105.9800 mm, 15.6000 mm): Track [GND] on F.Cu, length 0.9300 mm
[unconnected_items]: Missing connection between items
    Local override; Severity: error
    @(28.6000 mm, 28.0200 mm): Track [GND] on F.Cu, length 0.9000 mm
    @(26.2000 mm, 28.4100 mm): Track [GND] on F.Cu, length 1.0700 mm
[unconnected_items]: Missing connection between items
    Local override; Severity: error
    @(77.0000 mm, 28.4100 mm): Track [GND] on F.Cu, length 1.0700 mm
    @(79.4000 mm, 28.0200 mm): Track [GND] on F.Cu, length 0.9000 mm
[unconnected_items]: Missing connection between items
    Local override; Severity: error
    @(54.0000 mm, 28.0200 mm): Track [GND] on F.Cu, length 0.9000 mm
    @(51.6000 mm, 28.4100 mm): Track [GND] on F.Cu, length 1.0700 mm
[unconnected_items]: Missing connection between items
    Local override; Severity: error
    @(77.0000 mm, 33.1000 mm): Track [GND] on F.Cu, length 1.0700 mm
    @(79.4000 mm, 31.7200 mm): Track [GND] on F.Cu, length 0.9000 mm
[unconnected_items]: Missing connection between items
    Local override; Severity: error
    @(28.6000 mm, 31.7200 mm): Track [GND] on F.Cu, length 0.9000 mm
    @(26.2000 mm, 33.1000 mm): Track [GND] on F.Cu, length 1.0700 mm
[unconnected_items]: Missing connection between items
    Local override; Severity: error
    @(51.6000 mm, 33.1000 mm): Track [GND] on F.Cu, length 1.0700 mm
    @(54.0000 mm, 31.7200 mm): Track [GND] on F.Cu, length 0.9000 mm
[unconnected_items]: Missing connection between items
    Local override; Severity: error
    @(21.1200 mm, 27.2200 mm): Track [GND] on F.Cu, length 0.9000 mm
    @(19.1750 mm, 29.6500 mm): Track [GND] on F.Cu, length 1.7950 mm
[unconnected_items]: Missing connection between items
    Local override; Severity: error
    @(97.3200 mm, 27.2200 mm): Track [GND] on F.Cu, length 0.9000 mm
    @(95.3750 mm, 29.6500 mm): Track [GND] on F.Cu, length 1.7950 mm
[unconnected_items]: Missing connection between items
    Local override; Severity: error
    @(44.5750 mm, 29.6500 mm): Track [GND] on F.Cu, length 1.7950 mm
    @(46.5200 mm, 27.2200 mm): Track [GND] on F.Cu, length 0.9000 mm
[unconnected_items]: Missing connection between items
    Local override; Severity: error
    @(71.9200 mm, 27.2200 mm): Track [GND] on F.Cu, length 0.9000 mm
    @(69.9750 mm, 29.6500 mm): Track [GND] on F.Cu, length 1.7950 mm
[unconnected_items]: Missing connection between items
    Local override; Severity: error
    @(110.9500 mm, 26.8000 mm): Track [GND] on F.Cu, length 1.1200 mm
    @(110.9500 mm, 24.3000 mm): Track [GND] on F.Cu, length 1.1200 mm
[unconnected_items]: Missing connection between items
    Local override; Severity: error
    @(106.4500 mm, 24.8000 mm): Track [GND] on F.Cu, length 1.3450 mm
    @(106.4500 mm, 22.3000 mm): Pad 2 [GND] of C52 on F.Cu
[unconnected_items]: Missing connection between items
    Local override; Severity: error
    @(97.3200 mm, 27.2200 mm): Track [GND] on F.Cu, length 0.9000 mm
    @(99.8600 mm, 28.2100 mm): Track [GND] on F.Cu, length 0.9000 mm
[unconnected_items]: Missing connection between items
    Local override; Severity: error
    @(74.4600 mm, 28.2100 mm): Track [GND] on F.Cu, length 0.9000 mm
    @(71.9200 mm, 27.2200 mm): Track [GND] on F.Cu, length 0.9000 mm
[unconnected_items]: Missing connection between items
    Local override; Severity: error
    @(21.1200 mm, 27.2200 mm): Track [GND] on F.Cu, length 0.9000 mm
    @(23.6600 mm, 28.2100 mm): Track [GND] on F.Cu, length 0.9000 mm
[unconnected_items]: Missing connection between items
    Local override; Severity: error
    @(46.5200 mm, 27.2200 mm): Track [GND] on F.Cu, length 0.9000 mm
    @(49.0600 mm, 28.2100 mm): Track [GND] on F.Cu, length 0.9000 mm
[unconnected_items]: Missing connection between items
    Local override; Severity: error
    @(51.6000 mm, 33.1000 mm): Track [GND] on F.Cu, length 1.0700 mm
    @(49.0600 mm, 31.9100 mm): Track [GND] on F.Cu, length 0.9000 mm
[unconnected_items]: Missing connection between items
    Local override; Severity: error
    @(26.2000 mm, 33.1000 mm): Track [GND] on F.Cu, length 1.0700 mm
    @(23.6600 mm, 31.9100 mm): Pad 2 [GND] of C110 on F.Cu
[unconnected_items]: Missing connection between items
    Local override; Severity: error
    @(77.0000 mm, 33.1000 mm): Track [GND] on F.Cu, length 1.0700 mm
    @(74.4600 mm, 31.9100 mm): Track [GND] on F.Cu, length 0.9000 mm
[unconnected_items]: Missing connection between items
    Local override; Severity: error
    @(51.6000 mm, 11.1250 mm): Track [GND] on B.Cu, length 1.0700 mm
    @(49.0600 mm, 10.9500 mm): Track [GND] on B.Cu, length 1.1200 mm
[unconnected_items]: Missing connection between items
    Local override; Severity: error
    @(23.6600 mm, 10.9500 mm): Track [GND] on B.Cu, length 1.1200 mm
    @(26.2000 mm, 11.1250 mm): Track [GND] on B.Cu, length 1.0700 mm
[unconnected_items]: Missing connection between items
    Local override; Severity: error
    @(77.0000 mm, 11.1250 mm): Track [GND] on B.Cu, length 1.0700 mm
    @(74.4600 mm, 10.9500 mm): Track [GND] on B.Cu, length 1.1200 mm
[unconnected_items]: Missing connection between items
    Local override; Severity: error
    @(99.8600 mm, 10.9500 mm): Track [GND] on B.Cu, length 1.1200 mm
    @(102.4000 mm, 11.1250 mm): Track [GND] on B.Cu, length 1.0700 mm
[unconnected_items]: Missing connection between items
    Local override; Severity: error
    @(43.9800 mm, 15.0800 mm): Track [GND] on F.Cu, length 0.8200 mm
    @(46.5200 mm, 15.7200 mm): Track [GND] on F.Cu, length 0.9000 mm
[unconnected_items]: Missing connection between items
    Local override; Severity: error
    @(21.1200 mm, 15.7200 mm): Track [GND] on F.Cu, length 0.9000 mm
    @(18.5800 mm, 15.0800 mm): Track [GND] on F.Cu, length 0.8200 mm
[unconnected_items]: Missing connection between items
    Local override; Severity: error
    @(71.9200 mm, 15.7200 mm): Pad 2 [GND] of C319 on F.Cu
    @(69.3800 mm, 15.0800 mm): Track [GND] on F.Cu, length 0.8200 mm
[unconnected_items]: Missing connection between items
    Local override; Severity: error
    @(97.3200 mm, 15.7200 mm): Track [GND] on F.Cu, length 0.9000 mm
    @(94.7800 mm, 15.0800 mm): Track [GND] on F.Cu, length 0.8200 mm
[unconnected_items]: Missing connection between items
    Local override; Severity: error
    @(79.4000 mm, 24.3200 mm): Track [GND] on F.Cu, length 0.9000 mm
    @(79.4000 mm, 28.0200 mm): Track [GND] on F.Cu, length 0.9000 mm
[unconnected_items]: Missing connection between items
    Local override; Severity: error
    @(23.6600 mm, 35.6100 mm): Track [GND] on F.Cu, length 0.9000 mm
    @(23.6600 mm, 31.9100 mm): Pad 2 [GND] of C110 on F.Cu
[unconnected_items]: Missing connection between items
    Local override; Severity: error
    @(49.0600 mm, 31.9100 mm): Track [GND] on F.Cu, length 0.9000 mm
    @(49.0600 mm, 28.2100 mm): Track [GND] on F.Cu, length 0.9000 mm
[unconnected_items]: Missing connection between items
    Local override; Severity: error
    @(23.6600 mm, 31.9100 mm): Track [GND] on F.Cu, length 0.9000 mm
    @(23.6600 mm, 28.2100 mm): Track [GND] on F.Cu, length 0.9000 mm
[unconnected_items]: Missing connection between items
    Local override; Severity: error
    @(54.0000 mm, 28.0200 mm): Track [GND] on F.Cu, length 0.9000 mm
    @(54.0000 mm, 24.3200 mm): Track [GND] on F.Cu, length 0.9000 mm
[unconnected_items]: Missing connection between items
    Local override; Severity: error
    @(79.4000 mm, 28.0200 mm): Track [GND] on F.Cu, length 0.9000 mm
    @(79.4000 mm, 31.7200 mm): Track [GND] on F.Cu, length 0.9000 mm
[unconnected_items]: Missing connection between items
    Local override; Severity: error
    @(99.8600 mm, 35.6100 mm): Track [GND] on F.Cu, length 0.9000 mm
    @(99.8600 mm, 31.9100 mm): Track [GND] on F.Cu, length 0.9000 mm
[unconnected_items]: Missing connection between items
    Local override; Severity: error
    @(28.6000 mm, 24.3200 mm): Track [GND] on F.Cu, length 0.9000 mm
    @(28.6000 mm, 28.0200 mm): Track [GND] on F.Cu, length 0.9000 mm
[unconnected_items]: Missing connection between items
    Local override; Severity: error
    @(74.4600 mm, 31.9100 mm): Track [GND] on F.Cu, length 0.9000 mm
    @(74.4600 mm, 35.6100 mm): Track [GND] on F.Cu, length 0.9000 mm
[unconnected_items]: Missing connection between items
    Local override; Severity: error
    @(49.0600 mm, 35.6100 mm): Track [GND] on F.Cu, length 0.9000 mm
    @(49.0600 mm, 31.9100 mm): Track [GND] on F.Cu, length 0.9000 mm
[unconnected_items]: Missing connection between items
    Local override; Severity: error
    @(3.2000 mm, 30.8200 mm): Via [GND] on F.Cu - B.Cu
    @(3.2000 mm, 28.0200 mm): Pad 2 [GND] of C105 on F.Cu
[unconnected_items]: Missing connection between items
    Local override; Severity: error
    @(3.2000 mm, 28.0200 mm): Track [GND] on F.Cu, length 0.9000 mm
    @(3.2000 mm, 24.3200 mm): Track [GND] on F.Cu, length 0.9000 mm
[unconnected_items]: Missing connection between items
    Local override; Severity: error
    @(97.3200 mm, 15.7200 mm): Track [GND] on F.Cu, length 0.9000 mm
    @(97.3200 mm, 19.6200 mm): Track [GND] on F.Cu, length 1.0700 mm
[unconnected_items]: Missing connection between items
    Local override; Severity: error
    @(46.5200 mm, 15.7200 mm): Track [GND] on F.Cu, length 0.9000 mm
    @(46.5200 mm, 19.6200 mm): Track [GND] on F.Cu, length 1.0700 mm
[unconnected_items]: Missing connection between items
    Local override; Severity: error
    @(71.9200 mm, 15.7200 mm): Pad 2 [GND] of C319 on F.Cu
    @(71.9200 mm, 19.6200 mm): Track [GND] on F.Cu, length 1.0700 mm
[unconnected_items]: Missing connection between items
    Local override; Severity: error
    @(21.1200 mm, 19.6200 mm): Track [GND] on F.Cu, length 1.0700 mm
    @(21.1200 mm, 15.7200 mm): Track [GND] on F.Cu, length 0.9000 mm
[unconnected_items]: Missing connection between items
    Local override; Severity: error
    @(46.1500 mm, 9.5450 mm): PTH pad SH [GND] of J2
    @(49.0600 mm, 10.9500 mm): Track [GND] on B.Cu, length 1.1200 mm
[unconnected_items]: Missing connection between items
    Local override; Severity: error
    @(71.5500 mm, 9.5450 mm): PTH pad SH [GND] of J3
    @(74.4600 mm, 10.9500 mm): Track [GND] on B.Cu, length 1.1200 mm
[unconnected_items]: Missing connection between items
    Local override; Severity: error
    @(20.7500 mm, 9.5450 mm): PTH pad SH [GND] of J1
    @(23.6600 mm, 10.9500 mm): Track [GND] on B.Cu, length 1.1200 mm
[unconnected_items]: Missing connection between items
    Local override; Severity: error
    @(99.8600 mm, 10.9500 mm): Track [GND] on B.Cu, length 1.1200 mm
    @(96.9500 mm, 9.5450 mm): PTH pad SH [GND] of J4
[unconnected_items]: Missing connection between items
    Local override; Severity: error
    @(105.9800 mm, 15.6000 mm): Track [GND] on F.Cu, length 0.9300 mm
    @(106.6375 mm, 19.4500 mm): Track [GND] on F.Cu, length 0.9200 mm
[unconnected_items]: Missing connection between items
    Local override; Severity: error
    @(42.4000 mm, 10.3050 mm): Track [GND] on F.Cu, length 1.9057 mm
    @(39.4000 mm, 10.3050 mm): Track [GND] on F.Cu, length 1.9200 mm
[unconnected_items]: Missing connection between items
    Local override; Severity: error
    @(67.8000 mm, 10.3050 mm): Track [GND] on F.Cu, length 1.9057 mm
    @(64.8000 mm, 10.3050 mm): Track [GND] on F.Cu, length 1.9200 mm
[unconnected_items]: Missing connection between items
    Local override; Severity: error
    @(17.0000 mm, 10.3050 mm): Track [GND] on F.Cu, length 1.9057 mm
    @(14.0000 mm, 10.3050 mm): Track [GND] on F.Cu, length 1.9200 mm
[unconnected_items]: Missing connection between items
    Local override; Severity: error
    @(90.2000 mm, 10.3050 mm): Pad 11 [GND] of J4 on F.Cu
    @(93.2000 mm, 10.3050 mm): Track [GND] on F.Cu, length 1.9057 mm
[unconnected_items]: Missing connection between items
    Local override; Severity: error
    @(102.4000 mm, 33.1000 mm): Track [GND] on F.Cu, length 1.0700 mm
    @(105.5000 mm, 33.5400 mm): PTH pad 2 [GND] of J6
[unconnected_items]: Missing connection between items
    Local override; Severity: error
    @(92.6300 mm, 15.1375 mm): Track [GND] on F.Cu, length 1.6875 mm
    @(93.2000 mm, 10.3050 mm): Track [GND] on F.Cu, length 1.9057 mm
[unconnected_items]: Missing connection between items
    Local override; Severity: error
    @(41.8300 mm, 15.1375 mm): Track [GND] on F.Cu, length 1.6875 mm
    @(42.4000 mm, 10.3050 mm): Track [GND] on F.Cu, length 1.9057 mm
[unconnected_items]: Missing connection between items
    Local override; Severity: error
    @(17.0000 mm, 10.3050 mm): Track [GND] on F.Cu, length 1.9057 mm
    @(16.4300 mm, 15.1375 mm): Track [GND] on F.Cu, length 1.6875 mm
[unconnected_items]: Missing connection between items
    Local override; Severity: error
    @(67.2300 mm, 15.1375 mm): Track [GND] on F.Cu, length 1.6875 mm
    @(67.8000 mm, 10.3050 mm): Track [GND] on F.Cu, length 1.9057 mm
[unconnected_items]: Missing connection between items
    Local override; Severity: error
    @(92.6250 mm, 15.1375 mm): Pad 14 [GND] of U42 on F.Cu
    @(89.3750 mm, 15.1375 mm): Track [GND] on F.Cu, length 3.1625 mm
[unconnected_items]: Missing connection between items
    Local override; Severity: error
    @(63.9750 mm, 15.1375 mm): Track [GND] on F.Cu, length 3.1625 mm
    @(67.2250 mm, 15.1375 mm): Pad 14 [GND] of U32 on F.Cu
[unconnected_items]: Missing connection between items
    Local override; Severity: error
    @(38.5750 mm, 15.1375 mm): Track [GND] on F.Cu, length 3.1625 mm
    @(41.8250 mm, 15.1375 mm): Pad 14 [GND] of U22 on F.Cu
[unconnected_items]: Missing connection between items
    Local override; Severity: error
    @(13.1750 mm, 15.1375 mm): Track [GND] on F.Cu, length 3.1625 mm
    @(16.4250 mm, 15.1375 mm): Pad 14 [GND] of U12 on F.Cu
[unconnected_items]: Missing connection between items
    Local override; Severity: error
    @(105.0100 mm, 8.0000 mm): Track [GND] on F.Cu, length 0.8900 mm
    @(102.4000 mm, 11.1250 mm): Track [GND] on B.Cu, length 1.0700 mm
[unconnected_items]: Missing connection between items
    Local override; Severity: error
    @(105.0100 mm, 6.0000 mm): Track [GND] on F.Cu, length 0.8900 mm
    @(105.0100 mm, 2.5000 mm): Track [GND] on F.Cu, length 0.8900 mm
[unconnected_items]: Missing connection between items
    Local override; Severity: error
    @(28.0000 mm, 9.6250 mm): Track [GND] on B.Cu, length 1.0700 mm
    @(31.6500 mm, 9.5450 mm): PTH pad SH [GND] of J2
[unconnected_items]: Missing connection between items
    Local override; Severity: error
    @(82.4500 mm, 9.5450 mm): PTH pad SH [GND] of J4
    @(78.8000 mm, 9.6250 mm): Track [GND] on B.Cu, length 1.0700 mm
[unconnected_items]: Missing connection between items
    Local override; Severity: error
    @(53.4000 mm, 9.6250 mm): Track [GND] on B.Cu, length 1.0700 mm
    @(57.0500 mm, 9.5450 mm): PTH pad SH [GND] of J3
[unconnected_items]: Missing connection between items
    Local override; Severity: error
    @(2.6000 mm, 9.6250 mm): Track [GND] on B.Cu, length 1.0700 mm
    @(6.2500 mm, 9.5450 mm): PTH pad SH [GND] of J1
[unconnected_items]: Missing connection between items
    Local override; Severity: error
    @(6.2500 mm, 9.5450 mm): PTH pad SH [GND] of J1
    @(5.8800 mm, 14.3200 mm): Track [GND] on F.Cu, length 0.9000 mm
[unconnected_items]: Missing connection between items
    Local override; Severity: error
    @(57.0500 mm, 9.5450 mm): PTH pad SH [GND] of J3
    @(56.6800 mm, 14.3200 mm): Track [GND] on F.Cu, length 0.9000 mm
[unconnected_items]: Missing connection between items
    Local override; Severity: error
    @(82.4500 mm, 9.5450 mm): PTH pad SH [GND] of J4
    @(82.0800 mm, 14.3200 mm): Track [GND] on F.Cu, length 0.9000 mm
[unconnected_items]: Missing connection between items
    Local override; Severity: error
    @(31.6500 mm, 9.5450 mm): PTH pad SH [GND] of J2
    @(31.2800 mm, 14.3200 mm): Track [GND] on F.Cu, length 0.9000 mm
[unconnected_items]: Missing connection between items
    Local override; Severity: error
    @(106.4500 mm, 22.3000 mm): Track [GND] on F.Cu, length 1.1200 mm
    @(110.9500 mm, 24.3000 mm): Track [GND] on F.Cu, length 1.1200 mm
[unconnected_items]: Missing connection between items
    Local override; Severity: error
    @(105.9800 mm, 15.6000 mm): Track [GND] on F.Cu, length 0.9300 mm
    @(102.4000 mm, 19.5200 mm): Track [GND] on F.Cu, length 0.9200 mm
[unconnected_items]: Missing connection between items
    Local override; Severity: error
    @(108.2250 mm, 5.6800 mm): PTH pad S1 [GND] of J5
    @(112.4050 mm, 5.6800 mm): PTH pad S1 [GND] of J5
[unconnected_items]: Missing connection between items
    Local override; Severity: error
    @(108.2250 mm, 14.3200 mm): PTH pad S1 [GND] of J5
    @(112.4050 mm, 14.3200 mm): PTH pad S1 [GND] of J5
[unconnected_items]: Missing connection between items
    Local override; Severity: error
    @(102.4000 mm, 28.4100 mm): Track [GND] on F.Cu, length 1.0700 mm
    @(106.4500 mm, 24.8000 mm): Track [GND] on F.Cu, length 1.3450 mm
[unconnected_items]: Missing connection between items
    Local override; Severity: error
    @(28.6000 mm, 24.3200 mm): Track [GND] on F.Cu, length 0.9000 mm
    @(26.2000 mm, 19.5200 mm): Track [GND] on F.Cu, length 0.9200 mm
[unconnected_items]: Missing connection between items
    Local override; Severity: error
    @(77.0000 mm, 19.5200 mm): Pad 2 [GND] of C303 on F.Cu
    @(79.4000 mm, 24.3200 mm): Track [GND] on F.Cu, length 0.9000 mm
[unconnected_items]: Missing connection between items
    Local override; Severity: error
    @(51.6000 mm, 19.5200 mm): Track [GND] on F.Cu, length 0.9200 mm
    @(54.0000 mm, 24.3200 mm): Track [GND] on F.Cu, length 0.9000 mm
[unconnected_items]: Missing connection between items
    Local override; Severity: error
    @(96.9500 mm, 3.5850 mm): PTH pad SH [GND] of J4
    @(95.2000 mm, 7.8800 mm): Track [GND] on B.Cu, length 0.9000 mm
[unconnected_items]: Missing connection between items
    Local override; Severity: error
    @(46.1500 mm, 3.5850 mm): PTH pad SH [GND] of J2
    @(44.4000 mm, 7.8800 mm): Track [GND] on B.Cu, length 0.9000 mm
[unconnected_items]: Missing connection between items
    Local override; Severity: error
    @(19.0000 mm, 7.8800 mm): Track [GND] on B.Cu, length 0.9000 mm
    @(20.7500 mm, 3.5850 mm): PTH pad SH [GND] of J1
[unconnected_items]: Missing connection between items
    Local override; Severity: error
    @(71.5500 mm, 3.5850 mm): PTH pad SH [GND] of J3
    @(69.8000 mm, 7.8800 mm): Track [GND] on B.Cu, length 0.9000 mm
[unconnected_items]: Missing connection between items
    Local override; Severity: error
    @(35.7500 mm, 8.1000 mm): Track [GND] on B.Cu, length 2.4500 mm
    @(31.6500 mm, 3.5850 mm): PTH pad SH [GND] of J2
[unconnected_items]: Missing connection between items
    Local override; Severity: error
    @(61.1500 mm, 8.1000 mm): Track [GND] on B.Cu, length 2.4500 mm
    @(57.0500 mm, 3.5850 mm): PTH pad SH [GND] of J3
[unconnected_items]: Missing connection between items
    Local override; Severity: error
    @(86.5500 mm, 8.1000 mm): Track [GND] on B.Cu, length 2.4500 mm
    @(82.4500 mm, 3.5850 mm): PTH pad SH [GND] of J4
[unconnected_items]: Missing connection between items
    Local override; Severity: error
    @(6.2500 mm, 3.5850 mm): PTH pad SH [GND] of J1
    @(10.3500 mm, 8.1000 mm): Track [GND] on B.Cu, length 2.4500 mm
[unconnected_items]: Missing connection between items
    Local override; Severity: error
    @(9.6900 mm, 22.6000 mm): Track [GND] on B.Cu, length 0.7900 mm
    @(3.2000 mm, 24.3200 mm): Track [GND] on F.Cu, length 0.9000 mm
[unconnected_items]: Missing connection between items
    Local override; Severity: error
    @(109.0500 mm, 26.8000 mm): Track [+3V3] on F.Cu, length 1.1200 mm
    @(109.0500 mm, 24.3000 mm): Track [+3V3] on F.Cu, length 1.1200 mm
[unconnected_items]: Missing connection between items
    Local override; Severity: error
    @(59.2200 mm, 15.1375 mm): Via [+3V3] on F.Cu - B.Cu
    @(56.6800 mm, 15.2800 mm): Track [+3V3] on F.Cu, length 0.9000 mm
[unconnected_items]: Missing connection between items
    Local override; Severity: error
    @(82.0800 mm, 15.2800 mm): Track [+3V3] on F.Cu, length 0.9000 mm
    @(86.1250 mm, 15.1375 mm): Track [+3V3] on F.Cu, length 1.5050 mm
[unconnected_items]: Missing connection between items
    Local override; Severity: error
    @(9.9250 mm, 15.1375 mm): Track [+3V3] on F.Cu, length 1.5050 mm
    @(5.8800 mm, 15.2800 mm): Pad 1 [+3V3] of C117 on F.Cu
[unconnected_items]: Missing connection between items
    Local override; Severity: error
    @(35.3250 mm, 15.1375 mm): Track [+3V3] on F.Cu, length 1.5050 mm
    @(31.2800 mm, 15.2800 mm): Pad 1 [+3V3] of C217 on F.Cu
[unconnected_items]: Missing connection between items
    Local override; Severity: error
    @(82.0800 mm, 15.2800 mm): Track [+3V3] on F.Cu, length 0.9000 mm
    @(79.4000 mm, 16.5100 mm): Track [+3V3] on F.Cu, length 0.8900 mm
[unconnected_items]: Missing connection between items
    Local override; Severity: error
    @(56.6800 mm, 15.2800 mm): Track [+3V3] on F.Cu, length 0.9000 mm
    @(54.0000 mm, 16.5100 mm): Pad 1 [+3V3] of R33 on F.Cu
[unconnected_items]: Missing connection between items
    Local override; Severity: error
    @(31.2800 mm, 15.2800 mm): Track [+3V3] on F.Cu, length 0.9000 mm
    @(28.6000 mm, 16.5100 mm): Pad 1 [+3V3] of R23 on F.Cu
[unconnected_items]: Missing connection between items
    Local override; Severity: error
    @(5.8800 mm, 15.2800 mm): Track [+3V3] on F.Cu, length 0.9000 mm
    @(3.2000 mm, 16.5100 mm): Pad 1 [+3V3] of R13 on F.Cu
[unconnected_items]: Missing connection between items
    Local override; Severity: error
    @(46.5200 mm, 22.2400 mm): Via [+3V3] on F.Cu - B.Cu
    @(40.1500 mm, 21.9500 mm): Track [+3V3] on F.Cu, length 2.3250 mm
[unconnected_items]: Missing connection between items
    Local override; Severity: error
    @(21.1200 mm, 21.1700 mm): Track [+3V3] on F.Cu, length 1.0700 mm
    @(17.0750 mm, 21.9500 mm): Track [+3V3] on F.Cu, length 1.0875 mm
[unconnected_items]: Missing connection between items
    Local override; Severity: error
    @(65.5500 mm, 21.9500 mm): Track [+3V3] on F.Cu, length 2.3250 mm
    @(71.9200 mm, 21.1700 mm): Track [+3V3] on F.Cu, length 1.0700 mm
[unconnected_items]: Missing connection between items
    Local override; Severity: error
    @(97.3200 mm, 21.1700 mm): Track [+3V3] on F.Cu, length 1.0700 mm
    @(90.9500 mm, 21.9500 mm): Track [+3V3] on F.Cu, length 2.3250 mm
[unconnected_items]: Missing connection between items
    Local override; Severity: error
    @(54.0000 mm, 16.5100 mm): Pad 1 [+3V3] of R33 on F.Cu
    @(53.4000 mm, 11.1750 mm): Track [+3V3] on B.Cu, length 1.0700 mm
[unconnected_items]: Missing connection between items
    Local override; Severity: error
    @(2.6000 mm, 11.1750 mm): Track [+3V3] on B.Cu, length 1.0700 mm
    @(3.2000 mm, 16.5100 mm): Pad 1 [+3V3] of R13 on F.Cu
[unconnected_items]: Missing connection between items
    Local override; Severity: error
    @(78.8000 mm, 11.1750 mm): Track [+3V3] on B.Cu, length 1.0700 mm
    @(79.4000 mm, 16.5100 mm): Track [+3V3] on F.Cu, length 0.8900 mm
[unconnected_items]: Missing connection between items
    Local override; Severity: error
    @(28.0000 mm, 11.1750 mm): Track [+3V3] on B.Cu, length 1.0700 mm
    @(28.6000 mm, 16.5100 mm): Pad 1 [+3V3] of R23 on F.Cu
[unconnected_items]: Missing connection between items
    Local override; Severity: error
    @(111.4000 mm, 19.5000 mm): Track [+3V3] on F.Cu, length 1.2200 mm
    @(109.0500 mm, 24.3000 mm): Pad 1 [+3V3] of C55 on F.Cu
[unconnected_items]: Missing connection between items
    Local override; Severity: error
    @(54.0000 mm, 16.5100 mm): Track [+3V3] on F.Cu, length 0.8900 mm
    @(56.6800 mm, 23.0900 mm): Track [+3V3] on B.Cu, length 0.8900 mm
[unconnected_items]: Missing connection between items
    Local override; Severity: error
    @(31.2800 mm, 23.0900 mm): Track [+3V3] on B.Cu, length 0.8900 mm
    @(28.6000 mm, 16.5100 mm): Track [+3V3] on F.Cu, length 0.8900 mm
[unconnected_items]: Missing connection between items
    Local override; Severity: error
    @(79.4000 mm, 17.4000 mm): Via [+3V3] on F.Cu - B.Cu
    @(82.0800 mm, 23.0900 mm): Track [+3V3] on B.Cu, length 0.8900 mm
[unconnected_items]: Missing connection between items
    Local override; Severity: error
    @(5.8800 mm, 23.0900 mm): Track [+3V3] on B.Cu, length 0.8900 mm
    @(3.2000 mm, 16.5100 mm): Track [+3V3] on F.Cu, length 0.8900 mm
[unconnected_items]: Missing connection between items
    Local override; Severity: error
    @(87.4500 mm, 24.7250 mm): Pad 29 [+3V3] of U41 on F.Cu
    @(82.0800 mm, 23.0900 mm): Track [+3V3] on B.Cu, length 0.8900 mm
[unconnected_items]: Missing connection between items
    Local override; Severity: error
    @(11.2500 mm, 24.7250 mm): Track [+3V3] on F.Cu, length 1.8750 mm
    @(5.8800 mm, 23.0900 mm): Track [+3V3] on B.Cu, length 0.8900 mm
[unconnected_items]: Missing connection between items
    Local override; Severity: error
    @(36.6500 mm, 24.7250 mm): Track [+3V3] on F.Cu, length 1.8750 mm
    @(31.2800 mm, 23.0900 mm): Pad 1 [+3V3] of R2 on B.Cu
[unconnected_items]: Missing connection between items
    Local override; Severity: error
    @(56.6800 mm, 23.0900 mm): Track [+3V3] on B.Cu, length 0.8900 mm
    @(62.0500 mm, 24.7250 mm): Track [+3V3] on F.Cu, length 1.8750 mm
[unconnected_items]: Missing connection between items
    Local override; Severity: error
    @(97.3200 mm, 21.1700 mm): Track [+3V3] on F.Cu, length 1.0700 mm
    @(104.3625 mm, 17.5500 mm): Track [+3V3] on F.Cu, length 1.2825 mm
[unconnected_items]: Missing connection between items
    Local override; Severity: error
    @(111.4000 mm, 19.5000 mm): Track [+3V3] on F.Cu, length 1.2200 mm
    @(104.3625 mm, 17.5500 mm): Pad 1 [+3V3] of U5 on F.Cu
[unconnected_items]: Missing connection between items
    Local override; Severity: error
    @(21.1200 mm, 21.1700 mm): Track [+3V3] on F.Cu, length 1.0700 mm
    @(28.6000 mm, 16.5100 mm): Track [+3V3] on F.Cu, length 0.8900 mm
[unconnected_items]: Missing connection between items
    Local override; Severity: error
    @(79.4000 mm, 17.4000 mm): Via [+3V3] on F.Cu - B.Cu
    @(71.9200 mm, 21.1700 mm): Pad 1 [+3V3] of C318 on F.Cu
[unconnected_items]: Missing connection between items
    Local override; Severity: error
    @(54.0000 mm, 16.5100 mm): Track [+3V3] on F.Cu, length 0.8900 mm
    @(46.5200 mm, 21.1700 mm): Track [+3V3] on F.Cu, length 1.0700 mm
[unconnected_items]: Missing connection between items
    Local override; Severity: error
    @(53.4000 mm, 11.1750 mm): Track [+3V3] on B.Cu, length 1.0700 mm
    @(61.1500 mm, 3.5000 mm): Track [+3V3] on B.Cu, length 2.4500 mm
[unconnected_items]: Missing connection between items
    Local override; Severity: error
    @(28.0000 mm, 11.1750 mm): Track [+3V3] on B.Cu, length 1.0700 mm
    @(35.7500 mm, 3.5000 mm): Track [+3V3] on B.Cu, length 2.4500 mm
[unconnected_items]: Missing connection between items
    Local override; Severity: error
    @(86.5500 mm, 3.5000 mm): Track [+3V3] on B.Cu, length 2.4500 mm
    @(78.8000 mm, 11.1750 mm): Track [+3V3] on B.Cu, length 1.0700 mm
[unconnected_items]: Missing connection between items
    Local override; Severity: error
    @(10.3500 mm, 3.5000 mm): Track [+3V3] on B.Cu, length 2.4500 mm
    @(2.6000 mm, 11.1750 mm): Track [+3V3] on B.Cu, length 1.0700 mm
[unconnected_items]: Missing connection between items
    Local override; Severity: error
    @(108.7875 mm, 2.5000 mm): Pad 2 [+3V3] of D1 on F.Cu
    @(104.3625 mm, 17.5500 mm): Pad 1 [+3V3] of U5 on F.Cu
[unconnected_items]: Missing connection between items
    Local override; Severity: error
    @(103.9900 mm, 2.5000 mm): Pad 1 [LED_K] of R8 on F.Cu
    @(107.2125 mm, 2.5000 mm): Pad 1 [LED_K] of D1 on F.Cu
[unconnected_items]: Missing connection between items
    Local override; Severity: error
    @(104.5000 mm, 13.4000 mm): Pad 1 [VBUS] of F1 on F.Cu
    @(107.6500 mm, 12.4000 mm): Pad A4 [VBUS] of J5 on F.Cu
[unconnected_items]: Missing connection between items
    Local override; Severity: error
    @(107.6500 mm, 12.4000 mm): Pad A4 [VBUS] of J5 on F.Cu
    @(107.6500 mm, 7.6000 mm): Pad B4 [VBUS] of J5 on F.Cu
[unconnected_items]: Missing connection between items
    Local override; Severity: error
    @(104.5000 mm, 13.4000 mm): Pad 1 [VBUS] of F1 on F.Cu
    @(105.5000 mm, 31.0000 mm): PTH pad 1 [VBUS] of J6
[unconnected_items]: Missing connection between items
    Local override; Severity: error
    @(103.9900 mm, 6.0000 mm): Pad 1 [CC1] of R5 on F.Cu
    @(107.6500 mm, 11.2500 mm): Pad A5 [CC1] of J5 on F.Cu
[unconnected_items]: Missing connection between items
    Local override; Severity: error
    @(103.9900 mm, 8.0000 mm): Pad 1 [CC2] of R6 on F.Cu
    @(107.6500 mm, 8.2500 mm): Pad B5 [CC2] of J5 on F.Cu
[unconnected_items]: Missing connection between items
    Local override; Severity: error
    @(104.3625 mm, 18.5000 mm): Pad 2 [BUCK_EN] of U5 on F.Cu
    @(106.0100 mm, 27.3000 mm): Pad 2 [BUCK_EN] of R7 on F.Cu
[unconnected_items]: Missing connection between items
    Local override; Severity: error
    @(11.7500 mm, 27.3000 mm): Track [CH1_INT] on B.Cu, length 4.2500 mm
    @(3.2000 mm, 15.4900 mm): Pad 2 [CH1_INT] of R13 on F.Cu
[unconnected_items]: Missing connection between items
    Local override; Severity: error
    @(5.8800 mm, 24.1100 mm): Pad 2 [I2C_A_SCL] of R1 on B.Cu
    @(6.5000 mm, 27.6500 mm): Via [I2C_A_SCL] on F.Cu - B.Cu
[unconnected_items]: Missing connection between items
    Local override; Severity: error
    @(33.2250 mm, 27.6500 mm): Track [I2C_A_SCL] on F.Cu, length 1.3250 mm
    @(24.9300 mm, 31.0750 mm): Pad 19 [I2C_A_SCL] of J8 on B.Cu
[unconnected_items]: Missing connection between items
    Local override; Severity: error
    @(24.9300 mm, 31.0750 mm): Pad 19 [I2C_A_SCL] of J8 on B.Cu
    @(7.8250 mm, 27.6500 mm): Track [I2C_A_SCL] on F.Cu, length 1.3250 mm
[unconnected_items]: Missing connection between items
    Local override; Severity: error
    @(33.2250 mm, 28.1500 mm): Track [I2C_A_SDA] on F.Cu, length 1.9450 mm
    @(31.2800 mm, 24.1100 mm): Pad 2 [I2C_A_SDA] of R2 on B.Cu
[unconnected_items]: Missing connection between items
    Local override; Severity: error
    @(24.9300 mm, 36.1250 mm): Pad 20 [I2C_A_SDA] of J8 on B.Cu
    @(33.2250 mm, 28.1500 mm): Track [I2C_A_SDA] on F.Cu, length 1.9450 mm
[unconnected_items]: Missing connection between items
    Local override; Severity: error
    @(24.9300 mm, 36.1250 mm): Pad 20 [I2C_A_SDA] of J8 on B.Cu
    @(7.8250 mm, 28.1500 mm): Track [I2C_A_SDA] on F.Cu, length 1.9450 mm
[unconnected_items]: Missing connection between items
    Local override; Severity: error
    @(28.6000 mm, 15.4900 mm): Pad 2 [CH2_INT] of R23 on F.Cu
    @(37.1500 mm, 27.3000 mm): Track [CH2_INT] on B.Cu, length 4.2500 mm
[unconnected_items]: Missing connection between items
    Local override; Severity: error
    @(62.5500 mm, 27.3000 mm): Track [CH3_INT] on B.Cu, length 4.2500 mm
    @(54.0000 mm, 15.4900 mm): Pad 2 [CH3_INT] of R33 on F.Cu
[unconnected_items]: Missing connection between items
    Local override; Severity: error
    @(56.6800 mm, 24.1100 mm): Pad 2 [I2C_B_SCL] of R3 on B.Cu
    @(57.3000 mm, 27.6500 mm): Via [I2C_B_SCL] on F.Cu - B.Cu
[unconnected_items]: Missing connection between items
    Local override; Severity: error
    @(82.7000 mm, 27.6500 mm): Via [I2C_B_SCL] on F.Cu - B.Cu
    @(75.7300 mm, 31.0750 mm): Pad 59 [I2C_B_SCL] of J8 on B.Cu
[unconnected_items]: Missing connection between items
    Local override; Severity: error
    @(75.7300 mm, 31.0750 mm): Pad 59 [I2C_B_SCL] of J8 on B.Cu
    @(58.6250 mm, 27.6500 mm): Track [I2C_B_SCL] on F.Cu, length 1.3250 mm
[unconnected_items]: Missing connection between items
    Local override; Severity: error
    @(84.0250 mm, 28.1500 mm): Track [I2C_B_SDA] on F.Cu, length 1.9450 mm
    @(82.0800 mm, 24.1100 mm): Pad 2 [I2C_B_SDA] of R4 on B.Cu
[unconnected_items]: Missing connection between items
    Local override; Severity: error
    @(75.7300 mm, 36.1250 mm): Pad 60 [I2C_B_SDA] of J8 on B.Cu
    @(84.0250 mm, 28.1500 mm): Track [I2C_B_SDA] on F.Cu, length 1.9450 mm
[unconnected_items]: Missing connection between items
    Local override; Severity: error
    @(58.6250 mm, 28.1500 mm): Track [I2C_B_SDA] on F.Cu, length 1.9450 mm
    @(75.7300 mm, 36.1250 mm): Pad 60 [I2C_B_SDA] of J8 on B.Cu
[unconnected_items]: Missing connection between items
    Local override; Severity: error
    @(87.9500 mm, 27.3000 mm): Track [CH4_INT] on B.Cu, length 4.2500 mm
    @(79.4000 mm, 15.4900 mm): Pad 2 [CH4_INT] of R43 on F.Cu
[unconnected_items]: Missing connection between items
    Local override; Severity: error
    @(23.6600 mm, 12.8500 mm): Track [CH1_1V8] on B.Cu, length 1.1200 mm
    @(26.2000 mm, 12.6750 mm): Track [CH1_1V8] on B.Cu, length 1.0950 mm
[unconnected_items]: Missing connection between items
    Local override; Severity: error
    @(23.6600 mm, 25.2825 mm): Pad 1 [CH1_1V8] of FB11 on F.Cu
    @(26.2000 mm, 25.2825 mm): Track [CH1_1V8] on F.Cu, length 1.0575 mm
[unconnected_items]: Missing connection between items
    Local override; Severity: error
    @(3.2000 mm, 25.2800 mm): Track [CH1_1V8] on F.Cu, length 0.9000 mm
    @(3.2000 mm, 28.9800 mm): Track [CH1_1V8] on F.Cu, length 0.9000 mm
[unconnected_items]: Missing connection between items
    Local override; Severity: error
    @(3.2000 mm, 29.8800 mm): Via [CH1_1V8] on F.Cu - B.Cu
    @(3.2000 mm, 32.6800 mm): Track [CH1_1V8] on F.Cu, length 0.9000 mm
[unconnected_items]: Missing connection between items
    Local override; Severity: error
    @(26.2000 mm, 25.2825 mm): Track [CH1_1V8] on F.Cu, length 1.0575 mm
    @(26.2000 mm, 20.4800 mm): Track [CH1_1V8] on F.Cu, length 0.9200 mm
[unconnected_items]: Missing connection between items
    Local override; Severity: error
    @(20.4000 mm, 28.9500 mm): Via [CH1_1V8] on F.Cu - B.Cu
    @(23.6600 mm, 25.2825 mm): Track [CH1_1V8] on F.Cu, length 1.0575 mm
[unconnected_items]: Missing connection between items
    Local override; Severity: error
    @(19.1750 mm, 29.1500 mm): Track [CH1_1V8] on F.Cu, length 1.0250 mm
    @(19.1750 mm, 34.1500 mm): Track [CH1_1V8] on F.Cu, length 1.7950 mm
[unconnected_items]: Missing connection between items
    Local override; Severity: error
    @(26.2000 mm, 20.4800 mm): Pad 1 [CH1_1V8] of C103 on F.Cu
    @(23.6600 mm, 12.8500 mm): Track [CH1_1V8] on B.Cu, length 1.1200 mm
[unconnected_items]: Missing connection between items
    Local override; Severity: error
    @(10.2500 mm, 26.6000 mm): Via [CH1_1V8] on F.Cu - B.Cu
    @(3.2000 mm, 25.2800 mm): Track [CH1_1V8] on F.Cu, length 0.9000 mm
[unconnected_items]: Missing connection between items
    Local override; Severity: error
    @(16.6500 mm, 5.8000 mm): Track [CH1_1V8] on B.Cu, length 6.4500 mm
    @(23.6600 mm, 12.8500 mm): Track [CH1_1V8] on B.Cu, length 1.1200 mm
[unconnected_items]: Missing connection between items
    Local override; Severity: error
    @(10.2500 mm, 26.6000 mm): Via [CH1_1V8] on F.Cu - B.Cu
    @(10.7500 mm, 34.0000 mm): Via [CH1_1V8] on F.Cu - B.Cu
[unconnected_items]: Missing connection between items
    Local override; Severity: error
    @(10.7500 mm, 34.0000 mm): Via [CH1_1V8] on F.Cu - B.Cu
    @(19.1750 mm, 34.1500 mm): Track [CH1_1V8] on F.Cu, length 1.7950 mm
[unconnected_items]: Missing connection between items
    Local override; Severity: error
    @(23.6600 mm, 29.1700 mm): Pad 1 [CH1_AVDD] of C109 on F.Cu
    @(26.2000 mm, 29.9600 mm): Pad 1 [CH1_AVDD] of C112 on F.Cu
[unconnected_items]: Missing connection between items
    Local override; Severity: error
    @(23.6600 mm, 32.8700 mm): Pad 1 [CH1_AVDD] of C110 on F.Cu
    @(23.6600 mm, 29.1700 mm): Pad 1 [CH1_AVDD] of C109 on F.Cu
[unconnected_items]: Missing connection between items
    Local override; Severity: error
    @(23.6600 mm, 36.5700 mm): Pad 1 [CH1_AVDD] of C111 on F.Cu
    @(23.6600 mm, 32.8700 mm): Pad 1 [CH1_AVDD] of C110 on F.Cu
[unconnected_items]: Missing connection between items
    Local override; Severity: error
    @(19.1750 mm, 27.1500 mm): Track [CH1_AVDD] on F.Cu, length 0.9250 mm
    @(23.6600 mm, 29.1700 mm): Pad 1 [CH1_AVDD] of C109 on F.Cu
[unconnected_items]: Missing connection between items
    Local override; Severity: error
    @(19.1750 mm, 28.1500 mm): Track [CH1_PVDD] on F.Cu, length 1.4450 mm
    @(19.1750 mm, 28.6500 mm): Pad 12 [CH1_PVDD] of U11 on F.Cu
[unconnected_items]: Missing connection between items
    Local override; Severity: error
    @(26.2000 mm, 23.7075 mm): Pad 2 [CH1_PVDD] of FB12 on F.Cu
    @(22.4000 mm, 28.2000 mm): Track [CH1_PVDD] on B.Cu, length 1.2728 mm
[unconnected_items]: Missing connection between items
    Local override; Severity: error
    @(26.2000 mm, 34.6500 mm): Pad 1 [CH1_PVDD] of C115 on F.Cu
    @(22.4000 mm, 28.2000 mm): Track [CH1_PVDD] on B.Cu, length 1.2728 mm
[unconnected_items]: Missing connection between items
    Local override; Severity: error
    @(19.1750 mm, 27.6500 mm): Pad 14 [CH1_REXT] of U11 on F.Cu
    @(21.1200 mm, 25.3100 mm): Pad 1 [CH1_REXT] of R11 on F.Cu
[unconnected_items]: Missing connection between items
    Local override; Severity: error
    @(9.9250 mm, 20.8625 mm): Track [CH1_CEC_A] on F.Cu, length 2.1625 mm
    @(10.7500 mm, 24.7250 mm): Track [CH1_CEC_A] on F.Cu, length 1.2750 mm
[unconnected_items]: Missing connection between items
    Local override; Severity: error
    @(49.0600 mm, 12.8500 mm): Track [CH2_1V8] on B.Cu, length 1.1200 mm
    @(51.6000 mm, 12.6750 mm): Track [CH2_1V8] on B.Cu, length 1.0950 mm
[unconnected_items]: Missing connection between items
    Local override; Severity: error
    @(49.0600 mm, 25.2825 mm): Track [CH2_1V8] on F.Cu, length 1.0575 mm
    @(51.6000 mm, 25.2825 mm): Track [CH2_1V8] on F.Cu, length 1.0575 mm
[unconnected_items]: Missing connection between items
    Local override; Severity: error
    @(28.6000 mm, 26.1800 mm): Via [CH2_1V8] on F.Cu - B.Cu
    @(28.6000 mm, 28.9800 mm): Track [CH2_1V8] on F.Cu, length 0.9000 mm
[unconnected_items]: Missing connection between items
    Local override; Severity: error
    @(28.6000 mm, 29.8800 mm): Via [CH2_1V8] on F.Cu - B.Cu
    @(28.6000 mm, 32.6800 mm): Pad 1 [CH2_1V8] of C206 on F.Cu
[unconnected_items]: Missing connection between items
    Local override; Severity: error
    @(51.6000 mm, 25.2825 mm): Track [CH2_1V8] on F.Cu, length 1.0575 mm
    @(51.6000 mm, 20.4800 mm): Track [CH2_1V8] on F.Cu, length 0.9200 mm
[unconnected_items]: Missing connection between items
    Local override; Severity: error
    @(49.0600 mm, 26.3400 mm): Via [CH2_1V8] on F.Cu - B.Cu
    @(45.8000 mm, 28.9500 mm): Via [CH2_1V8] on F.Cu - B.Cu
[unconnected_items]: Missing connection between items
    Local override; Severity: error
    @(44.5750 mm, 29.1500 mm): Pad 11 [CH2_1V8] of U21 on F.Cu
    @(44.5750 mm, 34.1500 mm): Pad 1 [CH2_1V8] of U21 on F.Cu
[unconnected_items]: Missing connection between items
    Local override; Severity: error
    @(49.0600 mm, 12.8500 mm): Track [CH2_1V8] on B.Cu, length 1.1200 mm
    @(51.6000 mm, 20.4800 mm): Pad 1 [CH2_1V8] of C203 on F.Cu
[unconnected_items]: Missing connection between items
    Local override; Severity: error
    @(28.6000 mm, 26.1800 mm): Via [CH2_1V8] on F.Cu - B.Cu
    @(35.6500 mm, 24.7250 mm): Track [CH2_1V8] on F.Cu, length 1.8750 mm
[unconnected_items]: Missing connection between items
    Local override; Severity: error
    @(42.0500 mm, 5.8000 mm): Track [CH2_1V8] on B.Cu, length 6.4500 mm
    @(49.0600 mm, 12.8500 mm): Track [CH2_1V8] on B.Cu, length 1.1200 mm
[unconnected_items]: Missing connection between items
    Local override; Severity: error
    @(35.6500 mm, 24.7250 mm): Track [CH2_1V8] on F.Cu, length 1.8750 mm
    @(36.1500 mm, 36.0750 mm): Track [CH2_1V8] on F.Cu, length 2.0750 mm
[unconnected_items]: Missing connection between items
    Local override; Severity: error
    @(36.1500 mm, 36.0750 mm): Track [CH2_1V8] on F.Cu, length 2.0750 mm
    @(44.5750 mm, 34.1500 mm): Pad 1 [CH2_1V8] of U21 on F.Cu
[unconnected_items]: Missing connection between items
    Local override; Severity: error
    @(49.0600 mm, 29.1700 mm): Pad 1 [CH2_AVDD] of C209 on F.Cu
    @(51.6000 mm, 29.9600 mm): Pad 1 [CH2_AVDD] of C212 on F.Cu
[unconnected_items]: Missing connection between items
    Local override; Severity: error
    @(49.0600 mm, 32.8700 mm): Pad 1 [CH2_AVDD] of C210 on F.Cu
    @(49.0600 mm, 29.1700 mm): Pad 1 [CH2_AVDD] of C209 on F.Cu
[unconnected_items]: Missing connection between items
    Local override; Severity: error
    @(49.0600 mm, 36.5700 mm): Pad 1 [CH2_AVDD] of C211 on F.Cu
    @(49.0600 mm, 32.8700 mm): Pad 1 [CH2_AVDD] of C210 on F.Cu
[unconnected_items]: Missing connection between items
    Local override; Severity: error
    @(44.5750 mm, 27.1500 mm): Track [CH2_AVDD] on F.Cu, length 0.9250 mm
    @(49.0600 mm, 29.1700 mm): Pad 1 [CH2_AVDD] of C209 on F.Cu
[unconnected_items]: Missing connection between items
    Local override; Severity: error
    @(44.5750 mm, 28.1500 mm): Track [CH2_PVDD] on F.Cu, length 1.4450 mm
    @(44.5750 mm, 28.6500 mm): Pad 12 [CH2_PVDD] of U21 on F.Cu
[unconnected_items]: Missing connection between items
    Local override; Severity: error
    @(51.6000 mm, 23.7075 mm): Pad 2 [CH2_PVDD] of FB22 on F.Cu
    @(47.8000 mm, 28.2000 mm): Track [CH2_PVDD] on B.Cu, length 1.2728 mm
[unconnected_items]: Missing connection between items
    Local override; Severity: error
    @(51.6000 mm, 34.6500 mm): Pad 1 [CH2_PVDD] of C215 on F.Cu
    @(47.8000 mm, 28.2000 mm): Track [CH2_PVDD] on B.Cu, length 1.2728 mm
[unconnected_items]: Missing connection between items
    Local override; Severity: error
    @(44.5750 mm, 27.6500 mm): Pad 14 [CH2_REXT] of U21 on F.Cu
    @(46.5200 mm, 25.3100 mm): Pad 1 [CH2_REXT] of R21 on F.Cu
[unconnected_items]: Missing connection between items
    Local override; Severity: error
    @(35.3250 mm, 20.8625 mm): Pad 1 [CH2_CEC_A] of U22 on F.Cu
    @(36.1500 mm, 24.7250 mm): Track [CH2_CEC_A] on F.Cu, length 1.2750 mm
[unconnected_items]: Missing connection between items
    Local override; Severity: error
    @(74.4600 mm, 12.8500 mm): Track [CH3_1V8] on B.Cu, length 1.1200 mm
    @(77.0000 mm, 12.6750 mm): Track [CH3_1V8] on B.Cu, length 1.0950 mm
[unconnected_items]: Missing connection between items
    Local override; Severity: error
    @(77.0000 mm, 25.2825 mm): Pad 1 [CH3_1V8] of FB32 on F.Cu
    @(74.4600 mm, 25.2825 mm): Track [CH3_1V8] on F.Cu, length 1.0575 mm
[unconnected_items]: Missing connection between items
    Local override; Severity: error
    @(54.0000 mm, 26.1800 mm): Via [CH3_1V8] on F.Cu - B.Cu
    @(54.0000 mm, 28.9800 mm): Track [CH3_1V8] on F.Cu, length 0.9000 mm
[unconnected_items]: Missing connection between items
    Local override; Severity: error
    @(54.0000 mm, 29.8800 mm): Via [CH3_1V8] on F.Cu - B.Cu
    @(54.0000 mm, 32.6800 mm): Track [CH3_1V8] on F.Cu, length 0.9000 mm
[unconnected_items]: Missing connection between items
    Local override; Severity: error
    @(77.0000 mm, 25.2825 mm): Pad 1 [CH3_1V8] of FB32 on F.Cu
    @(77.0000 mm, 21.4000 mm): Via [CH3_1V8] on F.Cu - B.Cu
[unconnected_items]: Missing connection between items
    Local override; Severity: error
    @(74.4600 mm, 26.3400 mm): Via [CH3_1V8] on F.Cu - B.Cu
    @(71.2000 mm, 28.9500 mm): Via [CH3_1V8] on F.Cu - B.Cu
[unconnected_items]: Missing connection between items
    Local override; Severity: error
    @(69.9750 mm, 29.1500 mm): Track [CH3_1V8] on F.Cu, length 1.0250 mm
    @(69.9750 mm, 34.1500 mm): Track [CH3_1V8] on F.Cu, length 1.7950 mm
[unconnected_items]: Missing connection between items
    Local override; Severity: error
    @(74.4600 mm, 12.8500 mm): Track [CH3_1V8] on B.Cu, length 1.1200 mm
    @(77.0000 mm, 20.4800 mm): Track [CH3_1V8] on F.Cu, length 0.9200 mm
[unconnected_items]: Missing connection between items
    Local override; Severity: error
    @(54.0000 mm, 26.1800 mm): Via [CH3_1V8] on F.Cu - B.Cu
    @(61.0500 mm, 26.6000 mm): Via [CH3_1V8] on F.Cu - B.Cu
[unconnected_items]: Missing connection between items
    Local override; Severity: error
    @(67.4500 mm, 5.8000 mm): Track [CH3_1V8] on B.Cu, length 6.4500 mm
    @(74.4600 mm, 12.8500 mm): Track [CH3_1V8] on B.Cu, length 1.1200 mm
[unconnected_items]: Missing connection between items
    Local override; Severity: error
    @(61.0500 mm, 26.6000 mm): Via [CH3_1V8] on F.Cu - B.Cu
    @(61.5500 mm, 34.0000 mm): Via [CH3_1V8] on F.Cu - B.Cu
[unconnected_items]: Missing connection between items
    Local override; Severity: error
    @(61.5500 mm, 34.0000 mm): Via [CH3_1V8] on F.Cu - B.Cu
    @(69.9750 mm, 34.1500 mm): Track [CH3_1V8] on F.Cu, length 1.7950 mm
[unconnected_items]: Missing connection between items
    Local override; Severity: error
    @(74.4600 mm, 29.1700 mm): Pad 1 [CH3_AVDD] of C309 on F.Cu
    @(77.0000 mm, 29.9600 mm): Pad 1 [CH3_AVDD] of C312 on F.Cu
[unconnected_items]: Missing connection between items
    Local override; Severity: error
    @(74.4600 mm, 32.8700 mm): Pad 1 [CH3_AVDD] of C310 on F.Cu
    @(74.4600 mm, 29.1700 mm): Pad 1 [CH3_AVDD] of C309 on F.Cu
[unconnected_items]: Missing connection between items
    Local override; Severity: error
    @(74.4600 mm, 36.5700 mm): Pad 1 [CH3_AVDD] of C311 on F.Cu
    @(74.4600 mm, 32.8700 mm): Pad 1 [CH3_AVDD] of C310 on F.Cu
[unconnected_items]: Missing connection between items
    Local override; Severity: error
    @(69.9750 mm, 27.1500 mm): Track [CH3_AVDD] on F.Cu, length 0.9250 mm
    @(74.4600 mm, 29.1700 mm): Pad 1 [CH3_AVDD] of C309 on F.Cu
[unconnected_items]: Missing connection between items
    Local override; Severity: error
    @(69.9750 mm, 28.1500 mm): Track [CH3_PVDD] on F.Cu, length 1.4450 mm
    @(69.9750 mm, 28.6500 mm): Pad 12 [CH3_PVDD] of U31 on F.Cu
[unconnected_items]: Missing connection between items
    Local override; Severity: error
    @(77.0000 mm, 23.7075 mm): Pad 2 [CH3_PVDD] of FB32 on F.Cu
    @(73.2000 mm, 28.2000 mm): Track [CH3_PVDD] on B.Cu, length 1.2728 mm
[unconnected_items]: Missing connection between items
    Local override; Severity: error
    @(77.0000 mm, 34.6500 mm): Pad 1 [CH3_PVDD] of C315 on F.Cu
    @(73.2000 mm, 28.2000 mm): Track [CH3_PVDD] on B.Cu, length 1.2728 mm
[unconnected_items]: Missing connection between items
    Local override; Severity: error
    @(69.9750 mm, 27.6500 mm): Pad 14 [CH3_REXT] of U31 on F.Cu
    @(71.9200 mm, 25.3100 mm): Pad 1 [CH3_REXT] of R31 on F.Cu
[unconnected_items]: Missing connection between items
    Local override; Severity: error
    @(60.7250 mm, 20.8625 mm): Track [CH3_CEC_A] on F.Cu, length 2.1625 mm
    @(61.5500 mm, 24.7250 mm): Pad 30 [CH3_CEC_A] of U31 on F.Cu
[unconnected_items]: Missing connection between items
    Local override; Severity: error
    @(102.4000 mm, 25.2825 mm): Track [CH4_1V8] on F.Cu, length 1.0575 mm
    @(99.8600 mm, 25.2825 mm): Pad 1 [CH4_1V8] of FB41 on F.Cu
[unconnected_items]: Missing connection between items
    Local override; Severity: error
    @(99.8600 mm, 12.8500 mm): Pad 1 [CH4_1V8] of C402 on B.Cu
    @(102.4000 mm, 12.6750 mm): Track [CH4_1V8] on B.Cu, length 1.0700 mm
[unconnected_items]: Missing connection between items
    Local override; Severity: error
    @(79.4000 mm, 25.2800 mm): Track [CH4_1V8] on F.Cu, length 0.9000 mm
    @(79.4000 mm, 28.9800 mm): Pad 1 [CH4_1V8] of C405 on F.Cu
[unconnected_items]: Missing connection between items
    Local override; Severity: error
    @(79.4000 mm, 28.9800 mm): Track [CH4_1V8] on F.Cu, length 0.9000 mm
    @(79.4000 mm, 32.6800 mm): Pad 1 [CH4_1V8] of C406 on F.Cu
[unconnected_items]: Missing connection between items
    Local override; Severity: error
    @(102.4000 mm, 25.2825 mm): Track [CH4_1V8] on F.Cu, length 1.0575 mm
    @(102.4000 mm, 20.4800 mm): Track [CH4_1V8] on F.Cu, length 0.9200 mm
[unconnected_items]: Missing connection between items
    Local override; Severity: error
    @(96.6000 mm, 28.9500 mm): Via [CH4_1V8] on F.Cu - B.Cu
    @(99.8600 mm, 25.2825 mm): Track [CH4_1V8] on F.Cu, length 1.0575 mm
[unconnected_items]: Missing connection between items
    Local override; Severity: error
    @(95.3750 mm, 29.1500 mm): Pad 11 [CH4_1V8] of U41 on F.Cu
    @(95.3750 mm, 34.1500 mm): Pad 1 [CH4_1V8] of U41 on F.Cu
[unconnected_items]: Missing connection between items
    Local override; Severity: error
    @(102.4000 mm, 20.4800 mm): Pad 1 [CH4_1V8] of C403 on F.Cu
    @(102.4000 mm, 12.6750 mm): Track [CH4_1V8] on B.Cu, length 1.0700 mm
[unconnected_items]: Missing connection between items
    Local override; Severity: error
    @(86.4500 mm, 24.7250 mm): Track [CH4_1V8] on F.Cu, length 1.8750 mm
    @(79.4000 mm, 25.2800 mm): Track [CH4_1V8] on F.Cu, length 0.9000 mm
[unconnected_items]: Missing connection between items
    Local override; Severity: error
    @(92.8500 mm, 5.8000 mm): Track [CH4_1V8] on B.Cu, length 6.4500 mm
    @(99.8600 mm, 12.8500 mm): Pad 1 [CH4_1V8] of C402 on B.Cu
[unconnected_items]: Missing connection between items
    Local override; Severity: error
    @(86.9500 mm, 36.0750 mm): Track [CH4_1V8] on F.Cu, length 2.0750 mm
    @(86.4500 mm, 24.7250 mm): Track [CH4_1V8] on F.Cu, length 1.8750 mm
[unconnected_items]: Missing connection between items
    Local override; Severity: error
    @(86.9500 mm, 36.0750 mm): Track [CH4_1V8] on F.Cu, length 2.0750 mm
    @(95.3750 mm, 34.1500 mm): Pad 1 [CH4_1V8] of U41 on F.Cu
[unconnected_items]: Missing connection between items
    Local override; Severity: error
    @(99.8600 mm, 29.1700 mm): Pad 1 [CH4_AVDD] of C409 on F.Cu
    @(102.4000 mm, 29.9600 mm): Pad 1 [CH4_AVDD] of C412 on F.Cu
[unconnected_items]: Missing connection between items
    Local override; Severity: error
    @(99.8600 mm, 32.8700 mm): Pad 1 [CH4_AVDD] of C410 on F.Cu
    @(99.8600 mm, 29.1700 mm): Pad 1 [CH4_AVDD] of C409 on F.Cu
[unconnected_items]: Missing connection between items
    Local override; Severity: error
    @(99.8600 mm, 36.5700 mm): Pad 1 [CH4_AVDD] of C411 on F.Cu
    @(99.8600 mm, 32.8700 mm): Pad 1 [CH4_AVDD] of C410 on F.Cu
[unconnected_items]: Missing connection between items
    Local override; Severity: error
    @(95.3750 mm, 27.1500 mm): Track [CH4_AVDD] on F.Cu, length 0.9250 mm
    @(99.8600 mm, 29.1700 mm): Pad 1 [CH4_AVDD] of C409 on F.Cu
[unconnected_items]: Missing connection between items
    Local override; Severity: error
    @(95.3750 mm, 28.1500 mm): Track [CH4_PVDD] on F.Cu, length 1.4450 mm
    @(95.3750 mm, 28.6500 mm): Pad 12 [CH4_PVDD] of U41 on F.Cu
[unconnected_items]: Missing connection between items
    Local override; Severity: error
    @(102.4000 mm, 23.7075 mm): Pad 2 [CH4_PVDD] of FB42 on F.Cu
    @(98.6000 mm, 28.2000 mm): Track [CH4_PVDD] on B.Cu, length 1.2728 mm
[unconnected_items]: Missing connection between items
    Local override; Severity: error
    @(102.4000 mm, 34.6500 mm): Pad 1 [CH4_PVDD] of C415 on F.Cu
    @(98.6000 mm, 28.2000 mm): Track [CH4_PVDD] on B.Cu, length 1.2728 mm
[unconnected_items]: Missing connection between items
    Local override; Severity: error
    @(95.3750 mm, 27.6500 mm): Pad 14 [CH4_REXT] of U41 on F.Cu
    @(97.3200 mm, 25.3100 mm): Pad 1 [CH4_REXT] of R41 on F.Cu
[unconnected_items]: Missing connection between items
    Local override; Severity: error
    @(86.1250 mm, 20.8625 mm): Track [CH4_CEC_A] on F.Cu, length 2.1625 mm
    @(86.9500 mm, 24.7250 mm): Pad 30 [CH4_CEC_A] of U41 on F.Cu

** Found 0 Footprint errors **

** End of Report **
