# Quad HDMI TX carrier rev B - simplified 3D model (board + component boxes). Units: mm. Y up.
mtllib quad_hdmi_tx_simplified.mtl
v 0.000 -0.800 0.000
v 115.000 -0.800 0.000
v 115.000 0.800 0.000
v 0.000 0.800 0.000
v 0.000 -0.800 38.000
v 115.000 -0.800 38.000
v 115.000 0.800 38.000
v 0.000 0.800 38.000
v 109.000 0.850 26.175
v 111.000 0.850 26.175
v 111.000 2.050 26.175
v 109.000 2.050 26.175
v 109.000 0.850 27.425
v 111.000 0.850 27.425
v 111.000 2.050 27.425
v 109.000 2.050 27.425
v 108.980 0.830 26.155
v 109.300 0.830 26.155
v 109.300 2.070 26.155
v 108.980 2.070 26.155
v 108.980 0.830 27.445
v 109.300 0.830 27.445
v 109.300 2.070 27.445
v 108.980 2.070 27.445
v 110.700 0.830 26.155
v 111.020 0.830 26.155
v 111.020 2.070 26.155
v 110.700 2.070 26.155
v 110.700 0.830 27.445
v 111.020 0.830 27.445
v 111.020 2.070 27.445
v 110.700 2.070 27.445
v 2.950 0.850 28.000
v 3.450 0.850 28.000
v 3.450 1.300 28.000
v 2.950 1.300 28.000
v 2.950 0.850 29.000
v 3.450 0.850 29.000
v 3.450 1.300 29.000
v 2.950 1.300 29.000
v 2.930 0.830 27.980
v 3.470 0.830 27.980
v 3.470 1.320 27.980
v 2.930 1.320 27.980
v 2.930 0.830 28.200
v 3.470 0.830 28.200
v 3.470 1.320 28.200
v 2.930 1.320 28.200
v 2.930 0.830 28.800
v 3.470 0.830 28.800
v 3.470 1.320 28.800
v 2.930 1.320 28.800
v 2.930 0.830 29.020
v 3.470 0.830 29.020
v 3.470 1.320 29.020
v 2.930 1.320 29.020
v 31.030 0.850 14.300
v 31.530 0.850 14.300
v 31.530 1.300 14.300
v 31.030 1.300 14.300
v 31.030 0.850 15.300
v 31.530 0.850 15.300
v 31.530 1.300 15.300
v 31.030 1.300 15.300
v 31.010 0.830 14.280
v 31.550 0.830 14.280
v 31.550 1.320 14.280
v 31.010 1.320 14.280
v 31.010 0.830 14.500
v 31.550 0.830 14.500
v 31.550 1.320 14.500
v 31.010 1.320 14.500
v 31.010 0.830 15.100
v 31.550 0.830 15.100
v 31.550 1.320 15.100
v 31.010 1.320 15.100
v 31.010 0.830 15.320
v 31.550 0.830 15.320
v 31.550 1.320 15.320
v 31.010 1.320 15.320
v 96.920 0.850 19.595
v 97.720 0.850 19.595
v 97.720 1.600 19.595
v 96.920 1.600 19.595
v 96.920 0.850 21.195
v 97.720 0.850 21.195
v 97.720 1.600 21.195
v 96.920 1.600 21.195
v 96.900 0.830 19.575
v 97.740 0.830 19.575
v 97.740 1.620 19.575
v 96.900 1.620 19.575
v 96.900 0.830 19.895
v 97.740 0.830 19.895
v 97.740 1.620 19.895
v 96.900 1.620 19.895
v 96.900 0.830 20.895
v 97.740 0.830 20.895
v 97.740 1.620 20.895
v 96.900 1.620 20.895
v 96.900 0.830 21.215
v 97.740 0.830 21.215
v 97.740 1.620 21.215
v 96.900 1.620 21.215
v 81.830 0.850 14.300
v 82.330 0.850 14.300
v 82.330 1.300 14.300
v 81.830 1.300 14.300
v 81.830 0.850 15.300
v 82.330 0.850 15.300
v 82.330 1.300 15.300
v 81.830 1.300 15.300
v 81.810 0.830 14.280
v 82.350 0.830 14.280
v 82.350 1.320 14.280
v 81.810 1.320 14.280
v 81.810 0.830 14.500
v 82.350 0.830 14.500
v 82.350 1.320 14.500
v 81.810 1.320 14.500
v 81.810 0.830 15.100
v 82.350 0.830 15.100
v 82.350 1.320 15.100
v 81.810 1.320 15.100
v 81.810 0.830 15.320
v 82.350 0.830 15.320
v 82.350 1.320 15.320
v 81.810 1.320 15.320
v 18.330 0.850 14.100
v 18.830 0.850 14.100
v 18.830 1.300 14.100
v 18.330 1.300 14.100
v 18.330 0.850 15.100
v 18.830 0.850 15.100
v 18.830 1.300 15.100
v 18.330 1.300 15.100
v 18.310 0.830 14.080
v 18.850 0.830 14.080
v 18.850 1.320 14.080
v 18.310 1.320 14.080
v 18.310 0.830 14.300
v 18.850 0.830 14.300
v 18.850 1.320 14.300
v 18.310 1.320 14.300
v 18.310 0.830 14.900
v 18.850 0.830 14.900
v 18.850 1.320 14.900
v 18.310 1.320 14.900
v 18.310 0.830 15.120
v 18.850 0.830 15.120
v 18.850 1.320 15.120
v 18.310 1.320 15.120
v 71.520 0.850 19.595
v 72.320 0.850 19.595
v 72.320 1.600 19.595
v 71.520 1.600 19.595
v 71.520 0.850 21.195
v 72.320 0.850 21.195
v 72.320 1.600 21.195
v 71.520 1.600 21.195
v 71.500 0.830 19.575
v 72.340 0.830 19.575
v 72.340 1.620 19.575
v 71.500 1.620 19.575
v 71.500 0.830 19.895
v 72.340 0.830 19.895
v 72.340 1.620 19.895
v 71.500 1.620 19.895
v 71.500 0.830 20.895
v 72.340 0.830 20.895
v 72.340 1.620 20.895
v 71.500 1.620 20.895
v 71.500 0.830 21.215
v 72.340 0.830 21.215
v 72.340 1.620 21.215
v 71.500 1.620 21.215
v 48.810 0.850 28.190
v 49.310 0.850 28.190
v 49.310 1.300 28.190
v 48.810 1.300 28.190
v 48.810 0.850 29.190
v 49.310 0.850 29.190
v 49.310 1.300 29.190
v 48.810 1.300 29.190
v 48.790 0.830 28.170
v 49.330 0.830 28.170
v 49.330 1.320 28.170
v 48.790 1.320 28.170
v 48.790 0.830 28.390
v 49.330 0.830 28.390
v 49.330 1.320 28.390
v 48.790 1.320 28.390
v 48.790 0.830 28.990
v 49.330 0.830 28.990
v 49.330 1.320 28.990
v 48.790 1.320 28.990
v 48.790 0.830 29.210
v 49.330 0.830 29.210
v 49.330 1.320 29.210
v 48.790 1.320 29.210
v 79.150 0.850 24.300
v 79.650 0.850 24.300
v 79.650 1.300 24.300
v 79.150 1.300 24.300
v 79.150 0.850 25.300
v 79.650 0.850 25.300
v 79.650 1.300 25.300
v 79.150 1.300 25.300
v 79.130 0.830 24.280
v 79.670 0.830 24.280
v 79.670 1.320 24.280
v 79.130 1.320 24.280
v 79.130 0.830 24.500
v 79.670 0.830 24.500
v 79.670 1.320 24.500
v 79.130 1.320 24.500
v 79.130 0.830 25.100
v 79.670 0.830 25.100
v 79.670 1.320 25.100
v 79.130 1.320 25.100
v 79.130 0.830 25.320
v 79.670 0.830 25.320
v 79.670 1.320 25.320
v 79.130 1.320 25.320
v 104.230 0.850 29.730
v 106.770 0.850 29.730
v 106.770 3.340 29.730
v 104.230 3.340 29.730
v 104.230 0.850 34.810
v 106.770 0.850 34.810
v 106.770 3.340 34.810
v 104.230 3.340 34.810
v 105.180 0.800 30.680
v 105.820 0.800 30.680
v 105.820 9.300 30.680
v 105.180 9.300 30.680
v 105.180 0.800 31.320
v 105.820 0.800 31.320
v 105.820 9.300 31.320
v 105.180 9.300 31.320
v 105.180 0.800 33.220
v 105.820 0.800 33.220
v 105.820 9.300 33.220
v 105.180 9.300 33.220
v 105.180 0.800 33.860
v 105.820 0.800 33.860
v 105.820 9.300 33.860
v 105.180 9.300 33.860
v 105.000 0.850 27.050
v 106.000 0.850 27.050
v 106.000 1.200 27.050
v 105.000 1.200 27.050
v 105.000 0.850 27.550
v 106.000 0.850 27.550
v 106.000 1.200 27.550
v 105.000 1.200 27.550
v 104.980 0.830 27.030
v 105.200 0.830 27.030
v 105.200 1.220 27.030
v 104.980 1.220 27.030
v 104.980 0.830 27.570
v 105.200 0.830 27.570
v 105.200 1.220 27.570
v 104.980 1.220 27.570
v 105.800 0.830 27.030
v 106.020 0.830 27.030
v 106.020 1.220 27.030
v 105.800 1.220 27.030
v 105.800 0.830 27.570
v 106.020 0.830 27.570
v 106.020 1.220 27.570
v 105.800 1.220 27.570
v 81.350 0.850 -1.360
v 98.050 0.850 -1.360
v 98.050 7.100 -1.360
v 81.350 7.100 -1.360
v 81.350 0.850 11.960
v 98.050 0.850 11.960
v 98.050 7.100 11.960
v 81.350 7.100 11.960
v 23.410 0.850 35.590
v 23.910 0.850 35.590
v 23.910 1.300 35.590
v 23.410 1.300 35.590
v 23.410 0.850 36.590
v 23.910 0.850 36.590
v 23.910 1.300 36.590
v 23.410 1.300 36.590
v 23.390 0.830 35.570
v 23.930 0.830 35.570
v 23.930 1.320 35.570
v 23.390 1.320 35.570
v 23.390 0.830 35.790
v 23.930 0.830 35.790
v 23.930 1.320 35.790
v 23.390 1.320 35.790
v 23.390 0.830 36.390
v 23.930 0.830 36.390
v 23.930 1.320 36.390
v 23.390 1.320 36.390
v 23.390 0.830 36.610
v 23.930 0.830 36.610
v 23.930 1.320 36.610
v 23.390 1.320 36.610
v 104.000 0.850 7.750
v 105.000 0.850 7.750
v 105.000 1.200 7.750
v 104.000 1.200 7.750
v 104.000 0.850 8.250
v 105.000 0.850 8.250
v 105.000 1.200 8.250
v 104.000 1.200 8.250
v 103.980 0.830 7.730
v 104.200 0.830 7.730
v 104.200 1.220 7.730
v 103.980 1.220 7.730
v 103.980 0.830 8.270
v 104.200 0.830 8.270
v 104.200 1.220 8.270
v 103.980 1.220 8.270
v 104.800 0.830 7.730
v 105.020 0.830 7.730
v 105.020 1.220 7.730
v 104.800 1.220 7.730
v 104.800 0.830 8.270
v 105.020 0.830 8.270
v 105.020 1.220 8.270
v 104.800 1.220 8.270
v 76.600 0.850 33.075
v 77.400 0.850 33.075
v 77.400 1.600 33.075
v 76.600 1.600 33.075
v 76.600 0.850 34.675
v 77.400 0.850 34.675
v 77.400 1.600 34.675
v 76.600 1.600 34.675
v 76.580 0.830 33.055
v 77.420 0.830 33.055
v 77.420 1.620 33.055
v 76.580 1.620 33.055
v 76.580 0.830 33.375
v 77.420 0.830 33.375
v 77.420 1.620 33.375
v 76.580 1.620 33.375
v 76.580 0.830 34.375
v 77.420 0.830 34.375
v 77.420 1.620 34.375
v 76.580 1.620 34.375
v 76.580 0.830 34.695
v 77.420 0.830 34.695
v 77.420 1.620 34.695
v 76.580 1.620 34.695
v 104.000 0.850 5.750
v 105.000 0.850 5.750
v 105.000 1.200 5.750
v 104.000 1.200 5.750
v 104.000 0.850 6.250
v 105.000 0.850 6.250
v 105.000 1.200 6.250
v 104.000 1.200 6.250
v 103.980 0.830 5.730
v 104.200 0.830 5.730
v 104.200 1.220 5.730
v 103.980 1.220 5.730
v 103.980 0.830 6.270
v 104.200 0.830 6.270
v 104.200 1.220 6.270
v 103.980 1.220 6.270
v 104.800 0.830 5.730
v 105.020 0.830 5.730
v 105.020 1.220 5.730
v 104.800 1.220 5.730
v 104.800 0.830 6.270
v 105.020 0.830 6.270
v 105.020 1.220 6.270
v 104.800 1.220 6.270
v 20.870 0.850 24.300
v 21.370 0.850 24.300
v 21.370 1.200 24.300
v 20.870 1.200 24.300
v 20.870 0.850 25.300
v 21.370 0.850 25.300
v 21.370 1.200 25.300
v 20.870 1.200 25.300
v 20.850 0.830 24.280
v 21.390 0.830 24.280
v 21.390 1.220 24.280
v 20.850 1.220 24.280
v 20.850 0.830 24.500
v 21.390 0.830 24.500
v 21.390 1.220 24.500
v 20.850 1.220 24.500
v 20.850 0.830 25.100
v 21.390 0.830 25.100
v 21.390 1.220 25.100
v 20.850 1.220 25.100
v 20.850 0.830 25.320
v 21.390 0.830 25.320
v 21.390 1.220 25.320
v 20.850 1.220 25.320
v 74.210 0.850 35.590
v 74.710 0.850 35.590
v 74.710 1.300 35.590
v 74.210 1.300 35.590
v 74.210 0.850 36.590
v 74.710 0.850 36.590
v 74.710 1.300 36.590
v 74.210 1.300 36.590
v 74.190 0.830 35.570
v 74.730 0.830 35.570
v 74.730 1.320 35.570
v 74.190 1.320 35.570
v 74.190 0.830 35.790
v 74.730 0.830 35.790
v 74.730 1.320 35.790
v 74.190 1.320 35.790
v 74.190 0.830 36.390
v 74.730 0.830 36.390
v 74.730 1.320 36.390
v 74.190 1.320 36.390
v 74.190 0.830 36.610
v 74.730 0.830 36.610
v 74.730 1.320 36.610
v 74.190 1.320 36.610
v 94.530 0.850 14.100
v 95.030 0.850 14.100
v 95.030 1.300 14.100
v 94.530 1.300 14.100
v 94.530 0.850 15.100
v 95.030 0.850 15.100
v 95.030 1.300 15.100
v 94.530 1.300 15.100
v 94.510 0.830 14.080
v 95.050 0.830 14.080
v 95.050 1.320 14.080
v 94.510 1.320 14.080
v 94.510 0.830 14.300
v 95.050 0.830 14.300
v 95.050 1.320 14.300
v 94.510 1.320 14.300
v 94.510 0.830 14.900
v 95.050 0.830 14.900
v 95.050 1.320 14.900
v 94.510 1.320 14.900
v 94.510 0.830 15.120
v 95.050 0.830 15.120
v 95.050 1.320 15.120
v 94.510 1.320 15.120
v 76.750 0.850 19.500
v 77.250 0.850 19.500
v 77.250 1.300 19.500
v 76.750 1.300 19.500
v 76.750 0.850 20.500
v 77.250 0.850 20.500
v 77.250 1.300 20.500
v 76.750 1.300 20.500
v 76.730 0.830 19.480
v 77.270 0.830 19.480
v 77.270 1.320 19.480
v 76.730 1.320 19.480
v 76.730 0.830 19.700
v 77.270 0.830 19.700
v 77.270 1.320 19.700
v 76.730 1.320 19.700
v 76.730 0.830 20.300
v 77.270 0.830 20.300
v 77.270 1.320 20.300
v 76.730 1.320 20.300
v 76.730 0.830 20.520
v 77.270 0.830 20.520
v 77.270 1.320 20.520
v 76.730 1.320 20.520
v 51.200 0.850 33.075
v 52.000 0.850 33.075
v 52.000 1.600 33.075
v 51.200 1.600 33.075
v 51.200 0.850 34.675
v 52.000 0.850 34.675
v 52.000 1.600 34.675
v 51.200 1.600 34.675
v 51.180 0.830 33.055
v 52.020 0.830 33.055
v 52.020 1.620 33.055
v 51.180 1.620 33.055
v 51.180 0.830 33.375
v 52.020 0.830 33.375
v 52.020 1.620 33.375
v 51.180 1.620 33.375
v 51.180 0.830 34.375
v 52.020 0.830 34.375
v 52.020 1.620 34.375
v 51.180 1.620 34.375
v 51.180 0.830 34.695
v 52.020 0.830 34.695
v 52.020 1.620 34.695
v 51.180 1.620 34.695
v 5.630 0.850 14.300
v 6.130 0.850 14.300
v 6.130 1.300 14.300
v 5.630 1.300 14.300
v 5.630 0.850 15.300
v 6.130 0.850 15.300
v 6.130 1.300 15.300
v 5.630 1.300 15.300
v 5.610 0.830 14.280
v 6.150 0.830 14.280
v 6.150 1.320 14.280
v 5.610 1.320 14.280
v 5.610 0.830 14.500
v 6.150 0.830 14.500
v 6.150 1.320 14.500
v 5.610 1.320 14.500
v 5.610 0.830 15.100
v 6.150 0.830 15.100
v 6.150 1.320 15.100
v 5.610 1.320 15.100
v 5.610 0.830 15.320
v 6.150 0.830 15.320
v 6.150 1.320 15.320
v 5.610 1.320 15.320
v 79.150 0.850 31.700
v 79.650 0.850 31.700
v 79.650 1.300 31.700
v 79.150 1.300 31.700
v 79.150 0.850 32.700
v 79.650 0.850 32.700
v 79.650 1.300 32.700
v 79.150 1.300 32.700
v 79.130 0.830 31.680
v 79.670 0.830 31.680
v 79.670 1.320 31.680
v 79.130 1.320 31.680
v 79.130 0.830 31.900
v 79.670 0.830 31.900
v 79.670 1.320 31.900
v 79.130 1.320 31.900
v 79.130 0.830 32.500
v 79.670 0.830 32.500
v 79.670 1.320 32.500
v 79.130 1.320 32.500
v 79.130 0.830 32.720
v 79.670 0.830 32.720
v 79.670 1.320 32.720
v 79.130 1.320 32.720
v 20.870 0.850 15.700
v 21.370 0.850 15.700
v 21.370 1.300 15.700
v 20.870 1.300 15.700
v 20.870 0.850 16.700
v 21.370 0.850 16.700
v 21.370 1.300 16.700
v 20.870 1.300 16.700
v 20.850 0.830 15.680
v 21.390 0.830 15.680
v 21.390 1.320 15.680
v 20.850 1.320 15.680
v 20.850 0.830 15.900
v 21.390 0.830 15.900
v 21.390 1.320 15.900
v 20.850 1.320 15.900
v 20.850 0.830 16.500
v 21.390 0.830 16.500
v 21.390 1.320 16.500
v 20.850 1.320 16.500
v 20.850 0.830 16.720
v 21.390 0.830 16.720
v 21.390 1.320 16.720
v 20.850 1.320 16.720
v 53.750 0.850 31.700
v 54.250 0.850 31.700
v 54.250 1.300 31.700
v 53.750 1.300 31.700
v 53.750 0.850 32.700
v 54.250 0.850 32.700
v 54.250 1.300 32.700
v 53.750 1.300 32.700
v 53.730 0.830 31.680
v 54.270 0.830 31.680
v 54.270 1.320 31.680
v 53.730 1.320 31.680
v 53.730 0.830 31.900
v 54.270 0.830 31.900
v 54.270 1.320 31.900
v 53.730 1.320 31.900
v 53.730 0.830 32.500
v 54.270 0.830 32.500
v 54.270 1.320 32.500
v 53.730 1.320 32.500
v 53.730 0.830 32.720
v 54.270 0.830 32.720
v 54.270 1.320 32.720
v 53.730 1.320 32.720
v 109.000 0.850 23.675
v 111.000 0.850 23.675
v 111.000 2.050 23.675
v 109.000 2.050 23.675
v 109.000 0.850 24.925
v 111.000 0.850 24.925
v 111.000 2.050 24.925
v 109.000 2.050 24.925
v 108.980 0.830 23.655
v 109.300 0.830 23.655
v 109.300 2.070 23.655
v 108.980 2.070 23.655
v 108.980 0.830 24.945
v 109.300 0.830 24.945
v 109.300 2.070 24.945
v 108.980 2.070 24.945
v 110.700 0.830 23.655
v 111.020 0.830 23.655
v 111.020 2.070 23.655
v 110.700 2.070 23.655
v 110.700 0.830 24.945
v 111.020 0.830 24.945
v 111.020 2.070 24.945
v 110.700 2.070 24.945
v 79.150 0.850 28.000
v 79.650 0.850 28.000
v 79.650 1.300 28.000
v 79.150 1.300 28.000
v 79.150 0.850 29.000
v 79.650 0.850 29.000
v 79.650 1.300 29.000
v 79.150 1.300 29.000
v 79.130 0.830 27.980
v 79.670 0.830 27.980
v 79.670 1.320 27.980
v 79.130 1.320 27.980
v 79.130 0.830 28.200
v 79.670 0.830 28.200
v 79.670 1.320 28.200
v 79.130 1.320 28.200
v 79.130 0.830 28.800
v 79.670 0.830 28.800
v 79.670 1.320 28.800
v 79.130 1.320 28.800
v 79.130 0.830 29.020
v 79.670 0.830 29.020
v 79.670 1.320 29.020
v 79.130 1.320 29.020
v 59.300 0.850 25.400
v 69.300 0.850 25.400
v 69.300 2.400 25.400
v 59.300 2.400 25.400
v 59.300 0.850 35.400
v 69.300 0.850 35.400
v 69.300 2.400 35.400
v 59.300 2.400 35.400
v 58.550 0.800 24.650
v 70.050 0.800 24.650
v 70.050 0.950 24.650
v 58.550 0.950 24.650
v 58.550 0.800 36.150
v 70.050 0.800 36.150
v 70.050 0.950 36.150
v 58.550 0.950 36.150
v 48.660 0.850 23.695
v 49.460 0.850 23.695
v 49.460 1.600 23.695
v 48.660 1.600 23.695
v 48.660 0.850 25.295
v 49.460 0.850 25.295
v 49.460 1.600 25.295
v 48.660 1.600 25.295
v 48.640 0.830 23.675
v 49.480 0.830 23.675
v 49.480 1.620 23.675
v 48.640 1.620 23.675
v 48.640 0.830 23.995
v 49.480 0.830 23.995
v 49.480 1.620 23.995
v 48.640 1.620 23.995
v 48.640 0.830 24.995
v 49.480 0.830 24.995
v 49.480 1.620 24.995
v 48.640 1.620 24.995
v 48.640 0.830 25.315
v 49.480 0.830 25.315
v 49.480 1.620 25.315
v 48.640 1.620 25.315
v 46.270 0.850 24.300
v 46.770 0.850 24.300
v 46.770 1.200 24.300
v 46.270 1.200 24.300
v 46.270 0.850 25.300
v 46.770 0.850 25.300
v 46.770 1.200 25.300
v 46.270 1.200 25.300
v 46.250 0.830 24.280
v 46.790 0.830 24.280
v 46.790 1.220 24.280
v 46.250 1.220 24.280
v 46.250 0.830 24.500
v 46.790 0.830 24.500
v 46.790 1.220 24.500
v 46.250 1.220 24.500
v 46.250 0.830 25.100
v 46.790 0.830 25.100
v 46.790 1.220 25.100
v 46.250 1.220 25.100
v 46.250 0.830 25.320
v 46.790 0.830 25.320
v 46.790 1.220 25.320
v 46.250 1.220 25.320
v 30.550 0.850 -1.360
v 47.250 0.850 -1.360
v 47.250 7.100 -1.360
v 30.550 7.100 -1.360
v 30.550 0.850 11.960
v 47.250 0.850 11.960
v 47.250 7.100 11.960
v 30.550 7.100 11.960
v 104.500 0.850 21.675
v 106.500 0.850 21.675
v 106.500 2.050 21.675
v 104.500 2.050 21.675
v 104.500 0.850 22.925
v 106.500 0.850 22.925
v 106.500 2.050 22.925
v 104.500 2.050 22.925
v 104.480 0.830 21.655
v 104.800 0.830 21.655
v 104.800 2.070 21.655
v 104.480 2.070 21.655
v 104.480 0.830 22.945
v 104.800 0.830 22.945
v 104.800 2.070 22.945
v 104.480 2.070 22.945
v 106.200 0.830 21.655
v 106.520 0.830 21.655
v 106.520 2.070 21.655
v 106.200 2.070 21.655
v 106.200 0.830 22.945
v 106.520 0.830 22.945
v 106.520 2.070 22.945
v 106.200 2.070 22.945
v 2.950 0.850 24.300
v 3.450 0.850 24.300
v 3.450 1.300 24.300
v 2.950 1.300 24.300
v 2.950 0.850 25.300
v 3.450 0.850 25.300
v 3.450 1.300 25.300
v 2.950 1.300 25.300
v 2.930 0.830 24.280
v 3.470 0.830 24.280
v 3.470 1.320 24.280
v 2.930 1.320 24.280
v 2.930 0.830 24.500
v 3.470 0.830 24.500
v 3.470 1.320 24.500
v 2.930 1.320 24.500
v 2.930 0.830 25.100
v 3.470 0.830 25.100
v 3.470 1.320 25.100
v 2.930 1.320 25.100
v 2.930 0.830 25.320
v 3.470 0.830 25.320
v 3.470 1.320 25.320
v 2.930 1.320 25.320
v 25.950 0.850 19.500
v 26.450 0.850 19.500
v 26.450 1.300 19.500
v 25.950 1.300 19.500
v 25.950 0.850 20.500
v 26.450 0.850 20.500
v 26.450 1.300 20.500
v 25.950 1.300 20.500
v 25.930 0.830 19.480
v 26.470 0.830 19.480
v 26.470 1.320 19.480
v 25.930 1.320 19.480
v 25.930 0.830 19.700
v 26.470 0.830 19.700
v 26.470 1.320 19.700
v 25.930 1.320 19.700
v 25.930 0.830 20.300
v 26.470 0.830 20.300
v 26.470 1.320 20.300
v 25.930 1.320 20.300
v 25.930 0.830 20.520
v 26.470 0.830 20.520
v 26.470 1.320 20.520
v 25.930 1.320 20.520
v 23.410 0.850 28.190
v 23.910 0.850 28.190
v 23.910 1.300 28.190
v 23.410 1.300 28.190
v 23.410 0.850 29.190
v 23.910 0.850 29.190
v 23.910 1.300 29.190
v 23.410 1.300 29.190
v 23.390 0.830 28.170
v 23.930 0.830 28.170
v 23.930 1.320 28.170
v 23.390 1.320 28.170
v 23.390 0.830 28.390
v 23.930 0.830 28.390
v 23.930 1.320 28.390
v 23.390 1.320 28.390
v 23.390 0.830 28.990
v 23.930 0.830 28.990
v 23.930 1.320 28.990
v 23.390 1.320 28.990
v 23.390 0.830 29.210
v 23.930 0.830 29.210
v 23.930 1.320 29.210
v 23.390 1.320 29.210
v 23.260 0.850 23.695
v 24.060 0.850 23.695
v 24.060 1.600 23.695
v 23.260 1.600 23.695
v 23.260 0.850 25.295
v 24.060 0.850 25.295
v 24.060 1.600 25.295
v 23.260 1.600 25.295
v 23.240 0.830 23.675
v 24.080 0.830 23.675
v 24.080 1.620 23.675
v 23.240 1.620 23.675
v 23.240 0.830 23.995
v 24.080 0.830 23.995
v 24.080 1.620 23.995
v 23.240 1.620 23.995
v 23.240 0.830 24.995
v 24.080 0.830 24.995
v 24.080 1.620 24.995
v 23.240 1.620 24.995
v 23.240 0.830 25.315
v 24.080 0.830 25.315
v 24.080 1.620 25.315
v 23.240 1.620 25.315
v 28.350 0.850 15.500
v 28.850 0.850 15.500
v 28.850 1.200 15.500
v 28.350 1.200 15.500
v 28.350 0.850 16.500
v 28.850 0.850 16.500
v 28.850 1.200 16.500
v 28.350 1.200 16.500
v 28.330 0.830 15.480
v 28.870 0.830 15.480
v 28.870 1.220 15.480
v 28.330 1.220 15.480
v 28.330 0.830 15.700
v 28.870 0.830 15.700
v 28.870 1.220 15.700
v 28.330 1.220 15.700
v 28.330 0.830 16.300
v 28.870 0.830 16.300
v 28.870 1.220 16.300
v 28.330 1.220 16.300
v 28.330 0.830 16.520
v 28.870 0.830 16.520
v 28.870 1.220 16.520
v 28.330 1.220 16.520
v 33.900 0.850 25.400
v 43.900 0.850 25.400
v 43.900 2.400 25.400
v 33.900 2.400 25.400
v 33.900 0.850 35.400
v 43.900 0.850 35.400
v 43.900 2.400 35.400
v 33.900 2.400 35.400
v 33.150 0.800 24.650
v 44.650 0.800 24.650
v 44.650 0.950 24.650
v 33.150 0.950 24.650
v 33.150 0.800 36.150
v 44.650 0.800 36.150
v 44.650 0.950 36.150
v 33.150 0.950 36.150
v 76.600 0.850 23.695
v 77.400 0.850 23.695
v 77.400 1.600 23.695
v 76.600 1.600 23.695
v 76.600 0.850 25.295
v 77.400 0.850 25.295
v 77.400 1.600 25.295
v 76.600 1.600 25.295
v 76.580 0.830 23.675
v 77.420 0.830 23.675
v 77.420 1.620 23.675
v 76.580 1.620 23.675
v 76.580 0.830 23.995
v 77.420 0.830 23.995
v 77.420 1.620 23.995
v 76.580 1.620 23.995
v 76.580 0.830 24.995
v 77.420 0.830 24.995
v 77.420 1.620 24.995
v 76.580 1.620 24.995
v 76.580 0.830 25.315
v 77.420 0.830 25.315
v 77.420 1.620 25.315
v 76.580 1.620 25.315
v 2.950 0.850 15.500
v 3.450 0.850 15.500
v 3.450 1.200 15.500
v 2.950 1.200 15.500
v 2.950 0.850 16.500
v 3.450 0.850 16.500
v 3.450 1.200 16.500
v 2.950 1.200 16.500
v 2.930 0.830 15.480
v 3.470 0.830 15.480
v 3.470 1.220 15.480
v 2.930 1.220 15.480
v 2.930 0.830 15.700
v 3.470 0.830 15.700
v 3.470 1.220 15.700
v 2.930 1.220 15.700
v 2.930 0.830 16.300
v 3.470 0.830 16.300
v 3.470 1.220 16.300
v 2.930 1.220 16.300
v 2.930 0.830 16.520
v 3.470 0.830 16.520
v 3.470 1.220 16.520
v 2.930 1.220 16.520
v 36.700 0.850 14.100
v 41.100 0.850 14.100
v 41.100 1.900 14.100
v 36.700 1.900 14.100
v 36.700 0.850 21.900
v 41.100 0.850 21.900
v 41.100 1.900 21.900
v 36.700 1.900 21.900
v 36.050 0.800 13.450
v 41.750 0.800 13.450
v 41.750 0.950 13.450
v 36.050 0.950 13.450
v 36.050 0.800 22.550
v 41.750 0.800 22.550
v 41.750 0.950 22.550
v 36.050 0.950 22.550
v 69.130 0.850 14.100
v 69.630 0.850 14.100
v 69.630 1.300 14.100
v 69.130 1.300 14.100
v 69.130 0.850 15.100
v 69.630 0.850 15.100
v 69.630 1.300 15.100
v 69.130 1.300 15.100
v 69.110 0.830 14.080
v 69.650 0.830 14.080
v 69.650 1.320 14.080
v 69.110 1.320 14.080
v 69.110 0.830 14.300
v 69.650 0.830 14.300
v 69.650 1.320 14.300
v 69.110 1.320 14.300
v 69.110 0.830 14.900
v 69.650 0.830 14.900
v 69.650 1.320 14.900
v 69.110 1.320 14.900
v 69.110 0.830 15.120
v 69.650 0.830 15.120
v 69.650 1.320 15.120
v 69.110 1.320 15.120
v 53.750 0.850 15.500
v 54.250 0.850 15.500
v 54.250 1.200 15.500
v 53.750 1.200 15.500
v 53.750 0.850 16.500
v 54.250 0.850 16.500
v 54.250 1.200 16.500
v 53.750 1.200 16.500
v 53.730 0.830 15.480
v 54.270 0.830 15.480
v 54.270 1.220 15.480
v 53.730 1.220 15.480
v 53.730 0.830 15.700
v 54.270 0.830 15.700
v 54.270 1.220 15.700
v 53.730 1.220 15.700
v 53.730 0.830 16.300
v 54.270 0.830 16.300
v 54.270 1.220 16.300
v 53.730 1.220 16.300
v 53.730 0.830 16.520
v 54.270 0.830 16.520
v 54.270 1.220 16.520
v 53.730 1.220 16.520
v 105.000 0.850 15.350
v 106.000 0.850 15.350
v 106.000 1.300 15.350
v 105.000 1.300 15.350
v 105.000 0.850 15.850
v 106.000 0.850 15.850
v 106.000 1.300 15.850
v 105.000 1.300 15.850
v 104.980 0.830 15.330
v 105.200 0.830 15.330
v 105.200 1.320 15.330
v 104.980 1.320 15.330
v 104.980 0.830 15.870
v 105.200 0.830 15.870
v 105.200 1.320 15.870
v 104.980 1.320 15.870
v 105.800 0.830 15.330
v 106.020 0.830 15.330
v 106.020 1.320 15.330
v 105.800 1.320 15.330
v 105.800 0.830 15.870
v 106.020 0.830 15.870
v 106.020 1.320 15.870
v 105.800 1.320 15.870
v 23.410 0.850 31.890
v 23.910 0.850 31.890
v 23.910 1.300 31.890
v 23.410 1.300 31.890
v 23.410 0.850 32.890
v 23.910 0.850 32.890
v 23.910 1.300 32.890
v 23.410 1.300 32.890
v 23.390 0.830 31.870
v 23.930 0.830 31.870
v 23.930 1.320 31.870
v 23.390 1.320 31.870
v 23.390 0.830 32.090
v 23.930 0.830 32.090
v 23.930 1.320 32.090
v 23.390 1.320 32.090
v 23.390 0.830 32.690
v 23.930 0.830 32.690
v 23.930 1.320 32.690
v 23.390 1.320 32.690
v 23.390 0.830 32.910
v 23.930 0.830 32.910
v 23.930 1.320 32.910
v 23.390 1.320 32.910
v 102.150 0.850 19.500
v 102.650 0.850 19.500
v 102.650 1.300 19.500
v 102.150 1.300 19.500
v 102.150 0.850 20.500
v 102.650 0.850 20.500
v 102.650 1.300 20.500
v 102.150 1.300 20.500
v 102.130 0.830 19.480
v 102.670 0.830 19.480
v 102.670 1.320 19.480
v 102.130 1.320 19.480
v 102.130 0.830 19.700
v 102.670 0.830 19.700
v 102.670 1.320 19.700
v 102.130 1.320 19.700
v 102.130 0.830 20.300
v 102.670 0.830 20.300
v 102.670 1.320 20.300
v 102.130 1.320 20.300
v 102.130 0.830 20.520
v 102.670 0.830 20.520
v 102.670 1.320 20.520
v 102.130 1.320 20.520
v 104.050 0.850 17.700
v 106.950 0.850 17.700
v 106.950 1.800 17.700
v 104.050 1.800 17.700
v 104.050 0.850 19.300
v 106.950 0.850 19.300
v 106.950 1.800 19.300
v 104.050 1.800 19.300
v 103.550 0.800 17.200
v 107.450 0.800 17.200
v 107.450 0.950 17.200
v 103.550 0.950 17.200
v 103.550 0.800 19.800
v 107.450 0.800 19.800
v 107.450 0.950 19.800
v 103.550 0.950 19.800
v 79.150 0.850 15.500
v 79.650 0.850 15.500
v 79.650 1.200 15.500
v 79.150 1.200 15.500
v 79.150 0.850 16.500
v 79.650 0.850 16.500
v 79.650 1.200 16.500
v 79.150 1.200 16.500
v 79.130 0.830 15.480
v 79.670 0.830 15.480
v 79.670 1.220 15.480
v 79.130 1.220 15.480
v 79.130 0.830 15.700
v 79.670 0.830 15.700
v 79.670 1.220 15.700
v 79.130 1.220 15.700
v 79.130 0.830 16.300
v 79.670 0.830 16.300
v 79.670 1.220 16.300
v 79.130 1.220 16.300
v 79.130 0.830 16.520
v 79.670 0.830 16.520
v 79.670 1.220 16.520
v 79.130 1.220 16.520
v 102.000 0.850 23.695
v 102.800 0.850 23.695
v 102.800 1.600 23.695
v 102.000 1.600 23.695
v 102.000 0.850 25.295
v 102.800 0.850 25.295
v 102.800 1.600 25.295
v 102.000 1.600 25.295
v 101.980 0.830 23.675
v 102.820 0.830 23.675
v 102.820 1.620 23.675
v 101.980 1.620 23.675
v 101.980 0.830 23.995
v 102.820 0.830 23.995
v 102.820 1.620 23.995
v 101.980 1.620 23.995
v 101.980 0.830 24.995
v 102.820 0.830 24.995
v 102.820 1.620 24.995
v 101.980 1.620 24.995
v 101.980 0.830 25.315
v 102.820 0.830 25.315
v 102.820 1.620 25.315
v 101.980 1.620 25.315
v 43.730 0.850 14.100
v 44.230 0.850 14.100
v 44.230 1.300 14.100
v 43.730 1.300 14.100
v 43.730 0.850 15.100
v 44.230 0.850 15.100
v 44.230 1.300 15.100
v 43.730 1.300 15.100
v 43.710 0.830 14.080
v 44.250 0.830 14.080
v 44.250 1.320 14.080
v 43.710 1.320 14.080
v 43.710 0.830 14.300
v 44.250 0.830 14.300
v 44.250 1.320 14.300
v 43.710 1.320 14.300
v 43.710 0.830 14.900
v 44.250 0.830 14.900
v 44.250 1.320 14.900
v 43.710 1.320 14.900
v 43.710 0.830 15.120
v 44.250 0.830 15.120
v 44.250 1.320 15.120
v 43.710 1.320 15.120
v 53.750 0.850 24.300
v 54.250 0.850 24.300
v 54.250 1.300 24.300
v 53.750 1.300 24.300
v 53.750 0.850 25.300
v 54.250 0.850 25.300
v 54.250 1.300 25.300
v 53.750 1.300 25.300
v 53.730 0.830 24.280
v 54.270 0.830 24.280
v 54.270 1.320 24.280
v 53.730 1.320 24.280
v 53.730 0.830 24.500
v 54.270 0.830 24.500
v 54.270 1.320 24.500
v 53.730 1.320 24.500
v 53.730 0.830 25.100
v 54.270 0.830 25.100
v 54.270 1.320 25.100
v 53.730 1.320 25.100
v 53.730 0.830 25.320
v 54.270 0.830 25.320
v 54.270 1.320 25.320
v 53.730 1.320 25.320
v 71.670 0.850 24.300
v 72.170 0.850 24.300
v 72.170 1.200 24.300
v 71.670 1.200 24.300
v 71.670 0.850 25.300
v 72.170 0.850 25.300
v 72.170 1.200 25.300
v 71.670 1.200 25.300
v 71.650 0.830 24.280
v 72.190 0.830 24.280
v 72.190 1.220 24.280
v 71.650 1.220 24.280
v 71.650 0.830 24.500
v 72.190 0.830 24.500
v 72.190 1.220 24.500
v 71.650 1.220 24.500
v 71.650 0.830 25.100
v 72.190 0.830 25.100
v 72.190 1.220 25.100
v 71.650 1.220 25.100
v 71.650 0.830 25.320
v 72.190 0.830 25.320
v 72.190 1.220 25.320
v 71.650 1.220 25.320
v 48.810 0.850 31.890
v 49.310 0.850 31.890
v 49.310 1.300 31.890
v 48.810 1.300 31.890
v 48.810 0.850 32.890
v 49.310 0.850 32.890
v 49.310 1.300 32.890
v 48.810 1.300 32.890
v 48.790 0.830 31.870
v 49.330 0.830 31.870
v 49.330 1.320 31.870
v 48.790 1.320 31.870
v 48.790 0.830 32.090
v 49.330 0.830 32.090
v 49.330 1.320 32.090
v 48.790 1.320 32.090
v 48.790 0.830 32.690
v 49.330 0.830 32.690
v 49.330 1.320 32.690
v 48.790 1.320 32.690
v 48.790 0.830 32.910
v 49.330 0.830 32.910
v 49.330 1.320 32.910
v 48.790 1.320 32.910
v 74.210 0.850 31.890
v 74.710 0.850 31.890
v 74.710 1.300 31.890
v 74.210 1.300 31.890
v 74.210 0.850 32.890
v 74.710 0.850 32.890
v 74.710 1.300 32.890
v 74.210 1.300 32.890
v 74.190 0.830 31.870
v 74.730 0.830 31.870
v 74.730 1.320 31.870
v 74.190 1.320 31.870
v 74.190 0.830 32.090
v 74.730 0.830 32.090
v 74.730 1.320 32.090
v 74.190 1.320 32.090
v 74.190 0.830 32.690
v 74.730 0.830 32.690
v 74.730 1.320 32.690
v 74.190 1.320 32.690
v 74.190 0.830 32.910
v 74.730 0.830 32.910
v 74.730 1.320 32.910
v 74.190 1.320 32.910
v 11.300 0.850 14.100
v 15.700 0.850 14.100
v 15.700 1.900 14.100
v 11.300 1.900 14.100
v 11.300 0.850 21.900
v 15.700 0.850 21.900
v 15.700 1.900 21.900
v 11.300 1.900 21.900
v 10.650 0.800 13.450
v 16.350 0.800 13.450
v 16.350 0.950 13.450
v 10.650 0.950 13.450
v 10.650 0.800 22.550
v 16.350 0.800 22.550
v 16.350 0.950 22.550
v 10.650 0.950 22.550
v 5.150 0.850 -1.360
v 21.850 0.850 -1.360
v 21.850 7.100 -1.360
v 5.150 7.100 -1.360
v 5.150 0.850 11.960
v 21.850 0.850 11.960
v 21.850 7.100 11.960
v 5.150 7.100 11.960
v 99.460 0.850 23.695
v 100.260 0.850 23.695
v 100.260 1.600 23.695
v 99.460 1.600 23.695
v 99.460 0.850 25.295
v 100.260 0.850 25.295
v 100.260 1.600 25.295
v 99.460 1.600 25.295
v 99.440 0.830 23.675
v 100.280 0.830 23.675
v 100.280 1.620 23.675
v 99.440 1.620 23.675
v 99.440 0.830 23.995
v 100.280 0.830 23.995
v 100.280 1.620 23.995
v 99.440 1.620 23.995
v 99.440 0.830 24.995
v 100.280 0.830 24.995
v 100.280 1.620 24.995
v 99.440 1.620 24.995
v 99.440 0.830 25.315
v 100.280 0.830 25.315
v 100.280 1.620 25.315
v 99.440 1.620 25.315
v 51.200 0.850 28.385
v 52.000 0.850 28.385
v 52.000 1.600 28.385
v 51.200 1.600 28.385
v 51.200 0.850 29.985
v 52.000 0.850 29.985
v 52.000 1.600 29.985
v 51.200 1.600 29.985
v 51.180 0.830 28.365
v 52.020 0.830 28.365
v 52.020 1.620 28.365
v 51.180 1.620 28.365
v 51.180 0.830 28.685
v 52.020 0.830 28.685
v 52.020 1.620 28.685
v 51.180 1.620 28.685
v 51.180 0.830 29.685
v 52.020 0.830 29.685
v 52.020 1.620 29.685
v 51.180 1.620 29.685
v 51.180 0.830 30.005
v 52.020 0.830 30.005
v 52.020 1.620 30.005
v 51.180 1.620 30.005
v 84.700 0.850 25.400
v 94.700 0.850 25.400
v 94.700 2.400 25.400
v 84.700 2.400 25.400
v 84.700 0.850 35.400
v 94.700 0.850 35.400
v 94.700 2.400 35.400
v 84.700 2.400 35.400
v 83.950 0.800 24.650
v 95.450 0.800 24.650
v 95.450 0.950 24.650
v 83.950 0.950 24.650
v 83.950 0.800 36.150
v 95.450 0.800 36.150
v 95.450 0.950 36.150
v 83.950 0.950 36.150
v 71.670 0.850 15.700
v 72.170 0.850 15.700
v 72.170 1.300 15.700
v 71.670 1.300 15.700
v 71.670 0.850 16.700
v 72.170 0.850 16.700
v 72.170 1.300 16.700
v 71.670 1.300 16.700
v 71.650 0.830 15.680
v 72.190 0.830 15.680
v 72.190 1.320 15.680
v 71.650 1.320 15.680
v 71.650 0.830 15.900
v 72.190 0.830 15.900
v 72.190 1.320 15.900
v 71.650 1.320 15.900
v 71.650 0.830 16.500
v 72.190 0.830 16.500
v 72.190 1.320 16.500
v 71.650 1.320 16.500
v 71.650 0.830 16.720
v 72.190 0.830 16.720
v 72.190 1.320 16.720
v 71.650 1.320 16.720
v 74.210 0.850 28.190
v 74.710 0.850 28.190
v 74.710 1.300 28.190
v 74.210 1.300 28.190
v 74.210 0.850 29.190
v 74.710 0.850 29.190
v 74.710 1.300 29.190
v 74.210 1.300 29.190
v 74.190 0.830 28.170
v 74.730 0.830 28.170
v 74.730 1.320 28.170
v 74.190 1.320 28.170
v 74.190 0.830 28.390
v 74.730 0.830 28.390
v 74.730 1.320 28.390
v 74.190 1.320 28.390
v 74.190 0.830 28.990
v 74.730 0.830 28.990
v 74.730 1.320 28.990
v 74.190 1.320 28.990
v 74.190 0.830 29.210
v 74.730 0.830 29.210
v 74.730 1.320 29.210
v 74.190 1.320 29.210
v 46.120 0.850 19.595
v 46.920 0.850 19.595
v 46.920 1.600 19.595
v 46.120 1.600 19.595
v 46.120 0.850 21.195
v 46.920 0.850 21.195
v 46.920 1.600 21.195
v 46.120 1.600 21.195
v 46.100 0.830 19.575
v 46.940 0.830 19.575
v 46.940 1.620 19.575
v 46.100 1.620 19.575
v 46.100 0.830 19.895
v 46.940 0.830 19.895
v 46.940 1.620 19.895
v 46.100 1.620 19.895
v 46.100 0.830 20.895
v 46.940 0.830 20.895
v 46.940 1.620 20.895
v 46.100 1.620 20.895
v 46.100 0.830 21.215
v 46.940 0.830 21.215
v 46.940 1.620 21.215
v 46.100 1.620 21.215
v 46.270 0.850 27.200
v 46.770 0.850 27.200
v 46.770 1.300 27.200
v 46.270 1.300 27.200
v 46.270 0.850 28.200
v 46.770 0.850 28.200
v 46.770 1.300 28.200
v 46.270 1.300 28.200
v 46.250 0.830 27.180
v 46.790 0.830 27.180
v 46.790 1.320 27.180
v 46.250 1.320 27.180
v 46.250 0.830 27.400
v 46.790 0.830 27.400
v 46.790 1.320 27.400
v 46.250 1.320 27.400
v 46.250 0.830 28.000
v 46.790 0.830 28.000
v 46.790 1.320 28.000
v 46.250 1.320 28.000
v 46.250 0.830 28.220
v 46.790 0.830 28.220
v 46.790 1.320 28.220
v 46.250 1.320 28.220
v 8.500 0.850 25.400
v 18.500 0.850 25.400
v 18.500 2.400 25.400
v 8.500 2.400 25.400
v 8.500 0.850 35.400
v 18.500 0.850 35.400
v 18.500 2.400 35.400
v 8.500 2.400 35.400
v 7.750 0.800 24.650
v 19.250 0.800 24.650
v 19.250 0.950 24.650
v 7.750 0.950 24.650
v 7.750 0.800 36.150
v 19.250 0.800 36.150
v 19.250 0.950 36.150
v 7.750 0.950 36.150
v 28.350 0.850 28.000
v 28.850 0.850 28.000
v 28.850 1.300 28.000
v 28.350 1.300 28.000
v 28.350 0.850 29.000
v 28.850 0.850 29.000
v 28.850 1.300 29.000
v 28.350 1.300 29.000
v 28.330 0.830 27.980
v 28.870 0.830 27.980
v 28.870 1.320 27.980
v 28.330 1.320 27.980
v 28.330 0.830 28.200
v 28.870 0.830 28.200
v 28.870 1.320 28.200
v 28.330 1.320 28.200
v 28.330 0.830 28.800
v 28.870 0.830 28.800
v 28.870 1.320 28.800
v 28.330 1.320 28.800
v 28.330 0.830 29.020
v 28.870 0.830 29.020
v 28.870 1.320 29.020
v 28.330 1.320 29.020
v 99.610 0.850 28.190
v 100.110 0.850 28.190
v 100.110 1.300 28.190
v 99.610 1.300 28.190
v 99.610 0.850 29.190
v 100.110 0.850 29.190
v 100.110 1.300 29.190
v 99.610 1.300 29.190
v 99.590 0.830 28.170
v 100.130 0.830 28.170
v 100.130 1.320 28.170
v 99.590 1.320 28.170
v 99.590 0.830 28.390
v 100.130 0.830 28.390
v 100.130 1.320 28.390
v 99.590 1.320 28.390
v 99.590 0.830 28.990
v 100.130 0.830 28.990
v 100.130 1.320 28.990
v 99.590 1.320 28.990
v 99.590 0.830 29.210
v 100.130 0.830 29.210
v 100.130 1.320 29.210
v 99.590 1.320 29.210
v 46.270 0.850 15.700
v 46.770 0.850 15.700
v 46.770 1.300 15.700
v 46.270 1.300 15.700
v 46.270 0.850 16.700
v 46.770 0.850 16.700
v 46.770 1.300 16.700
v 46.270 1.300 16.700
v 46.250 0.830 15.680
v 46.790 0.830 15.680
v 46.790 1.320 15.680
v 46.250 1.320 15.680
v 46.250 0.830 15.900
v 46.790 0.830 15.900
v 46.790 1.320 15.900
v 46.250 1.320 15.900
v 46.250 0.830 16.500
v 46.790 0.830 16.500
v 46.790 1.320 16.500
v 46.250 1.320 16.500
v 46.250 0.830 16.720
v 46.790 0.830 16.720
v 46.790 1.320 16.720
v 46.250 1.320 16.720
v 104.500 0.850 24.175
v 106.500 0.850 24.175
v 106.500 2.050 24.175
v 104.500 2.050 24.175
v 104.500 0.850 25.425
v 106.500 0.850 25.425
v 106.500 2.050 25.425
v 104.500 2.050 25.425
v 104.480 0.830 24.155
v 104.800 0.830 24.155
v 104.800 2.070 24.155
v 104.480 2.070 24.155
v 104.480 0.830 25.445
v 104.800 0.830 25.445
v 104.800 2.070 25.445
v 104.480 2.070 25.445
v 106.200 0.830 24.155
v 106.520 0.830 24.155
v 106.520 2.070 24.155
v 106.200 2.070 24.155
v 106.200 0.830 25.445
v 106.520 0.830 25.445
v 106.520 2.070 25.445
v 106.200 2.070 25.445
v 97.070 0.850 15.700
v 97.570 0.850 15.700
v 97.570 1.300 15.700
v 97.070 1.300 15.700
v 97.070 0.850 16.700
v 97.570 0.850 16.700
v 97.570 1.300 16.700
v 97.070 1.300 16.700
v 97.050 0.830 15.680
v 97.590 0.830 15.680
v 97.590 1.320 15.680
v 97.050 1.320 15.680
v 97.050 0.830 15.900
v 97.590 0.830 15.900
v 97.590 1.320 15.900
v 97.050 1.320 15.900
v 97.050 0.830 16.500
v 97.590 0.830 16.500
v 97.590 1.320 16.500
v 97.050 1.320 16.500
v 97.050 0.830 16.720
v 97.590 0.830 16.720
v 97.590 1.320 16.720
v 97.050 1.320 16.720
v 104.000 0.850 2.250
v 105.000 0.850 2.250
v 105.000 1.200 2.250
v 104.000 1.200 2.250
v 104.000 0.850 2.750
v 105.000 0.850 2.750
v 105.000 1.200 2.750
v 104.000 1.200 2.750
v 103.980 0.830 2.230
v 104.200 0.830 2.230
v 104.200 1.220 2.230
v 103.980 1.220 2.230
v 103.980 0.830 2.770
v 104.200 0.830 2.770
v 104.200 1.220 2.770
v 103.980 1.220 2.770
v 104.800 0.830 2.230
v 105.020 0.830 2.230
v 105.020 1.220 2.230
v 104.800 1.220 2.230
v 104.800 0.830 2.770
v 105.020 0.830 2.770
v 105.020 1.220 2.770
v 104.800 1.220 2.770
v 76.600 0.850 28.385
v 77.400 0.850 28.385
v 77.400 1.600 28.385
v 76.600 1.600 28.385
v 76.600 0.850 29.985
v 77.400 0.850 29.985
v 77.400 1.600 29.985
v 76.600 1.600 29.985
v 76.580 0.830 28.365
v 77.420 0.830 28.365
v 77.420 1.620 28.365
v 76.580 1.620 28.365
v 76.580 0.830 28.685
v 77.420 0.830 28.685
v 77.420 1.620 28.685
v 76.580 1.620 28.685
v 76.580 0.830 29.685
v 77.420 0.830 29.685
v 77.420 1.620 29.685
v 76.580 1.620 29.685
v 76.580 0.830 30.005
v 77.420 0.830 30.005
v 77.420 1.620 30.005
v 76.580 1.620 30.005
v 97.070 0.850 24.300
v 97.570 0.850 24.300
v 97.570 1.200 24.300
v 97.070 1.200 24.300
v 97.070 0.850 25.300
v 97.570 0.850 25.300
v 97.570 1.200 25.300
v 97.070 1.200 25.300
v 97.050 0.830 24.280
v 97.590 0.830 24.280
v 97.590 1.220 24.280
v 97.050 1.220 24.280
v 97.050 0.830 24.500
v 97.590 0.830 24.500
v 97.590 1.220 24.500
v 97.050 1.220 24.500
v 97.050 0.830 25.100
v 97.590 0.830 25.100
v 97.590 1.220 25.100
v 97.050 1.220 25.100
v 97.050 0.830 25.320
v 97.590 0.830 25.320
v 97.590 1.220 25.320
v 97.050 1.220 25.320
v 99.610 0.850 31.890
v 100.110 0.850 31.890
v 100.110 1.300 31.890
v 99.610 1.300 31.890
v 99.610 0.850 32.890
v 100.110 0.850 32.890
v 100.110 1.300 32.890
v 99.610 1.300 32.890
v 99.590 0.830 31.870
v 100.130 0.830 31.870
v 100.130 1.320 31.870
v 99.590 1.320 31.870
v 99.590 0.830 32.090
v 100.130 0.830 32.090
v 100.130 1.320 32.090
v 99.590 1.320 32.090
v 99.590 0.830 32.690
v 100.130 0.830 32.690
v 100.130 1.320 32.690
v 99.590 1.320 32.690
v 99.590 0.830 32.910
v 100.130 0.830 32.910
v 100.130 1.320 32.910
v 99.590 1.320 32.910
v 62.100 0.850 14.100
v 66.500 0.850 14.100
v 66.500 1.900 14.100
v 62.100 1.900 14.100
v 62.100 0.850 21.900
v 66.500 0.850 21.900
v 66.500 1.900 21.900
v 62.100 1.900 21.900
v 61.450 0.800 13.450
v 67.150 0.800 13.450
v 67.150 0.950 13.450
v 61.450 0.950 13.450
v 61.450 0.800 22.550
v 67.150 0.800 22.550
v 67.150 0.950 22.550
v 61.450 0.950 22.550
v 25.800 0.850 33.075
v 26.600 0.850 33.075
v 26.600 1.600 33.075
v 25.800 1.600 33.075
v 25.800 0.850 34.675
v 26.600 0.850 34.675
v 26.600 1.600 34.675
v 25.800 1.600 34.675
v 25.780 0.830 33.055
v 26.620 0.830 33.055
v 26.620 1.620 33.055
v 25.780 1.620 33.055
v 25.780 0.830 33.375
v 26.620 0.830 33.375
v 26.620 1.620 33.375
v 25.780 1.620 33.375
v 25.780 0.830 34.375
v 26.620 0.830 34.375
v 26.620 1.620 34.375
v 25.780 1.620 34.375
v 25.780 0.830 34.695
v 26.620 0.830 34.695
v 26.620 1.620 34.695
v 25.780 1.620 34.695
v 25.800 0.850 28.385
v 26.600 0.850 28.385
v 26.600 1.600 28.385
v 25.800 1.600 28.385
v 25.800 0.850 29.985
v 26.600 0.850 29.985
v 26.600 1.600 29.985
v 25.800 1.600 29.985
v 25.780 0.830 28.365
v 26.620 0.830 28.365
v 26.620 1.620 28.365
v 25.780 1.620 28.365
v 25.780 0.830 28.685
v 26.620 0.830 28.685
v 26.620 1.620 28.685
v 25.780 1.620 28.685
v 25.780 0.830 29.685
v 26.620 0.830 29.685
v 26.620 1.620 29.685
v 25.780 1.620 29.685
v 25.780 0.830 30.005
v 26.620 0.830 30.005
v 26.620 1.620 30.005
v 25.780 1.620 30.005
v 20.720 0.850 19.595
v 21.520 0.850 19.595
v 21.520 1.600 19.595
v 20.720 1.600 19.595
v 20.720 0.850 21.195
v 21.520 0.850 21.195
v 21.520 1.600 21.195
v 20.720 1.600 21.195
v 20.700 0.830 19.575
v 21.540 0.830 19.575
v 21.540 1.620 19.575
v 20.700 1.620 19.575
v 20.700 0.830 19.895
v 21.540 0.830 19.895
v 21.540 1.620 19.895
v 20.700 1.620 19.895
v 20.700 0.830 20.895
v 21.540 0.830 20.895
v 21.540 1.620 20.895
v 20.700 1.620 20.895
v 20.700 0.830 21.215
v 21.540 0.830 21.215
v 21.540 1.620 21.215
v 20.700 1.620 21.215
v 108.000 0.850 17.500
v 112.000 0.850 17.500
v 112.000 2.600 17.500
v 108.000 2.600 17.500
v 108.000 0.850 21.500
v 112.000 0.850 21.500
v 112.000 2.600 21.500
v 108.000 2.600 21.500
v 107.980 0.830 17.480
v 108.300 0.830 17.480
v 108.300 2.620 17.480
v 107.980 2.620 17.480
v 107.980 0.830 21.520
v 108.300 0.830 21.520
v 108.300 2.620 21.520
v 107.980 2.620 21.520
v 111.700 0.830 17.480
v 112.020 0.830 17.480
v 112.020 2.620 17.480
v 111.700 2.620 17.480
v 111.700 0.830 21.520
v 112.020 0.830 21.520
v 112.020 2.620 21.520
v 111.700 2.620 21.520
v 107.300 0.850 15.750
v 108.300 0.850 15.750
v 108.300 1.300 15.750
v 107.300 1.300 15.750
v 107.300 0.850 16.250
v 108.300 0.850 16.250
v 108.300 1.300 16.250
v 107.300 1.300 16.250
v 107.280 0.830 15.730
v 107.500 0.830 15.730
v 107.500 1.320 15.730
v 107.280 1.320 15.730
v 107.280 0.830 16.270
v 107.500 0.830 16.270
v 107.500 1.320 16.270
v 107.280 1.320 16.270
v 108.100 0.830 15.730
v 108.320 0.830 15.730
v 108.320 1.320 15.730
v 108.100 1.320 15.730
v 108.100 0.830 16.270
v 108.320 0.830 16.270
v 108.320 1.320 16.270
v 108.100 1.320 16.270
v 102.000 0.850 33.075
v 102.800 0.850 33.075
v 102.800 1.600 33.075
v 102.000 1.600 33.075
v 102.000 0.850 34.675
v 102.800 0.850 34.675
v 102.800 1.600 34.675
v 102.000 1.600 34.675
v 101.980 0.830 33.055
v 102.820 0.830 33.055
v 102.820 1.620 33.055
v 101.980 1.620 33.055
v 101.980 0.830 33.375
v 102.820 0.830 33.375
v 102.820 1.620 33.375
v 101.980 1.620 33.375
v 101.980 0.830 34.375
v 102.820 0.830 34.375
v 102.820 1.620 34.375
v 101.980 1.620 34.375
v 101.980 0.830 34.695
v 102.820 0.830 34.695
v 102.820 1.620 34.695
v 101.980 1.620 34.695
v 102.000 0.850 28.385
v 102.800 0.850 28.385
v 102.800 1.600 28.385
v 102.000 1.600 28.385
v 102.000 0.850 29.985
v 102.800 0.850 29.985
v 102.800 1.600 29.985
v 102.000 1.600 29.985
v 101.980 0.830 28.365
v 102.820 0.830 28.365
v 102.820 1.620 28.365
v 101.980 1.620 28.365
v 101.980 0.830 28.685
v 102.820 0.830 28.685
v 102.820 1.620 28.685
v 101.980 1.620 28.685
v 101.980 0.830 29.685
v 102.820 0.830 29.685
v 102.820 1.620 29.685
v 101.980 1.620 29.685
v 101.980 0.830 30.005
v 102.820 0.830 30.005
v 102.820 1.620 30.005
v 101.980 1.620 30.005
v 99.610 0.850 35.590
v 100.110 0.850 35.590
v 100.110 1.300 35.590
v 99.610 1.300 35.590
v 99.610 0.850 36.590
v 100.110 0.850 36.590
v 100.110 1.300 36.590
v 99.610 1.300 36.590
v 99.590 0.830 35.570
v 100.130 0.830 35.570
v 100.130 1.320 35.570
v 99.590 1.320 35.570
v 99.590 0.830 35.790
v 100.130 0.830 35.790
v 100.130 1.320 35.790
v 99.590 1.320 35.790
v 99.590 0.830 36.390
v 100.130 0.830 36.390
v 100.130 1.320 36.390
v 99.590 1.320 36.390
v 99.590 0.830 36.610
v 100.130 0.830 36.610
v 100.130 1.320 36.610
v 99.590 1.320 36.610
v 71.670 0.850 27.200
v 72.170 0.850 27.200
v 72.170 1.300 27.200
v 71.670 1.300 27.200
v 71.670 0.850 28.200
v 72.170 0.850 28.200
v 72.170 1.300 28.200
v 71.670 1.300 28.200
v 71.650 0.830 27.180
v 72.190 0.830 27.180
v 72.190 1.320 27.180
v 71.650 1.320 27.180
v 71.650 0.830 27.400
v 72.190 0.830 27.400
v 72.190 1.320 27.400
v 71.650 1.320 27.400
v 71.650 0.830 28.000
v 72.190 0.830 28.000
v 72.190 1.320 28.000
v 71.650 1.320 28.000
v 71.650 0.830 28.220
v 72.190 0.830 28.220
v 72.190 1.320 28.220
v 71.650 1.320 28.220
v 53.750 0.850 28.000
v 54.250 0.850 28.000
v 54.250 1.300 28.000
v 53.750 1.300 28.000
v 53.750 0.850 29.000
v 54.250 0.850 29.000
v 54.250 1.300 29.000
v 53.750 1.300 29.000
v 53.730 0.830 27.980
v 54.270 0.830 27.980
v 54.270 1.320 27.980
v 53.730 1.320 27.980
v 53.730 0.830 28.200
v 54.270 0.830 28.200
v 54.270 1.320 28.200
v 53.730 1.320 28.200
v 53.730 0.830 28.800
v 54.270 0.830 28.800
v 54.270 1.320 28.800
v 53.730 1.320 28.800
v 53.730 0.830 29.020
v 54.270 0.830 29.020
v 54.270 1.320 29.020
v 53.730 1.320 29.020
v 48.810 0.850 35.590
v 49.310 0.850 35.590
v 49.310 1.300 35.590
v 48.810 1.300 35.590
v 48.810 0.850 36.590
v 49.310 0.850 36.590
v 49.310 1.300 36.590
v 48.810 1.300 36.590
v 48.790 0.830 35.570
v 49.330 0.830 35.570
v 49.330 1.320 35.570
v 48.790 1.320 35.570
v 48.790 0.830 35.790
v 49.330 0.830 35.790
v 49.330 1.320 35.790
v 48.790 1.320 35.790
v 48.790 0.830 36.390
v 49.330 0.830 36.390
v 49.330 1.320 36.390
v 48.790 1.320 36.390
v 48.790 0.830 36.610
v 49.330 0.830 36.610
v 49.330 1.320 36.610
v 48.790 1.320 36.610
v 2.950 0.850 31.700
v 3.450 0.850 31.700
v 3.450 1.300 31.700
v 2.950 1.300 31.700
v 2.950 0.850 32.700
v 3.450 0.850 32.700
v 3.450 1.300 32.700
v 2.950 1.300 32.700
v 2.930 0.830 31.680
v 3.470 0.830 31.680
v 3.470 1.320 31.680
v 2.930 1.320 31.680
v 2.930 0.830 31.900
v 3.470 0.830 31.900
v 3.470 1.320 31.900
v 2.930 1.320 31.900
v 2.930 0.830 32.500
v 3.470 0.830 32.500
v 3.470 1.320 32.500
v 2.930 1.320 32.500
v 2.930 0.830 32.720
v 3.470 0.830 32.720
v 3.470 1.320 32.720
v 2.930 1.320 32.720
v 28.350 0.850 24.300
v 28.850 0.850 24.300
v 28.850 1.300 24.300
v 28.350 1.300 24.300
v 28.350 0.850 25.300
v 28.850 0.850 25.300
v 28.850 1.300 25.300
v 28.350 1.300 25.300
v 28.330 0.830 24.280
v 28.870 0.830 24.280
v 28.870 1.320 24.280
v 28.330 1.320 24.280
v 28.330 0.830 24.500
v 28.870 0.830 24.500
v 28.870 1.320 24.500
v 28.330 1.320 24.500
v 28.330 0.830 25.100
v 28.870 0.830 25.100
v 28.870 1.320 25.100
v 28.330 1.320 25.100
v 28.330 0.830 25.320
v 28.870 0.830 25.320
v 28.870 1.320 25.320
v 28.330 1.320 25.320
v 97.070 0.850 27.200
v 97.570 0.850 27.200
v 97.570 1.300 27.200
v 97.070 1.300 27.200
v 97.070 0.850 28.200
v 97.570 0.850 28.200
v 97.570 1.300 28.200
v 97.070 1.300 28.200
v 97.050 0.830 27.180
v 97.590 0.830 27.180
v 97.590 1.320 27.180
v 97.050 1.320 27.180
v 97.050 0.830 27.400
v 97.590 0.830 27.400
v 97.590 1.320 27.400
v 97.050 1.320 27.400
v 97.050 0.830 28.000
v 97.590 0.830 28.000
v 97.590 1.320 28.000
v 97.050 1.320 28.000
v 97.050 0.830 28.220
v 97.590 0.830 28.220
v 97.590 1.320 28.220
v 97.050 1.320 28.220
v 56.430 0.850 14.300
v 56.930 0.850 14.300
v 56.930 1.300 14.300
v 56.430 1.300 14.300
v 56.430 0.850 15.300
v 56.930 0.850 15.300
v 56.930 1.300 15.300
v 56.430 1.300 15.300
v 56.410 0.830 14.280
v 56.950 0.830 14.280
v 56.950 1.320 14.280
v 56.410 1.320 14.280
v 56.410 0.830 14.500
v 56.950 0.830 14.500
v 56.950 1.320 14.500
v 56.410 1.320 14.500
v 56.410 0.830 15.100
v 56.950 0.830 15.100
v 56.950 1.320 15.100
v 56.410 1.320 15.100
v 56.410 0.830 15.320
v 56.950 0.830 15.320
v 56.950 1.320 15.320
v 56.410 1.320 15.320
v 25.800 0.850 23.695
v 26.600 0.850 23.695
v 26.600 1.600 23.695
v 25.800 1.600 23.695
v 25.800 0.850 25.295
v 26.600 0.850 25.295
v 26.600 1.600 25.295
v 25.800 1.600 25.295
v 25.780 0.830 23.675
v 26.620 0.830 23.675
v 26.620 1.620 23.675
v 25.780 1.620 23.675
v 25.780 0.830 23.995
v 26.620 0.830 23.995
v 26.620 1.620 23.995
v 25.780 1.620 23.995
v 25.780 0.830 24.995
v 26.620 0.830 24.995
v 26.620 1.620 24.995
v 25.780 1.620 24.995
v 25.780 0.830 25.315
v 26.620 0.830 25.315
v 26.620 1.620 25.315
v 25.780 1.620 25.315
v 74.060 0.850 23.695
v 74.860 0.850 23.695
v 74.860 1.600 23.695
v 74.060 1.600 23.695
v 74.060 0.850 25.295
v 74.860 0.850 25.295
v 74.860 1.600 25.295
v 74.060 1.600 25.295
v 74.040 0.830 23.675
v 74.880 0.830 23.675
v 74.880 1.620 23.675
v 74.040 1.620 23.675
v 74.040 0.830 23.995
v 74.880 0.830 23.995
v 74.880 1.620 23.995
v 74.040 1.620 23.995
v 74.040 0.830 24.995
v 74.880 0.830 24.995
v 74.880 1.620 24.995
v 74.040 1.620 24.995
v 74.040 0.830 25.315
v 74.880 0.830 25.315
v 74.880 1.620 25.315
v 74.040 1.620 25.315
v 87.500 0.850 14.100
v 91.900 0.850 14.100
v 91.900 1.900 14.100
v 87.500 1.900 14.100
v 87.500 0.850 21.900
v 91.900 0.850 21.900
v 91.900 1.900 21.900
v 87.500 1.900 21.900
v 86.850 0.800 13.450
v 92.550 0.800 13.450
v 92.550 0.950 13.450
v 86.850 0.950 13.450
v 86.850 0.800 22.550
v 92.550 0.800 22.550
v 92.550 0.950 22.550
v 86.850 0.950 22.550
v 51.350 0.850 19.500
v 51.850 0.850 19.500
v 51.850 1.300 19.500
v 51.350 1.300 19.500
v 51.350 0.850 20.500
v 51.850 0.850 20.500
v 51.850 1.300 20.500
v 51.350 1.300 20.500
v 51.330 0.830 19.480
v 51.870 0.830 19.480
v 51.870 1.320 19.480
v 51.330 1.320 19.480
v 51.330 0.830 19.700
v 51.870 0.830 19.700
v 51.870 1.320 19.700
v 51.330 1.320 19.700
v 51.330 0.830 20.300
v 51.870 0.830 20.300
v 51.870 1.320 20.300
v 51.330 1.320 20.300
v 51.330 0.830 20.520
v 51.870 0.830 20.520
v 51.870 1.320 20.520
v 51.330 1.320 20.520
v 106.720 0.850 4.830
v 115.360 0.850 4.830
v 115.360 4.100 4.830
v 106.720 4.100 4.830
v 106.720 0.850 15.170
v 115.360 0.850 15.170
v 115.360 4.100 15.170
v 106.720 4.100 15.170
v 20.870 0.850 27.200
v 21.370 0.850 27.200
v 21.370 1.300 27.200
v 20.870 1.300 27.200
v 20.870 0.850 28.200
v 21.370 0.850 28.200
v 21.370 1.300 28.200
v 20.870 1.300 28.200
v 20.850 0.830 27.180
v 21.390 0.830 27.180
v 21.390 1.320 27.180
v 20.850 1.320 27.180
v 20.850 0.830 27.400
v 21.390 0.830 27.400
v 21.390 1.320 27.400
v 20.850 1.320 27.400
v 20.850 0.830 28.000
v 21.390 0.830 28.000
v 21.390 1.320 28.000
v 20.850 1.320 28.000
v 20.850 0.830 28.220
v 21.390 0.830 28.220
v 21.390 1.320 28.220
v 20.850 1.320 28.220
v 103.700 0.850 10.400
v 105.300 0.850 10.400
v 105.300 1.700 10.400
v 103.700 1.700 10.400
v 103.700 0.850 13.600
v 105.300 0.850 13.600
v 105.300 1.700 13.600
v 103.700 1.700 13.600
v 103.680 0.830 10.380
v 105.320 0.830 10.380
v 105.320 1.720 10.380
v 103.680 1.720 10.380
v 103.680 0.830 10.700
v 105.320 0.830 10.700
v 105.320 1.720 10.700
v 103.680 1.720 10.700
v 103.680 0.830 13.300
v 105.320 0.830 13.300
v 105.320 1.720 13.300
v 103.680 1.720 13.300
v 103.680 0.830 13.620
v 105.320 0.830 13.620
v 105.320 1.720 13.620
v 103.680 1.720 13.620
v 55.950 0.850 -1.360
v 72.650 0.850 -1.360
v 72.650 7.100 -1.360
v 55.950 7.100 -1.360
v 55.950 0.850 11.960
v 72.650 0.850 11.960
v 72.650 7.100 11.960
v 55.950 7.100 11.960
v 51.200 0.850 23.695
v 52.000 0.850 23.695
v 52.000 1.600 23.695
v 51.200 1.600 23.695
v 51.200 0.850 25.295
v 52.000 0.850 25.295
v 52.000 1.600 25.295
v 51.200 1.600 25.295
v 51.180 0.830 23.675
v 52.020 0.830 23.675
v 52.020 1.620 23.675
v 51.180 1.620 23.675
v 51.180 0.830 23.995
v 52.020 0.830 23.995
v 52.020 1.620 23.995
v 51.180 1.620 23.995
v 51.180 0.830 24.995
v 52.020 0.830 24.995
v 52.020 1.620 24.995
v 51.180 1.620 24.995
v 51.180 0.830 25.315
v 52.020 0.830 25.315
v 52.020 1.620 25.315
v 51.180 1.620 25.315
v 107.200 0.850 2.100
v 108.800 0.850 2.100
v 108.800 1.400 2.100
v 107.200 1.400 2.100
v 107.200 0.850 2.900
v 108.800 0.850 2.900
v 108.800 1.400 2.900
v 107.200 1.400 2.900
v 107.180 0.830 2.080
v 107.500 0.830 2.080
v 107.500 1.420 2.080
v 107.180 1.420 2.080
v 107.180 0.830 2.920
v 107.500 0.830 2.920
v 107.500 1.420 2.920
v 107.180 1.420 2.920
v 108.500 0.830 2.080
v 108.820 0.830 2.080
v 108.820 1.420 2.080
v 108.500 1.420 2.080
v 108.500 0.830 2.920
v 108.820 0.830 2.920
v 108.820 1.420 2.920
v 108.500 1.420 2.920
v 28.350 0.850 31.700
v 28.850 0.850 31.700
v 28.850 1.300 31.700
v 28.350 1.300 31.700
v 28.350 0.850 32.700
v 28.850 0.850 32.700
v 28.850 1.300 32.700
v 28.350 1.300 32.700
v 28.330 0.830 31.680
v 28.870 0.830 31.680
v 28.870 1.320 31.680
v 28.330 1.320 31.680
v 28.330 0.830 31.900
v 28.870 0.830 31.900
v 28.870 1.320 31.900
v 28.330 1.320 31.900
v 28.330 0.830 32.500
v 28.870 0.830 32.500
v 28.870 1.320 32.500
v 28.330 1.320 32.500
v 28.330 0.830 32.720
v 28.870 0.830 32.720
v 28.870 1.320 32.720
v 28.330 1.320 32.720
v 69.550 -1.300 6.900
v 70.050 -1.300 6.900
v 70.050 -0.850 6.900
v 69.550 -0.850 6.900
v 69.550 -1.300 7.900
v 70.050 -1.300 7.900
v 70.050 -0.850 7.900
v 69.550 -0.850 7.900
v 69.530 -1.320 6.880
v 70.070 -1.320 6.880
v 70.070 -0.830 6.880
v 69.530 -0.830 6.880
v 69.530 -1.320 7.100
v 70.070 -1.320 7.100
v 70.070 -0.830 7.100
v 69.530 -0.830 7.100
v 69.530 -1.320 7.700
v 70.070 -1.320 7.700
v 70.070 -0.830 7.700
v 69.530 -0.830 7.700
v 69.530 -1.320 7.920
v 70.070 -1.320 7.920
v 70.070 -0.830 7.920
v 69.530 -0.830 7.920
v 99.235 -2.050 10.900
v 100.485 -2.050 10.900
v 100.485 -0.850 10.900
v 99.235 -0.850 10.900
v 99.235 -2.050 12.900
v 100.485 -2.050 12.900
v 100.485 -0.850 12.900
v 99.235 -0.850 12.900
v 99.215 -2.070 10.880
v 100.505 -2.070 10.880
v 100.505 -0.830 10.880
v 99.215 -0.830 10.880
v 99.215 -2.070 11.200
v 100.505 -2.070 11.200
v 100.505 -0.830 11.200
v 99.215 -0.830 11.200
v 99.215 -2.070 12.600
v 100.505 -2.070 12.600
v 100.505 -0.830 12.600
v 99.215 -0.830 12.600
v 99.215 -2.070 12.920
v 100.505 -2.070 12.920
v 100.505 -0.830 12.920
v 99.215 -0.830 12.920
v 51.200 -1.600 11.100
v 52.000 -1.600 11.100
v 52.000 -0.850 11.100
v 51.200 -0.850 11.100
v 51.200 -1.600 12.700
v 52.000 -1.600 12.700
v 52.000 -0.850 12.700
v 51.200 -0.850 12.700
v 51.180 -1.620 11.080
v 52.020 -1.620 11.080
v 52.020 -0.830 11.080
v 51.180 -0.830 11.080
v 51.180 -1.620 11.400
v 52.020 -1.620 11.400
v 52.020 -0.830 11.400
v 51.180 -0.830 11.400
v 51.180 -1.620 12.400
v 52.020 -1.620 12.400
v 52.020 -0.830 12.400
v 51.180 -0.830 12.400
v 51.180 -1.620 12.720
v 52.020 -1.620 12.720
v 52.020 -0.830 12.720
v 51.180 -0.830 12.720
v 61.050 -2.400 4.050
v 67.550 -2.400 4.050
v 67.550 -0.850 4.050
v 61.050 -0.850 4.050
v 61.050 -2.400 7.550
v 67.550 -2.400 7.550
v 67.550 -0.850 7.550
v 61.050 -0.850 7.550
v 78.400 -1.600 9.600
v 79.200 -1.600 9.600
v 79.200 -0.850 9.600
v 78.400 -0.850 9.600
v 78.400 -1.600 11.200
v 79.200 -1.600 11.200
v 79.200 -0.850 11.200
v 78.400 -0.850 11.200
v 78.380 -1.620 9.580
v 79.220 -1.620 9.580
v 79.220 -0.830 9.580
v 78.380 -0.830 9.580
v 78.380 -1.620 9.900
v 79.220 -1.620 9.900
v 79.220 -0.830 9.900
v 78.380 -0.830 9.900
v 78.380 -1.620 10.900
v 79.220 -1.620 10.900
v 79.220 -0.830 10.900
v 78.380 -0.830 10.900
v 78.380 -1.620 11.220
v 79.220 -1.620 11.220
v 79.220 -0.830 11.220
v 78.380 -0.830 11.220
v 9.440 -1.200 23.600
v 9.940 -1.200 23.600
v 9.940 -0.850 23.600
v 9.440 -0.850 23.600
v 9.440 -1.200 24.600
v 9.940 -1.200 24.600
v 9.940 -0.850 24.600
v 9.440 -0.850 24.600
v 9.420 -1.220 23.580
v 9.960 -1.220 23.580
v 9.960 -0.830 23.580
v 9.420 -0.830 23.580
v 9.420 -1.220 23.800
v 9.960 -1.220 23.800
v 9.960 -0.830 23.800
v 9.420 -0.830 23.800
v 9.420 -1.220 24.400
v 9.960 -1.220 24.400
v 9.960 -0.830 24.400
v 9.420 -0.830 24.400
v 9.420 -1.220 24.620
v 9.960 -1.220 24.620
v 9.960 -0.830 24.620
v 9.420 -0.830 24.620
v 25.800 -1.600 11.100
v 26.600 -1.600 11.100
v 26.600 -0.850 11.100
v 25.800 -0.850 11.100
v 25.800 -1.600 12.700
v 26.600 -1.600 12.700
v 26.600 -0.850 12.700
v 25.800 -0.850 12.700
v 25.780 -1.620 11.080
v 26.620 -1.620 11.080
v 26.620 -0.830 11.080
v 25.780 -0.830 11.080
v 25.780 -1.620 11.400
v 26.620 -1.620 11.400
v 26.620 -0.830 11.400
v 25.780 -0.830 11.400
v 25.780 -1.620 12.400
v 26.620 -1.620 12.400
v 26.620 -0.830 12.400
v 25.780 -0.830 12.400
v 25.780 -1.620 12.720
v 26.620 -1.620 12.720
v 26.620 -0.830 12.720
v 25.780 -0.830 12.720
v 56.430 -1.200 23.100
v 56.930 -1.200 23.100
v 56.930 -0.850 23.100
v 56.430 -0.850 23.100
v 56.430 -1.200 24.100
v 56.930 -1.200 24.100
v 56.930 -0.850 24.100
v 56.430 -0.850 24.100
v 56.410 -1.220 23.080
v 56.950 -1.220 23.080
v 56.950 -0.830 23.080
v 56.410 -0.830 23.080
v 56.410 -1.220 23.300
v 56.950 -1.220 23.300
v 56.950 -0.830 23.300
v 56.410 -0.830 23.300
v 56.410 -1.220 23.900
v 56.950 -1.220 23.900
v 56.950 -0.830 23.900
v 56.410 -0.830 23.900
v 56.410 -1.220 24.120
v 56.950 -1.220 24.120
v 56.950 -0.830 24.120
v 56.410 -0.830 24.120
v 38.400 -1.300 23.900
v 38.900 -1.300 23.900
v 38.900 -0.850 23.900
v 38.400 -0.850 23.900
v 38.400 -1.300 24.900
v 38.900 -1.300 24.900
v 38.900 -0.850 24.900
v 38.400 -0.850 24.900
v 38.380 -1.320 23.880
v 38.920 -1.320 23.880
v 38.920 -0.830 23.880
v 38.380 -0.830 23.880
v 38.380 -1.320 24.100
v 38.920 -1.320 24.100
v 38.920 -0.830 24.100
v 38.380 -0.830 24.100
v 38.380 -1.320 24.700
v 38.920 -1.320 24.700
v 38.920 -0.830 24.700
v 38.380 -0.830 24.700
v 38.380 -1.320 24.920
v 38.920 -1.320 24.920
v 38.920 -0.830 24.920
v 38.380 -0.830 24.920
v 27.600 -1.600 9.600
v 28.400 -1.600 9.600
v 28.400 -0.850 9.600
v 27.600 -0.850 9.600
v 27.600 -1.600 11.200
v 28.400 -1.600 11.200
v 28.400 -0.850 11.200
v 27.600 -0.850 11.200
v 27.580 -1.620 9.580
v 28.420 -1.620 9.580
v 28.420 -0.830 9.580
v 27.580 -0.830 9.580
v 27.580 -1.620 9.900
v 28.420 -1.620 9.900
v 28.420 -0.830 9.900
v 27.580 -0.830 9.900
v 27.580 -1.620 10.900
v 28.420 -1.620 10.900
v 28.420 -0.830 10.900
v 27.580 -0.830 10.900
v 27.580 -1.620 11.220
v 28.420 -1.620 11.220
v 28.420 -0.830 11.220
v 27.580 -0.830 11.220
v 60.240 -1.200 23.600
v 60.740 -1.200 23.600
v 60.740 -0.850 23.600
v 60.240 -0.850 23.600
v 60.240 -1.200 24.600
v 60.740 -1.200 24.600
v 60.740 -0.850 24.600
v 60.240 -0.850 24.600
v 60.220 -1.220 23.580
v 60.760 -1.220 23.580
v 60.760 -0.830 23.580
v 60.220 -0.830 23.580
v 60.220 -1.220 23.800
v 60.760 -1.220 23.800
v 60.760 -0.830 23.800
v 60.220 -0.830 23.800
v 60.220 -1.220 24.400
v 60.760 -1.220 24.400
v 60.760 -0.830 24.400
v 60.220 -0.830 24.400
v 60.220 -1.220 24.620
v 60.760 -1.220 24.620
v 60.760 -0.830 24.620
v 60.220 -0.830 24.620
v 89.200 -1.300 23.900
v 89.700 -1.300 23.900
v 89.700 -0.850 23.900
v 89.200 -0.850 23.900
v 89.200 -1.300 24.900
v 89.700 -1.300 24.900
v 89.700 -0.850 24.900
v 89.200 -0.850 24.900
v 89.180 -1.320 23.880
v 89.720 -1.320 23.880
v 89.720 -0.830 23.880
v 89.180 -0.830 23.880
v 89.180 -1.320 24.100
v 89.720 -1.320 24.100
v 89.720 -0.830 24.100
v 89.180 -0.830 24.100
v 89.180 -1.320 24.700
v 89.720 -1.320 24.700
v 89.720 -0.830 24.700
v 89.180 -0.830 24.700
v 89.180 -1.320 24.920
v 89.720 -1.320 24.920
v 89.720 -0.830 24.920
v 89.180 -0.830 24.920
v 44.150 -1.300 6.900
v 44.650 -1.300 6.900
v 44.650 -0.850 6.900
v 44.150 -0.850 6.900
v 44.150 -1.300 7.900
v 44.650 -1.300 7.900
v 44.650 -0.850 7.900
v 44.150 -0.850 7.900
v 44.130 -1.320 6.880
v 44.670 -1.320 6.880
v 44.670 -0.830 6.880
v 44.130 -0.830 6.880
v 44.130 -1.320 7.100
v 44.670 -1.320 7.100
v 44.670 -0.830 7.100
v 44.130 -0.830 7.100
v 44.130 -1.320 7.700
v 44.670 -1.320 7.700
v 44.670 -0.830 7.700
v 44.130 -0.830 7.700
v 44.130 -1.320 7.920
v 44.670 -1.320 7.920
v 44.670 -0.830 7.920
v 44.130 -0.830 7.920
v 2.200 -1.600 9.600
v 3.000 -1.600 9.600
v 3.000 -0.850 9.600
v 2.200 -0.850 9.600
v 2.200 -1.600 11.200
v 3.000 -1.600 11.200
v 3.000 -0.850 11.200
v 2.200 -0.850 11.200
v 2.180 -1.620 9.580
v 3.020 -1.620 9.580
v 3.020 -0.830 9.580
v 2.180 -0.830 9.580
v 2.180 -1.620 9.900
v 3.020 -1.620 9.900
v 3.020 -0.830 9.900
v 2.180 -0.830 9.900
v 2.180 -1.620 10.900
v 3.020 -1.620 10.900
v 3.020 -0.830 10.900
v 2.180 -0.830 10.900
v 2.180 -1.620 11.220
v 3.020 -1.620 11.220
v 3.020 -0.830 11.220
v 2.180 -0.830 11.220
v 40.300 -1.200 27.050
v 41.300 -1.200 27.050
v 41.300 -0.850 27.050
v 40.300 -0.850 27.050
v 40.300 -1.200 27.550
v 41.300 -1.200 27.550
v 41.300 -0.850 27.550
v 40.300 -0.850 27.550
v 40.280 -1.220 27.030
v 40.500 -1.220 27.030
v 40.500 -0.830 27.030
v 40.280 -0.830 27.030
v 40.280 -1.220 27.570
v 40.500 -1.220 27.570
v 40.500 -0.830 27.570
v 40.280 -0.830 27.570
v 41.100 -1.220 27.030
v 41.320 -1.220 27.030
v 41.320 -0.830 27.030
v 41.100 -0.830 27.030
v 41.100 -1.220 27.570
v 41.320 -1.220 27.570
v 41.320 -0.830 27.570
v 41.100 -0.830 27.570
v 14.900 -1.200 27.050
v 15.900 -1.200 27.050
v 15.900 -0.850 27.050
v 14.900 -0.850 27.050
v 14.900 -1.200 27.550
v 15.900 -1.200 27.550
v 15.900 -0.850 27.550
v 14.900 -0.850 27.550
v 14.880 -1.220 27.030
v 15.100 -1.220 27.030
v 15.100 -0.830 27.030
v 14.880 -0.830 27.030
v 14.880 -1.220 27.570
v 15.100 -1.220 27.570
v 15.100 -0.830 27.570
v 14.880 -0.830 27.570
v 15.700 -1.220 27.030
v 15.920 -1.220 27.030
v 15.920 -0.830 27.030
v 15.700 -0.830 27.030
v 15.700 -1.220 27.570
v 15.920 -1.220 27.570
v 15.920 -0.830 27.570
v 15.700 -0.830 27.570
v 5.630 -1.200 23.100
v 6.130 -1.200 23.100
v 6.130 -0.850 23.100
v 5.630 -0.850 23.100
v 5.630 -1.200 24.100
v 6.130 -1.200 24.100
v 6.130 -0.850 24.100
v 5.630 -0.850 24.100
v 5.610 -1.220 23.080
v 6.150 -1.220 23.080
v 6.150 -0.830 23.080
v 5.610 -0.830 23.080
v 5.610 -1.220 23.300
v 6.150 -1.220 23.300
v 6.150 -0.830 23.300
v 5.610 -0.830 23.300
v 5.610 -1.220 23.900
v 6.150 -1.220 23.900
v 6.150 -0.830 23.900
v 5.610 -0.830 23.900
v 5.610 -1.220 24.120
v 6.150 -1.220 24.120
v 6.150 -0.830 24.120
v 5.610 -0.830 24.120
v 53.000 -1.600 9.600
v 53.800 -1.600 9.600
v 53.800 -0.850 9.600
v 53.000 -0.850 9.600
v 53.000 -1.600 11.200
v 53.800 -1.600 11.200
v 53.800 -0.850 11.200
v 53.000 -0.850 11.200
v 52.980 -1.620 9.580
v 53.820 -1.620 9.580
v 53.820 -0.830 9.580
v 52.980 -0.830 9.580
v 52.980 -1.620 9.900
v 53.820 -1.620 9.900
v 53.820 -0.830 9.900
v 52.980 -0.830 9.900
v 52.980 -1.620 10.900
v 53.820 -1.620 10.900
v 53.820 -0.830 10.900
v 52.980 -0.830 10.900
v 52.980 -1.620 11.220
v 53.820 -1.620 11.220
v 53.820 -0.830 11.220
v 52.980 -0.830 11.220
v 76.600 -1.600 11.100
v 77.400 -1.600 11.100
v 77.400 -0.850 11.100
v 76.600 -0.850 11.100
v 76.600 -1.600 12.700
v 77.400 -1.600 12.700
v 77.400 -0.850 12.700
v 76.600 -0.850 12.700
v 76.580 -1.620 11.080
v 77.420 -1.620 11.080
v 77.420 -0.830 11.080
v 76.580 -0.830 11.080
v 76.580 -1.620 11.400
v 77.420 -1.620 11.400
v 77.420 -0.830 11.400
v 76.580 -0.830 11.400
v 76.580 -1.620 12.400
v 77.420 -1.620 12.400
v 77.420 -0.830 12.400
v 76.580 -0.830 12.400
v 76.580 -1.620 12.720
v 77.420 -1.620 12.720
v 77.420 -0.830 12.720
v 76.580 -0.830 12.720
v 85.640 -1.200 23.600
v 86.140 -1.200 23.600
v 86.140 -0.850 23.600
v 85.640 -0.850 23.600
v 85.640 -1.200 24.600
v 86.140 -1.200 24.600
v 86.140 -0.850 24.600
v 85.640 -0.850 24.600
v 85.620 -1.220 23.580
v 86.160 -1.220 23.580
v 86.160 -0.830 23.580
v 85.620 -0.830 23.580
v 85.620 -1.220 23.800
v 86.160 -1.220 23.800
v 86.160 -0.830 23.800
v 85.620 -0.830 23.800
v 85.620 -1.220 24.400
v 86.160 -1.220 24.400
v 86.160 -0.830 24.400
v 85.620 -0.830 24.400
v 85.620 -1.220 24.620
v 86.160 -1.220 24.620
v 86.160 -0.830 24.620
v 85.620 -0.830 24.620
v 48.435 -2.050 10.900
v 49.685 -2.050 10.900
v 49.685 -0.850 10.900
v 48.435 -0.850 10.900
v 48.435 -2.050 12.900
v 49.685 -2.050 12.900
v 49.685 -0.850 12.900
v 48.435 -0.850 12.900
v 48.415 -2.070 10.880
v 49.705 -2.070 10.880
v 49.705 -0.830 10.880
v 48.415 -0.830 10.880
v 48.415 -2.070 11.200
v 49.705 -2.070 11.200
v 49.705 -0.830 11.200
v 48.415 -0.830 11.200
v 48.415 -2.070 12.600
v 49.705 -2.070 12.600
v 49.705 -0.830 12.600
v 48.415 -0.830 12.600
v 48.415 -2.070 12.920
v 49.705 -2.070 12.920
v 49.705 -0.830 12.920
v 48.415 -0.830 12.920
v 81.830 -1.200 23.100
v 82.330 -1.200 23.100
v 82.330 -0.850 23.100
v 81.830 -0.850 23.100
v 81.830 -1.200 24.100
v 82.330 -1.200 24.100
v 82.330 -0.850 24.100
v 81.830 -0.850 24.100
v 81.810 -1.220 23.080
v 82.350 -1.220 23.080
v 82.350 -0.830 23.080
v 81.810 -0.830 23.080
v 81.810 -1.220 23.300
v 82.350 -1.220 23.300
v 82.350 -0.830 23.300
v 81.810 -0.830 23.300
v 81.810 -1.220 23.900
v 82.350 -1.220 23.900
v 82.350 -0.830 23.900
v 81.810 -0.830 23.900
v 81.810 -1.220 24.120
v 82.350 -1.220 24.120
v 82.350 -0.830 24.120
v 81.810 -0.830 24.120
v 102.000 -1.600 11.100
v 102.800 -1.600 11.100
v 102.800 -0.850 11.100
v 102.000 -0.850 11.100
v 102.000 -1.600 12.700
v 102.800 -1.600 12.700
v 102.800 -0.850 12.700
v 102.000 -0.850 12.700
v 101.980 -1.620 11.080
v 102.820 -1.620 11.080
v 102.820 -0.830 11.080
v 101.980 -0.830 11.080
v 101.980 -1.620 11.400
v 102.820 -1.620 11.400
v 102.820 -0.830 11.400
v 101.980 -0.830 11.400
v 101.980 -1.620 12.400
v 102.820 -1.620 12.400
v 102.820 -0.830 12.400
v 101.980 -0.830 12.400
v 101.980 -1.620 12.720
v 102.820 -1.620 12.720
v 102.820 -0.830 12.720
v 101.980 -0.830 12.720
v 65.700 -1.200 27.050
v 66.700 -1.200 27.050
v 66.700 -0.850 27.050
v 65.700 -0.850 27.050
v 65.700 -1.200 27.550
v 66.700 -1.200 27.550
v 66.700 -0.850 27.550
v 65.700 -0.850 27.550
v 65.680 -1.220 27.030
v 65.900 -1.220 27.030
v 65.900 -0.830 27.030
v 65.680 -0.830 27.030
v 65.680 -1.220 27.570
v 65.900 -1.220 27.570
v 65.900 -0.830 27.570
v 65.680 -0.830 27.570
v 66.500 -1.220 27.030
v 66.720 -1.220 27.030
v 66.720 -0.830 27.030
v 66.500 -0.830 27.030
v 66.500 -1.220 27.570
v 66.720 -1.220 27.570
v 66.720 -0.830 27.570
v 66.500 -0.830 27.570
v 99.610 -1.300 27.400
v 100.110 -1.300 27.400
v 100.110 -0.850 27.400
v 99.610 -0.850 27.400
v 99.610 -1.300 28.400
v 100.110 -1.300 28.400
v 100.110 -0.850 28.400
v 99.610 -0.850 28.400
v 99.590 -1.320 27.380
v 100.130 -1.320 27.380
v 100.130 -0.830 27.380
v 99.590 -0.830 27.380
v 99.590 -1.320 27.600
v 100.130 -1.320 27.600
v 100.130 -0.830 27.600
v 99.590 -0.830 27.600
v 99.590 -1.320 28.200
v 100.130 -1.320 28.200
v 100.130 -0.830 28.200
v 99.590 -0.830 28.200
v 99.590 -1.320 28.420
v 100.130 -1.320 28.420
v 100.130 -0.830 28.420
v 99.590 -0.830 28.420
v 23.035 -2.050 10.900
v 24.285 -2.050 10.900
v 24.285 -0.850 10.900
v 23.035 -0.850 10.900
v 23.035 -2.050 12.900
v 24.285 -2.050 12.900
v 24.285 -0.850 12.900
v 23.035 -0.850 12.900
v 23.015 -2.070 10.880
v 24.305 -2.070 10.880
v 24.305 -0.830 10.880
v 23.015 -0.830 10.880
v 23.015 -2.070 11.200
v 24.305 -2.070 11.200
v 24.305 -0.830 11.200
v 23.015 -0.830 11.200
v 23.015 -2.070 12.600
v 24.305 -2.070 12.600
v 24.305 -0.830 12.600
v 23.015 -0.830 12.600
v 23.015 -2.070 12.920
v 24.305 -2.070 12.920
v 24.305 -0.830 12.920
v 23.015 -0.830 12.920
v 23.410 -1.300 27.400
v 23.910 -1.300 27.400
v 23.910 -0.850 27.400
v 23.410 -0.850 27.400
v 23.410 -1.300 28.400
v 23.910 -1.300 28.400
v 23.910 -0.850 28.400
v 23.410 -0.850 28.400
v 23.390 -1.320 27.380
v 23.930 -1.320 27.380
v 23.930 -0.830 27.380
v 23.390 -0.830 27.380
v 23.390 -1.320 27.600
v 23.930 -1.320 27.600
v 23.930 -0.830 27.600
v 23.390 -0.830 27.600
v 23.390 -1.320 28.200
v 23.930 -1.320 28.200
v 23.930 -0.830 28.200
v 23.390 -0.830 28.200
v 23.390 -1.320 28.420
v 23.930 -1.320 28.420
v 23.930 -0.830 28.420
v 23.390 -0.830 28.420
v 31.030 -1.200 23.100
v 31.530 -1.200 23.100
v 31.530 -0.850 23.100
v 31.030 -0.850 23.100
v 31.030 -1.200 24.100
v 31.530 -1.200 24.100
v 31.530 -0.850 24.100
v 31.030 -0.850 24.100
v 31.010 -1.220 23.080
v 31.550 -1.220 23.080
v 31.550 -0.830 23.080
v 31.010 -0.830 23.080
v 31.010 -1.220 23.300
v 31.550 -1.220 23.300
v 31.550 -0.830 23.300
v 31.010 -0.830 23.300
v 31.010 -1.220 23.900
v 31.550 -1.220 23.900
v 31.550 -0.830 23.900
v 31.010 -0.830 23.900
v 31.010 -1.220 24.120
v 31.550 -1.220 24.120
v 31.550 -0.830 24.120
v 31.010 -0.830 24.120
v 73.835 -2.050 10.900
v 75.085 -2.050 10.900
v 75.085 -0.850 10.900
v 73.835 -0.850 10.900
v 73.835 -2.050 12.900
v 75.085 -2.050 12.900
v 75.085 -0.850 12.900
v 73.835 -0.850 12.900
v 73.815 -2.070 10.880
v 75.105 -2.070 10.880
v 75.105 -0.830 10.880
v 73.815 -0.830 10.880
v 73.815 -2.070 11.200
v 75.105 -2.070 11.200
v 75.105 -0.830 11.200
v 73.815 -0.830 11.200
v 73.815 -2.070 12.600
v 75.105 -2.070 12.600
v 75.105 -0.830 12.600
v 73.815 -0.830 12.600
v 73.815 -2.070 12.920
v 75.105 -2.070 12.920
v 75.105 -0.830 12.920
v 73.815 -0.830 12.920
v 0.800 -3.340 31.055
v 102.400 -3.340 31.055
v 102.400 -0.850 31.055
v 0.800 -0.850 31.055
v 0.800 -3.340 36.135
v 102.400 -3.340 36.135
v 102.400 -0.850 36.135
v 0.800 -0.850 36.135
v 1.750 -9.300 32.005
v 2.390 -9.300 32.005
v 2.390 -0.800 32.005
v 1.750 -0.800 32.005
v 1.750 -9.300 32.645
v 2.390 -9.300 32.645
v 2.390 -0.800 32.645
v 1.750 -0.800 32.645
v 1.750 -9.300 34.545
v 2.390 -9.300 34.545
v 2.390 -0.800 34.545
v 1.750 -0.800 34.545
v 1.750 -9.300 35.185
v 2.390 -9.300 35.185
v 2.390 -0.800 35.185
v 1.750 -0.800 35.185
v 4.290 -9.300 32.005
v 4.930 -9.300 32.005
v 4.930 -0.800 32.005
v 4.290 -0.800 32.005
v 4.290 -9.300 32.645
v 4.930 -9.300 32.645
v 4.930 -0.800 32.645
v 4.290 -0.800 32.645
v 4.290 -9.300 34.545
v 4.930 -9.300 34.545
v 4.930 -0.800 34.545
v 4.290 -0.800 34.545
v 4.290 -9.300 35.185
v 4.930 -9.300 35.185
v 4.930 -0.800 35.185
v 4.290 -0.800 35.185
v 6.830 -9.300 32.005
v 7.470 -9.300 32.005
v 7.470 -0.800 32.005
v 6.830 -0.800 32.005
v 6.830 -9.300 32.645
v 7.470 -9.300 32.645
v 7.470 -0.800 32.645
v 6.830 -0.800 32.645
v 6.830 -9.300 34.545
v 7.470 -9.300 34.545
v 7.470 -0.800 34.545
v 6.830 -0.800 34.545
v 6.830 -9.300 35.185
v 7.470 -9.300 35.185
v 7.470 -0.800 35.185
v 6.830 -0.800 35.185
v 9.370 -9.300 32.005
v 10.010 -9.300 32.005
v 10.010 -0.800 32.005
v 9.370 -0.800 32.005
v 9.370 -9.300 32.645
v 10.010 -9.300 32.645
v 10.010 -0.800 32.645
v 9.370 -0.800 32.645
v 9.370 -9.300 34.545
v 10.010 -9.300 34.545
v 10.010 -0.800 34.545
v 9.370 -0.800 34.545
v 9.370 -9.300 35.185
v 10.010 -9.300 35.185
v 10.010 -0.800 35.185
v 9.370 -0.800 35.185
v 11.910 -9.300 32.005
v 12.550 -9.300 32.005
v 12.550 -0.800 32.005
v 11.910 -0.800 32.005
v 11.910 -9.300 32.645
v 12.550 -9.300 32.645
v 12.550 -0.800 32.645
v 11.910 -0.800 32.645
v 11.910 -9.300 34.545
v 12.550 -9.300 34.545
v 12.550 -0.800 34.545
v 11.910 -0.800 34.545
v 11.910 -9.300 35.185
v 12.550 -9.300 35.185
v 12.550 -0.800 35.185
v 11.910 -0.800 35.185
v 14.450 -9.300 32.005
v 15.090 -9.300 32.005
v 15.090 -0.800 32.005
v 14.450 -0.800 32.005
v 14.450 -9.300 32.645
v 15.090 -9.300 32.645
v 15.090 -0.800 32.645
v 14.450 -0.800 32.645
v 14.450 -9.300 34.545
v 15.090 -9.300 34.545
v 15.090 -0.800 34.545
v 14.450 -0.800 34.545
v 14.450 -9.300 35.185
v 15.090 -9.300 35.185
v 15.090 -0.800 35.185
v 14.450 -0.800 35.185
v 16.990 -9.300 32.005
v 17.630 -9.300 32.005
v 17.630 -0.800 32.005
v 16.990 -0.800 32.005
v 16.990 -9.300 32.645
v 17.630 -9.300 32.645
v 17.630 -0.800 32.645
v 16.990 -0.800 32.645
v 16.990 -9.300 34.545
v 17.630 -9.300 34.545
v 17.630 -0.800 34.545
v 16.990 -0.800 34.545
v 16.990 -9.300 35.185
v 17.630 -9.300 35.185
v 17.630 -0.800 35.185
v 16.990 -0.800 35.185
v 19.530 -9.300 32.005
v 20.170 -9.300 32.005
v 20.170 -0.800 32.005
v 19.530 -0.800 32.005
v 19.530 -9.300 32.645
v 20.170 -9.300 32.645
v 20.170 -0.800 32.645
v 19.530 -0.800 32.645
v 19.530 -9.300 34.545
v 20.170 -9.300 34.545
v 20.170 -0.800 34.545
v 19.530 -0.800 34.545
v 19.530 -9.300 35.185
v 20.170 -9.300 35.185
v 20.170 -0.800 35.185
v 19.530 -0.800 35.185
v 22.070 -9.300 32.005
v 22.710 -9.300 32.005
v 22.710 -0.800 32.005
v 22.070 -0.800 32.005
v 22.070 -9.300 32.645
v 22.710 -9.300 32.645
v 22.710 -0.800 32.645
v 22.070 -0.800 32.645
v 22.070 -9.300 34.545
v 22.710 -9.300 34.545
v 22.710 -0.800 34.545
v 22.070 -0.800 34.545
v 22.070 -9.300 35.185
v 22.710 -9.300 35.185
v 22.710 -0.800 35.185
v 22.070 -0.800 35.185
v 24.610 -9.300 32.005
v 25.250 -9.300 32.005
v 25.250 -0.800 32.005
v 24.610 -0.800 32.005
v 24.610 -9.300 32.645
v 25.250 -9.300 32.645
v 25.250 -0.800 32.645
v 24.610 -0.800 32.645
v 24.610 -9.300 34.545
v 25.250 -9.300 34.545
v 25.250 -0.800 34.545
v 24.610 -0.800 34.545
v 24.610 -9.300 35.185
v 25.250 -9.300 35.185
v 25.250 -0.800 35.185
v 24.610 -0.800 35.185
v 27.150 -9.300 32.005
v 27.790 -9.300 32.005
v 27.790 -0.800 32.005
v 27.150 -0.800 32.005
v 27.150 -9.300 32.645
v 27.790 -9.300 32.645
v 27.790 -0.800 32.645
v 27.150 -0.800 32.645
v 27.150 -9.300 34.545
v 27.790 -9.300 34.545
v 27.790 -0.800 34.545
v 27.150 -0.800 34.545
v 27.150 -9.300 35.185
v 27.790 -9.300 35.185
v 27.790 -0.800 35.185
v 27.150 -0.800 35.185
v 29.690 -9.300 32.005
v 30.330 -9.300 32.005
v 30.330 -0.800 32.005
v 29.690 -0.800 32.005
v 29.690 -9.300 32.645
v 30.330 -9.300 32.645
v 30.330 -0.800 32.645
v 29.690 -0.800 32.645
v 29.690 -9.300 34.545
v 30.330 -9.300 34.545
v 30.330 -0.800 34.545
v 29.690 -0.800 34.545
v 29.690 -9.300 35.185
v 30.330 -9.300 35.185
v 30.330 -0.800 35.185
v 29.690 -0.800 35.185
v 32.230 -9.300 32.005
v 32.870 -9.300 32.005
v 32.870 -0.800 32.005
v 32.230 -0.800 32.005
v 32.230 -9.300 32.645
v 32.870 -9.300 32.645
v 32.870 -0.800 32.645
v 32.230 -0.800 32.645
v 32.230 -9.300 34.545
v 32.870 -9.300 34.545
v 32.870 -0.800 34.545
v 32.230 -0.800 34.545
v 32.230 -9.300 35.185
v 32.870 -9.300 35.185
v 32.870 -0.800 35.185
v 32.230 -0.800 35.185
v 34.770 -9.300 32.005
v 35.410 -9.300 32.005
v 35.410 -0.800 32.005
v 34.770 -0.800 32.005
v 34.770 -9.300 32.645
v 35.410 -9.300 32.645
v 35.410 -0.800 32.645
v 34.770 -0.800 32.645
v 34.770 -9.300 34.545
v 35.410 -9.300 34.545
v 35.410 -0.800 34.545
v 34.770 -0.800 34.545
v 34.770 -9.300 35.185
v 35.410 -9.300 35.185
v 35.410 -0.800 35.185
v 34.770 -0.800 35.185
v 37.310 -9.300 32.005
v 37.950 -9.300 32.005
v 37.950 -0.800 32.005
v 37.310 -0.800 32.005
v 37.310 -9.300 32.645
v 37.950 -9.300 32.645
v 37.950 -0.800 32.645
v 37.310 -0.800 32.645
v 37.310 -9.300 34.545
v 37.950 -9.300 34.545
v 37.950 -0.800 34.545
v 37.310 -0.800 34.545
v 37.310 -9.300 35.185
v 37.950 -9.300 35.185
v 37.950 -0.800 35.185
v 37.310 -0.800 35.185
v 39.850 -9.300 32.005
v 40.490 -9.300 32.005
v 40.490 -0.800 32.005
v 39.850 -0.800 32.005
v 39.850 -9.300 32.645
v 40.490 -9.300 32.645
v 40.490 -0.800 32.645
v 39.850 -0.800 32.645
v 39.850 -9.300 34.545
v 40.490 -9.300 34.545
v 40.490 -0.800 34.545
v 39.850 -0.800 34.545
v 39.850 -9.300 35.185
v 40.490 -9.300 35.185
v 40.490 -0.800 35.185
v 39.850 -0.800 35.185
v 42.390 -9.300 32.005
v 43.030 -9.300 32.005
v 43.030 -0.800 32.005
v 42.390 -0.800 32.005
v 42.390 -9.300 32.645
v 43.030 -9.300 32.645
v 43.030 -0.800 32.645
v 42.390 -0.800 32.645
v 42.390 -9.300 34.545
v 43.030 -9.300 34.545
v 43.030 -0.800 34.545
v 42.390 -0.800 34.545
v 42.390 -9.300 35.185
v 43.030 -9.300 35.185
v 43.030 -0.800 35.185
v 42.390 -0.800 35.185
v 44.930 -9.300 32.005
v 45.570 -9.300 32.005
v 45.570 -0.800 32.005
v 44.930 -0.800 32.005
v 44.930 -9.300 32.645
v 45.570 -9.300 32.645
v 45.570 -0.800 32.645
v 44.930 -0.800 32.645
v 44.930 -9.300 34.545
v 45.570 -9.300 34.545
v 45.570 -0.800 34.545
v 44.930 -0.800 34.545
v 44.930 -9.300 35.185
v 45.570 -9.300 35.185
v 45.570 -0.800 35.185
v 44.930 -0.800 35.185
v 47.470 -9.300 32.005
v 48.110 -9.300 32.005
v 48.110 -0.800 32.005
v 47.470 -0.800 32.005
v 47.470 -9.300 32.645
v 48.110 -9.300 32.645
v 48.110 -0.800 32.645
v 47.470 -0.800 32.645
v 47.470 -9.300 34.545
v 48.110 -9.300 34.545
v 48.110 -0.800 34.545
v 47.470 -0.800 34.545
v 47.470 -9.300 35.185
v 48.110 -9.300 35.185
v 48.110 -0.800 35.185
v 47.470 -0.800 35.185
v 50.010 -9.300 32.005
v 50.650 -9.300 32.005
v 50.650 -0.800 32.005
v 50.010 -0.800 32.005
v 50.010 -9.300 32.645
v 50.650 -9.300 32.645
v 50.650 -0.800 32.645
v 50.010 -0.800 32.645
v 50.010 -9.300 34.545
v 50.650 -9.300 34.545
v 50.650 -0.800 34.545
v 50.010 -0.800 34.545
v 50.010 -9.300 35.185
v 50.650 -9.300 35.185
v 50.650 -0.800 35.185
v 50.010 -0.800 35.185
v 52.550 -9.300 32.005
v 53.190 -9.300 32.005
v 53.190 -0.800 32.005
v 52.550 -0.800 32.005
v 52.550 -9.300 32.645
v 53.190 -9.300 32.645
v 53.190 -0.800 32.645
v 52.550 -0.800 32.645
v 52.550 -9.300 34.545
v 53.190 -9.300 34.545
v 53.190 -0.800 34.545
v 52.550 -0.800 34.545
v 52.550 -9.300 35.185
v 53.190 -9.300 35.185
v 53.190 -0.800 35.185
v 52.550 -0.800 35.185
v 55.090 -9.300 32.005
v 55.730 -9.300 32.005
v 55.730 -0.800 32.005
v 55.090 -0.800 32.005
v 55.090 -9.300 32.645
v 55.730 -9.300 32.645
v 55.730 -0.800 32.645
v 55.090 -0.800 32.645
v 55.090 -9.300 34.545
v 55.730 -9.300 34.545
v 55.730 -0.800 34.545
v 55.090 -0.800 34.545
v 55.090 -9.300 35.185
v 55.730 -9.300 35.185
v 55.730 -0.800 35.185
v 55.090 -0.800 35.185
v 57.630 -9.300 32.005
v 58.270 -9.300 32.005
v 58.270 -0.800 32.005
v 57.630 -0.800 32.005
v 57.630 -9.300 32.645
v 58.270 -9.300 32.645
v 58.270 -0.800 32.645
v 57.630 -0.800 32.645
v 57.630 -9.300 34.545
v 58.270 -9.300 34.545
v 58.270 -0.800 34.545
v 57.630 -0.800 34.545
v 57.630 -9.300 35.185
v 58.270 -9.300 35.185
v 58.270 -0.800 35.185
v 57.630 -0.800 35.185
v 60.170 -9.300 32.005
v 60.810 -9.300 32.005
v 60.810 -0.800 32.005
v 60.170 -0.800 32.005
v 60.170 -9.300 32.645
v 60.810 -9.300 32.645
v 60.810 -0.800 32.645
v 60.170 -0.800 32.645
v 60.170 -9.300 34.545
v 60.810 -9.300 34.545
v 60.810 -0.800 34.545
v 60.170 -0.800 34.545
v 60.170 -9.300 35.185
v 60.810 -9.300 35.185
v 60.810 -0.800 35.185
v 60.170 -0.800 35.185
v 62.710 -9.300 32.005
v 63.350 -9.300 32.005
v 63.350 -0.800 32.005
v 62.710 -0.800 32.005
v 62.710 -9.300 32.645
v 63.350 -9.300 32.645
v 63.350 -0.800 32.645
v 62.710 -0.800 32.645
v 62.710 -9.300 34.545
v 63.350 -9.300 34.545
v 63.350 -0.800 34.545
v 62.710 -0.800 34.545
v 62.710 -9.300 35.185
v 63.350 -9.300 35.185
v 63.350 -0.800 35.185
v 62.710 -0.800 35.185
v 65.250 -9.300 32.005
v 65.890 -9.300 32.005
v 65.890 -0.800 32.005
v 65.250 -0.800 32.005
v 65.250 -9.300 32.645
v 65.890 -9.300 32.645
v 65.890 -0.800 32.645
v 65.250 -0.800 32.645
v 65.250 -9.300 34.545
v 65.890 -9.300 34.545
v 65.890 -0.800 34.545
v 65.250 -0.800 34.545
v 65.250 -9.300 35.185
v 65.890 -9.300 35.185
v 65.890 -0.800 35.185
v 65.250 -0.800 35.185
v 67.790 -9.300 32.005
v 68.430 -9.300 32.005
v 68.430 -0.800 32.005
v 67.790 -0.800 32.005
v 67.790 -9.300 32.645
v 68.430 -9.300 32.645
v 68.430 -0.800 32.645
v 67.790 -0.800 32.645
v 67.790 -9.300 34.545
v 68.430 -9.300 34.545
v 68.430 -0.800 34.545
v 67.790 -0.800 34.545
v 67.790 -9.300 35.185
v 68.430 -9.300 35.185
v 68.430 -0.800 35.185
v 67.790 -0.800 35.185
v 70.330 -9.300 32.005
v 70.970 -9.300 32.005
v 70.970 -0.800 32.005
v 70.330 -0.800 32.005
v 70.330 -9.300 32.645
v 70.970 -9.300 32.645
v 70.970 -0.800 32.645
v 70.330 -0.800 32.645
v 70.330 -9.300 34.545
v 70.970 -9.300 34.545
v 70.970 -0.800 34.545
v 70.330 -0.800 34.545
v 70.330 -9.300 35.185
v 70.970 -9.300 35.185
v 70.970 -0.800 35.185
v 70.330 -0.800 35.185
v 72.870 -9.300 32.005
v 73.510 -9.300 32.005
v 73.510 -0.800 32.005
v 72.870 -0.800 32.005
v 72.870 -9.300 32.645
v 73.510 -9.300 32.645
v 73.510 -0.800 32.645
v 72.870 -0.800 32.645
v 72.870 -9.300 34.545
v 73.510 -9.300 34.545
v 73.510 -0.800 34.545
v 72.870 -0.800 34.545
v 72.870 -9.300 35.185
v 73.510 -9.300 35.185
v 73.510 -0.800 35.185
v 72.870 -0.800 35.185
v 75.410 -9.300 32.005
v 76.050 -9.300 32.005
v 76.050 -0.800 32.005
v 75.410 -0.800 32.005
v 75.410 -9.300 32.645
v 76.050 -9.300 32.645
v 76.050 -0.800 32.645
v 75.410 -0.800 32.645
v 75.410 -9.300 34.545
v 76.050 -9.300 34.545
v 76.050 -0.800 34.545
v 75.410 -0.800 34.545
v 75.410 -9.300 35.185
v 76.050 -9.300 35.185
v 76.050 -0.800 35.185
v 75.410 -0.800 35.185
v 77.950 -9.300 32.005
v 78.590 -9.300 32.005
v 78.590 -0.800 32.005
v 77.950 -0.800 32.005
v 77.950 -9.300 32.645
v 78.590 -9.300 32.645
v 78.590 -0.800 32.645
v 77.950 -0.800 32.645
v 77.950 -9.300 34.545
v 78.590 -9.300 34.545
v 78.590 -0.800 34.545
v 77.950 -0.800 34.545
v 77.950 -9.300 35.185
v 78.590 -9.300 35.185
v 78.590 -0.800 35.185
v 77.950 -0.800 35.185
v 80.490 -9.300 32.005
v 81.130 -9.300 32.005
v 81.130 -0.800 32.005
v 80.490 -0.800 32.005
v 80.490 -9.300 32.645
v 81.130 -9.300 32.645
v 81.130 -0.800 32.645
v 80.490 -0.800 32.645
v 80.490 -9.300 34.545
v 81.130 -9.300 34.545
v 81.130 -0.800 34.545
v 80.490 -0.800 34.545
v 80.490 -9.300 35.185
v 81.130 -9.300 35.185
v 81.130 -0.800 35.185
v 80.490 -0.800 35.185
v 83.030 -9.300 32.005
v 83.670 -9.300 32.005
v 83.670 -0.800 32.005
v 83.030 -0.800 32.005
v 83.030 -9.300 32.645
v 83.670 -9.300 32.645
v 83.670 -0.800 32.645
v 83.030 -0.800 32.645
v 83.030 -9.300 34.545
v 83.670 -9.300 34.545
v 83.670 -0.800 34.545
v 83.030 -0.800 34.545
v 83.030 -9.300 35.185
v 83.670 -9.300 35.185
v 83.670 -0.800 35.185
v 83.030 -0.800 35.185
v 85.570 -9.300 32.005
v 86.210 -9.300 32.005
v 86.210 -0.800 32.005
v 85.570 -0.800 32.005
v 85.570 -9.300 32.645
v 86.210 -9.300 32.645
v 86.210 -0.800 32.645
v 85.570 -0.800 32.645
v 85.570 -9.300 34.545
v 86.210 -9.300 34.545
v 86.210 -0.800 34.545
v 85.570 -0.800 34.545
v 85.570 -9.300 35.185
v 86.210 -9.300 35.185
v 86.210 -0.800 35.185
v 85.570 -0.800 35.185
v 88.110 -9.300 32.005
v 88.750 -9.300 32.005
v 88.750 -0.800 32.005
v 88.110 -0.800 32.005
v 88.110 -9.300 32.645
v 88.750 -9.300 32.645
v 88.750 -0.800 32.645
v 88.110 -0.800 32.645
v 88.110 -9.300 34.545
v 88.750 -9.300 34.545
v 88.750 -0.800 34.545
v 88.110 -0.800 34.545
v 88.110 -9.300 35.185
v 88.750 -9.300 35.185
v 88.750 -0.800 35.185
v 88.110 -0.800 35.185
v 90.650 -9.300 32.005
v 91.290 -9.300 32.005
v 91.290 -0.800 32.005
v 90.650 -0.800 32.005
v 90.650 -9.300 32.645
v 91.290 -9.300 32.645
v 91.290 -0.800 32.645
v 90.650 -0.800 32.645
v 90.650 -9.300 34.545
v 91.290 -9.300 34.545
v 91.290 -0.800 34.545
v 90.650 -0.800 34.545
v 90.650 -9.300 35.185
v 91.290 -9.300 35.185
v 91.290 -0.800 35.185
v 90.650 -0.800 35.185
v 93.190 -9.300 32.005
v 93.830 -9.300 32.005
v 93.830 -0.800 32.005
v 93.190 -0.800 32.005
v 93.190 -9.300 32.645
v 93.830 -9.300 32.645
v 93.830 -0.800 32.645
v 93.190 -0.800 32.645
v 93.190 -9.300 34.545
v 93.830 -9.300 34.545
v 93.830 -0.800 34.545
v 93.190 -0.800 34.545
v 93.190 -9.300 35.185
v 93.830 -9.300 35.185
v 93.830 -0.800 35.185
v 93.190 -0.800 35.185
v 95.730 -9.300 32.005
v 96.370 -9.300 32.005
v 96.370 -0.800 32.005
v 95.730 -0.800 32.005
v 95.730 -9.300 32.645
v 96.370 -9.300 32.645
v 96.370 -0.800 32.645
v 95.730 -0.800 32.645
v 95.730 -9.300 34.545
v 96.370 -9.300 34.545
v 96.370 -0.800 34.545
v 95.730 -0.800 34.545
v 95.730 -9.300 35.185
v 96.370 -9.300 35.185
v 96.370 -0.800 35.185
v 95.730 -0.800 35.185
v 98.270 -9.300 32.005
v 98.910 -9.300 32.005
v 98.910 -0.800 32.005
v 98.270 -0.800 32.005
v 98.270 -9.300 32.645
v 98.910 -9.300 32.645
v 98.910 -0.800 32.645
v 98.270 -0.800 32.645
v 98.270 -9.300 34.545
v 98.910 -9.300 34.545
v 98.910 -0.800 34.545
v 98.270 -0.800 34.545
v 98.270 -9.300 35.185
v 98.910 -9.300 35.185
v 98.910 -0.800 35.185
v 98.270 -0.800 35.185
v 100.810 -9.300 32.005
v 101.450 -9.300 32.005
v 101.450 -0.800 32.005
v 100.810 -0.800 32.005
v 100.810 -9.300 32.645
v 101.450 -9.300 32.645
v 101.450 -0.800 32.645
v 100.810 -0.800 32.645
v 100.810 -9.300 34.545
v 101.450 -9.300 34.545
v 101.450 -0.800 34.545
v 100.810 -0.800 34.545
v 100.810 -9.300 35.185
v 101.450 -9.300 35.185
v 101.450 -0.800 35.185
v 100.810 -0.800 35.185
v 91.100 -1.200 27.050
v 92.100 -1.200 27.050
v 92.100 -0.850 27.050
v 91.100 -0.850 27.050
v 91.100 -1.200 27.550
v 92.100 -1.200 27.550
v 92.100 -0.850 27.550
v 91.100 -0.850 27.550
v 91.080 -1.220 27.030
v 91.300 -1.220 27.030
v 91.300 -0.830 27.030
v 91.080 -0.830 27.030
v 91.080 -1.220 27.570
v 91.300 -1.220 27.570
v 91.300 -0.830 27.570
v 91.080 -0.830 27.570
v 91.900 -1.220 27.030
v 92.120 -1.220 27.030
v 92.120 -0.830 27.030
v 91.900 -0.830 27.030
v 91.900 -1.220 27.570
v 92.120 -1.220 27.570
v 92.120 -0.830 27.570
v 91.900 -0.830 27.570
v 86.450 -2.400 4.050
v 92.950 -2.400 4.050
v 92.950 -0.850 4.050
v 86.450 -0.850 4.050
v 86.450 -2.400 7.550
v 92.950 -2.400 7.550
v 92.950 -0.850 7.550
v 86.450 -0.850 7.550
v 0.800 -3.340 15.665
v 102.400 -3.340 15.665
v 102.400 -0.850 15.665
v 0.800 -0.850 15.665
v 0.800 -3.340 20.745
v 102.400 -3.340 20.745
v 102.400 -0.850 20.745
v 0.800 -0.850 20.745
v 1.750 -9.300 16.615
v 2.390 -9.300 16.615
v 2.390 -0.800 16.615
v 1.750 -0.800 16.615
v 1.750 -9.300 17.255
v 2.390 -9.300 17.255
v 2.390 -0.800 17.255
v 1.750 -0.800 17.255
v 1.750 -9.300 19.155
v 2.390 -9.300 19.155
v 2.390 -0.800 19.155
v 1.750 -0.800 19.155
v 1.750 -9.300 19.795
v 2.390 -9.300 19.795
v 2.390 -0.800 19.795
v 1.750 -0.800 19.795
v 4.290 -9.300 16.615
v 4.930 -9.300 16.615
v 4.930 -0.800 16.615
v 4.290 -0.800 16.615
v 4.290 -9.300 17.255
v 4.930 -9.300 17.255
v 4.930 -0.800 17.255
v 4.290 -0.800 17.255
v 4.290 -9.300 19.155
v 4.930 -9.300 19.155
v 4.930 -0.800 19.155
v 4.290 -0.800 19.155
v 4.290 -9.300 19.795
v 4.930 -9.300 19.795
v 4.930 -0.800 19.795
v 4.290 -0.800 19.795
v 6.830 -9.300 16.615
v 7.470 -9.300 16.615
v 7.470 -0.800 16.615
v 6.830 -0.800 16.615
v 6.830 -9.300 17.255
v 7.470 -9.300 17.255
v 7.470 -0.800 17.255
v 6.830 -0.800 17.255
v 6.830 -9.300 19.155
v 7.470 -9.300 19.155
v 7.470 -0.800 19.155
v 6.830 -0.800 19.155
v 6.830 -9.300 19.795
v 7.470 -9.300 19.795
v 7.470 -0.800 19.795
v 6.830 -0.800 19.795
v 9.370 -9.300 16.615
v 10.010 -9.300 16.615
v 10.010 -0.800 16.615
v 9.370 -0.800 16.615
v 9.370 -9.300 17.255
v 10.010 -9.300 17.255
v 10.010 -0.800 17.255
v 9.370 -0.800 17.255
v 9.370 -9.300 19.155
v 10.010 -9.300 19.155
v 10.010 -0.800 19.155
v 9.370 -0.800 19.155
v 9.370 -9.300 19.795
v 10.010 -9.300 19.795
v 10.010 -0.800 19.795
v 9.370 -0.800 19.795
v 11.910 -9.300 16.615
v 12.550 -9.300 16.615
v 12.550 -0.800 16.615
v 11.910 -0.800 16.615
v 11.910 -9.300 17.255
v 12.550 -9.300 17.255
v 12.550 -0.800 17.255
v 11.910 -0.800 17.255
v 11.910 -9.300 19.155
v 12.550 -9.300 19.155
v 12.550 -0.800 19.155
v 11.910 -0.800 19.155
v 11.910 -9.300 19.795
v 12.550 -9.300 19.795
v 12.550 -0.800 19.795
v 11.910 -0.800 19.795
v 14.450 -9.300 16.615
v 15.090 -9.300 16.615
v 15.090 -0.800 16.615
v 14.450 -0.800 16.615
v 14.450 -9.300 17.255
v 15.090 -9.300 17.255
v 15.090 -0.800 17.255
v 14.450 -0.800 17.255
v 14.450 -9.300 19.155
v 15.090 -9.300 19.155
v 15.090 -0.800 19.155
v 14.450 -0.800 19.155
v 14.450 -9.300 19.795
v 15.090 -9.300 19.795
v 15.090 -0.800 19.795
v 14.450 -0.800 19.795
v 16.990 -9.300 16.615
v 17.630 -9.300 16.615
v 17.630 -0.800 16.615
v 16.990 -0.800 16.615
v 16.990 -9.300 17.255
v 17.630 -9.300 17.255
v 17.630 -0.800 17.255
v 16.990 -0.800 17.255
v 16.990 -9.300 19.155
v 17.630 -9.300 19.155
v 17.630 -0.800 19.155
v 16.990 -0.800 19.155
v 16.990 -9.300 19.795
v 17.630 -9.300 19.795
v 17.630 -0.800 19.795
v 16.990 -0.800 19.795
v 19.530 -9.300 16.615
v 20.170 -9.300 16.615
v 20.170 -0.800 16.615
v 19.530 -0.800 16.615
v 19.530 -9.300 17.255
v 20.170 -9.300 17.255
v 20.170 -0.800 17.255
v 19.530 -0.800 17.255
v 19.530 -9.300 19.155
v 20.170 -9.300 19.155
v 20.170 -0.800 19.155
v 19.530 -0.800 19.155
v 19.530 -9.300 19.795
v 20.170 -9.300 19.795
v 20.170 -0.800 19.795
v 19.530 -0.800 19.795
v 22.070 -9.300 16.615
v 22.710 -9.300 16.615
v 22.710 -0.800 16.615
v 22.070 -0.800 16.615
v 22.070 -9.300 17.255
v 22.710 -9.300 17.255
v 22.710 -0.800 17.255
v 22.070 -0.800 17.255
v 22.070 -9.300 19.155
v 22.710 -9.300 19.155
v 22.710 -0.800 19.155
v 22.070 -0.800 19.155
v 22.070 -9.300 19.795
v 22.710 -9.300 19.795
v 22.710 -0.800 19.795
v 22.070 -0.800 19.795
v 24.610 -9.300 16.615
v 25.250 -9.300 16.615
v 25.250 -0.800 16.615
v 24.610 -0.800 16.615
v 24.610 -9.300 17.255
v 25.250 -9.300 17.255
v 25.250 -0.800 17.255
v 24.610 -0.800 17.255
v 24.610 -9.300 19.155
v 25.250 -9.300 19.155
v 25.250 -0.800 19.155
v 24.610 -0.800 19.155
v 24.610 -9.300 19.795
v 25.250 -9.300 19.795
v 25.250 -0.800 19.795
v 24.610 -0.800 19.795
v 27.150 -9.300 16.615
v 27.790 -9.300 16.615
v 27.790 -0.800 16.615
v 27.150 -0.800 16.615
v 27.150 -9.300 17.255
v 27.790 -9.300 17.255
v 27.790 -0.800 17.255
v 27.150 -0.800 17.255
v 27.150 -9.300 19.155
v 27.790 -9.300 19.155
v 27.790 -0.800 19.155
v 27.150 -0.800 19.155
v 27.150 -9.300 19.795
v 27.790 -9.300 19.795
v 27.790 -0.800 19.795
v 27.150 -0.800 19.795
v 29.690 -9.300 16.615
v 30.330 -9.300 16.615
v 30.330 -0.800 16.615
v 29.690 -0.800 16.615
v 29.690 -9.300 17.255
v 30.330 -9.300 17.255
v 30.330 -0.800 17.255
v 29.690 -0.800 17.255
v 29.690 -9.300 19.155
v 30.330 -9.300 19.155
v 30.330 -0.800 19.155
v 29.690 -0.800 19.155
v 29.690 -9.300 19.795
v 30.330 -9.300 19.795
v 30.330 -0.800 19.795
v 29.690 -0.800 19.795
v 32.230 -9.300 16.615
v 32.870 -9.300 16.615
v 32.870 -0.800 16.615
v 32.230 -0.800 16.615
v 32.230 -9.300 17.255
v 32.870 -9.300 17.255
v 32.870 -0.800 17.255
v 32.230 -0.800 17.255
v 32.230 -9.300 19.155
v 32.870 -9.300 19.155
v 32.870 -0.800 19.155
v 32.230 -0.800 19.155
v 32.230 -9.300 19.795
v 32.870 -9.300 19.795
v 32.870 -0.800 19.795
v 32.230 -0.800 19.795
v 34.770 -9.300 16.615
v 35.410 -9.300 16.615
v 35.410 -0.800 16.615
v 34.770 -0.800 16.615
v 34.770 -9.300 17.255
v 35.410 -9.300 17.255
v 35.410 -0.800 17.255
v 34.770 -0.800 17.255
v 34.770 -9.300 19.155
v 35.410 -9.300 19.155
v 35.410 -0.800 19.155
v 34.770 -0.800 19.155
v 34.770 -9.300 19.795
v 35.410 -9.300 19.795
v 35.410 -0.800 19.795
v 34.770 -0.800 19.795
v 37.310 -9.300 16.615
v 37.950 -9.300 16.615
v 37.950 -0.800 16.615
v 37.310 -0.800 16.615
v 37.310 -9.300 17.255
v 37.950 -9.300 17.255
v 37.950 -0.800 17.255
v 37.310 -0.800 17.255
v 37.310 -9.300 19.155
v 37.950 -9.300 19.155
v 37.950 -0.800 19.155
v 37.310 -0.800 19.155
v 37.310 -9.300 19.795
v 37.950 -9.300 19.795
v 37.950 -0.800 19.795
v 37.310 -0.800 19.795
v 39.850 -9.300 16.615
v 40.490 -9.300 16.615
v 40.490 -0.800 16.615
v 39.850 -0.800 16.615
v 39.850 -9.300 17.255
v 40.490 -9.300 17.255
v 40.490 -0.800 17.255
v 39.850 -0.800 17.255
v 39.850 -9.300 19.155
v 40.490 -9.300 19.155
v 40.490 -0.800 19.155
v 39.850 -0.800 19.155
v 39.850 -9.300 19.795
v 40.490 -9.300 19.795
v 40.490 -0.800 19.795
v 39.850 -0.800 19.795
v 42.390 -9.300 16.615
v 43.030 -9.300 16.615
v 43.030 -0.800 16.615
v 42.390 -0.800 16.615
v 42.390 -9.300 17.255
v 43.030 -9.300 17.255
v 43.030 -0.800 17.255
v 42.390 -0.800 17.255
v 42.390 -9.300 19.155
v 43.030 -9.300 19.155
v 43.030 -0.800 19.155
v 42.390 -0.800 19.155
v 42.390 -9.300 19.795
v 43.030 -9.300 19.795
v 43.030 -0.800 19.795
v 42.390 -0.800 19.795
v 44.930 -9.300 16.615
v 45.570 -9.300 16.615
v 45.570 -0.800 16.615
v 44.930 -0.800 16.615
v 44.930 -9.300 17.255
v 45.570 -9.300 17.255
v 45.570 -0.800 17.255
v 44.930 -0.800 17.255
v 44.930 -9.300 19.155
v 45.570 -9.300 19.155
v 45.570 -0.800 19.155
v 44.930 -0.800 19.155
v 44.930 -9.300 19.795
v 45.570 -9.300 19.795
v 45.570 -0.800 19.795
v 44.930 -0.800 19.795
v 47.470 -9.300 16.615
v 48.110 -9.300 16.615
v 48.110 -0.800 16.615
v 47.470 -0.800 16.615
v 47.470 -9.300 17.255
v 48.110 -9.300 17.255
v 48.110 -0.800 17.255
v 47.470 -0.800 17.255
v 47.470 -9.300 19.155
v 48.110 -9.300 19.155
v 48.110 -0.800 19.155
v 47.470 -0.800 19.155
v 47.470 -9.300 19.795
v 48.110 -9.300 19.795
v 48.110 -0.800 19.795
v 47.470 -0.800 19.795
v 50.010 -9.300 16.615
v 50.650 -9.300 16.615
v 50.650 -0.800 16.615
v 50.010 -0.800 16.615
v 50.010 -9.300 17.255
v 50.650 -9.300 17.255
v 50.650 -0.800 17.255
v 50.010 -0.800 17.255
v 50.010 -9.300 19.155
v 50.650 -9.300 19.155
v 50.650 -0.800 19.155
v 50.010 -0.800 19.155
v 50.010 -9.300 19.795
v 50.650 -9.300 19.795
v 50.650 -0.800 19.795
v 50.010 -0.800 19.795
v 52.550 -9.300 16.615
v 53.190 -9.300 16.615
v 53.190 -0.800 16.615
v 52.550 -0.800 16.615
v 52.550 -9.300 17.255
v 53.190 -9.300 17.255
v 53.190 -0.800 17.255
v 52.550 -0.800 17.255
v 52.550 -9.300 19.155
v 53.190 -9.300 19.155
v 53.190 -0.800 19.155
v 52.550 -0.800 19.155
v 52.550 -9.300 19.795
v 53.190 -9.300 19.795
v 53.190 -0.800 19.795
v 52.550 -0.800 19.795
v 55.090 -9.300 16.615
v 55.730 -9.300 16.615
v 55.730 -0.800 16.615
v 55.090 -0.800 16.615
v 55.090 -9.300 17.255
v 55.730 -9.300 17.255
v 55.730 -0.800 17.255
v 55.090 -0.800 17.255
v 55.090 -9.300 19.155
v 55.730 -9.300 19.155
v 55.730 -0.800 19.155
v 55.090 -0.800 19.155
v 55.090 -9.300 19.795
v 55.730 -9.300 19.795
v 55.730 -0.800 19.795
v 55.090 -0.800 19.795
v 57.630 -9.300 16.615
v 58.270 -9.300 16.615
v 58.270 -0.800 16.615
v 57.630 -0.800 16.615
v 57.630 -9.300 17.255
v 58.270 -9.300 17.255
v 58.270 -0.800 17.255
v 57.630 -0.800 17.255
v 57.630 -9.300 19.155
v 58.270 -9.300 19.155
v 58.270 -0.800 19.155
v 57.630 -0.800 19.155
v 57.630 -9.300 19.795
v 58.270 -9.300 19.795
v 58.270 -0.800 19.795
v 57.630 -0.800 19.795
v 60.170 -9.300 16.615
v 60.810 -9.300 16.615
v 60.810 -0.800 16.615
v 60.170 -0.800 16.615
v 60.170 -9.300 17.255
v 60.810 -9.300 17.255
v 60.810 -0.800 17.255
v 60.170 -0.800 17.255
v 60.170 -9.300 19.155
v 60.810 -9.300 19.155
v 60.810 -0.800 19.155
v 60.170 -0.800 19.155
v 60.170 -9.300 19.795
v 60.810 -9.300 19.795
v 60.810 -0.800 19.795
v 60.170 -0.800 19.795
v 62.710 -9.300 16.615
v 63.350 -9.300 16.615
v 63.350 -0.800 16.615
v 62.710 -0.800 16.615
v 62.710 -9.300 17.255
v 63.350 -9.300 17.255
v 63.350 -0.800 17.255
v 62.710 -0.800 17.255
v 62.710 -9.300 19.155
v 63.350 -9.300 19.155
v 63.350 -0.800 19.155
v 62.710 -0.800 19.155
v 62.710 -9.300 19.795
v 63.350 -9.300 19.795
v 63.350 -0.800 19.795
v 62.710 -0.800 19.795
v 65.250 -9.300 16.615
v 65.890 -9.300 16.615
v 65.890 -0.800 16.615
v 65.250 -0.800 16.615
v 65.250 -9.300 17.255
v 65.890 -9.300 17.255
v 65.890 -0.800 17.255
v 65.250 -0.800 17.255
v 65.250 -9.300 19.155
v 65.890 -9.300 19.155
v 65.890 -0.800 19.155
v 65.250 -0.800 19.155
v 65.250 -9.300 19.795
v 65.890 -9.300 19.795
v 65.890 -0.800 19.795
v 65.250 -0.800 19.795
v 67.790 -9.300 16.615
v 68.430 -9.300 16.615
v 68.430 -0.800 16.615
v 67.790 -0.800 16.615
v 67.790 -9.300 17.255
v 68.430 -9.300 17.255
v 68.430 -0.800 17.255
v 67.790 -0.800 17.255
v 67.790 -9.300 19.155
v 68.430 -9.300 19.155
v 68.430 -0.800 19.155
v 67.790 -0.800 19.155
v 67.790 -9.300 19.795
v 68.430 -9.300 19.795
v 68.430 -0.800 19.795
v 67.790 -0.800 19.795
v 70.330 -9.300 16.615
v 70.970 -9.300 16.615
v 70.970 -0.800 16.615
v 70.330 -0.800 16.615
v 70.330 -9.300 17.255
v 70.970 -9.300 17.255
v 70.970 -0.800 17.255
v 70.330 -0.800 17.255
v 70.330 -9.300 19.155
v 70.970 -9.300 19.155
v 70.970 -0.800 19.155
v 70.330 -0.800 19.155
v 70.330 -9.300 19.795
v 70.970 -9.300 19.795
v 70.970 -0.800 19.795
v 70.330 -0.800 19.795
v 72.870 -9.300 16.615
v 73.510 -9.300 16.615
v 73.510 -0.800 16.615
v 72.870 -0.800 16.615
v 72.870 -9.300 17.255
v 73.510 -9.300 17.255
v 73.510 -0.800 17.255
v 72.870 -0.800 17.255
v 72.870 -9.300 19.155
v 73.510 -9.300 19.155
v 73.510 -0.800 19.155
v 72.870 -0.800 19.155
v 72.870 -9.300 19.795
v 73.510 -9.300 19.795
v 73.510 -0.800 19.795
v 72.870 -0.800 19.795
v 75.410 -9.300 16.615
v 76.050 -9.300 16.615
v 76.050 -0.800 16.615
v 75.410 -0.800 16.615
v 75.410 -9.300 17.255
v 76.050 -9.300 17.255
v 76.050 -0.800 17.255
v 75.410 -0.800 17.255
v 75.410 -9.300 19.155
v 76.050 -9.300 19.155
v 76.050 -0.800 19.155
v 75.410 -0.800 19.155
v 75.410 -9.300 19.795
v 76.050 -9.300 19.795
v 76.050 -0.800 19.795
v 75.410 -0.800 19.795
v 77.950 -9.300 16.615
v 78.590 -9.300 16.615
v 78.590 -0.800 16.615
v 77.950 -0.800 16.615
v 77.950 -9.300 17.255
v 78.590 -9.300 17.255
v 78.590 -0.800 17.255
v 77.950 -0.800 17.255
v 77.950 -9.300 19.155
v 78.590 -9.300 19.155
v 78.590 -0.800 19.155
v 77.950 -0.800 19.155
v 77.950 -9.300 19.795
v 78.590 -9.300 19.795
v 78.590 -0.800 19.795
v 77.950 -0.800 19.795
v 80.490 -9.300 16.615
v 81.130 -9.300 16.615
v 81.130 -0.800 16.615
v 80.490 -0.800 16.615
v 80.490 -9.300 17.255
v 81.130 -9.300 17.255
v 81.130 -0.800 17.255
v 80.490 -0.800 17.255
v 80.490 -9.300 19.155
v 81.130 -9.300 19.155
v 81.130 -0.800 19.155
v 80.490 -0.800 19.155
v 80.490 -9.300 19.795
v 81.130 -9.300 19.795
v 81.130 -0.800 19.795
v 80.490 -0.800 19.795
v 83.030 -9.300 16.615
v 83.670 -9.300 16.615
v 83.670 -0.800 16.615
v 83.030 -0.800 16.615
v 83.030 -9.300 17.255
v 83.670 -9.300 17.255
v 83.670 -0.800 17.255
v 83.030 -0.800 17.255
v 83.030 -9.300 19.155
v 83.670 -9.300 19.155
v 83.670 -0.800 19.155
v 83.030 -0.800 19.155
v 83.030 -9.300 19.795
v 83.670 -9.300 19.795
v 83.670 -0.800 19.795
v 83.030 -0.800 19.795
v 85.570 -9.300 16.615
v 86.210 -9.300 16.615
v 86.210 -0.800 16.615
v 85.570 -0.800 16.615
v 85.570 -9.300 17.255
v 86.210 -9.300 17.255
v 86.210 -0.800 17.255
v 85.570 -0.800 17.255
v 85.570 -9.300 19.155
v 86.210 -9.300 19.155
v 86.210 -0.800 19.155
v 85.570 -0.800 19.155
v 85.570 -9.300 19.795
v 86.210 -9.300 19.795
v 86.210 -0.800 19.795
v 85.570 -0.800 19.795
v 88.110 -9.300 16.615
v 88.750 -9.300 16.615
v 88.750 -0.800 16.615
v 88.110 -0.800 16.615
v 88.110 -9.300 17.255
v 88.750 -9.300 17.255
v 88.750 -0.800 17.255
v 88.110 -0.800 17.255
v 88.110 -9.300 19.155
v 88.750 -9.300 19.155
v 88.750 -0.800 19.155
v 88.110 -0.800 19.155
v 88.110 -9.300 19.795
v 88.750 -9.300 19.795
v 88.750 -0.800 19.795
v 88.110 -0.800 19.795
v 90.650 -9.300 16.615
v 91.290 -9.300 16.615
v 91.290 -0.800 16.615
v 90.650 -0.800 16.615
v 90.650 -9.300 17.255
v 91.290 -9.300 17.255
v 91.290 -0.800 17.255
v 90.650 -0.800 17.255
v 90.650 -9.300 19.155
v 91.290 -9.300 19.155
v 91.290 -0.800 19.155
v 90.650 -0.800 19.155
v 90.650 -9.300 19.795
v 91.290 -9.300 19.795
v 91.290 -0.800 19.795
v 90.650 -0.800 19.795
v 93.190 -9.300 16.615
v 93.830 -9.300 16.615
v 93.830 -0.800 16.615
v 93.190 -0.800 16.615
v 93.190 -9.300 17.255
v 93.830 -9.300 17.255
v 93.830 -0.800 17.255
v 93.190 -0.800 17.255
v 93.190 -9.300 19.155
v 93.830 -9.300 19.155
v 93.830 -0.800 19.155
v 93.190 -0.800 19.155
v 93.190 -9.300 19.795
v 93.830 -9.300 19.795
v 93.830 -0.800 19.795
v 93.190 -0.800 19.795
v 95.730 -9.300 16.615
v 96.370 -9.300 16.615
v 96.370 -0.800 16.615
v 95.730 -0.800 16.615
v 95.730 -9.300 17.255
v 96.370 -9.300 17.255
v 96.370 -0.800 17.255
v 95.730 -0.800 17.255
v 95.730 -9.300 19.155
v 96.370 -9.300 19.155
v 96.370 -0.800 19.155
v 95.730 -0.800 19.155
v 95.730 -9.300 19.795
v 96.370 -9.300 19.795
v 96.370 -0.800 19.795
v 95.730 -0.800 19.795
v 98.270 -9.300 16.615
v 98.910 -9.300 16.615
v 98.910 -0.800 16.615
v 98.270 -0.800 16.615
v 98.270 -9.300 17.255
v 98.910 -9.300 17.255
v 98.910 -0.800 17.255
v 98.270 -0.800 17.255
v 98.270 -9.300 19.155
v 98.910 -9.300 19.155
v 98.910 -0.800 19.155
v 98.270 -0.800 19.155
v 98.270 -9.300 19.795
v 98.910 -9.300 19.795
v 98.910 -0.800 19.795
v 98.270 -0.800 19.795
v 100.810 -9.300 16.615
v 101.450 -9.300 16.615
v 101.450 -0.800 16.615
v 100.810 -0.800 16.615
v 100.810 -9.300 17.255
v 101.450 -9.300 17.255
v 101.450 -0.800 17.255
v 100.810 -0.800 17.255
v 100.810 -9.300 19.155
v 101.450 -9.300 19.155
v 101.450 -0.800 19.155
v 100.810 -0.800 19.155
v 100.810 -9.300 19.795
v 101.450 -9.300 19.795
v 101.450 -0.800 19.795
v 100.810 -0.800 19.795
v 74.210 -1.300 27.400
v 74.710 -1.300 27.400
v 74.710 -0.850 27.400
v 74.210 -0.850 27.400
v 74.210 -1.300 28.400
v 74.710 -1.300 28.400
v 74.710 -0.850 28.400
v 74.210 -0.850 28.400
v 74.190 -1.320 27.380
v 74.730 -1.320 27.380
v 74.730 -0.830 27.380
v 74.190 -0.830 27.380
v 74.190 -1.320 27.600
v 74.730 -1.320 27.600
v 74.730 -0.830 27.600
v 74.190 -0.830 27.600
v 74.190 -1.320 28.200
v 74.730 -1.320 28.200
v 74.730 -0.830 28.200
v 74.190 -0.830 28.200
v 74.190 -1.320 28.420
v 74.730 -1.320 28.420
v 74.730 -0.830 28.420
v 74.190 -0.830 28.420
v 35.650 -2.400 4.050
v 42.150 -2.400 4.050
v 42.150 -0.850 4.050
v 35.650 -0.850 4.050
v 35.650 -2.400 7.550
v 42.150 -2.400 7.550
v 42.150 -0.850 7.550
v 35.650 -0.850 7.550
v 94.950 -1.300 6.900
v 95.450 -1.300 6.900
v 95.450 -0.850 6.900
v 94.950 -0.850 6.900
v 94.950 -1.300 7.900
v 95.450 -1.300 7.900
v 95.450 -0.850 7.900
v 94.950 -0.850 7.900
v 94.930 -1.320 6.880
v 95.470 -1.320 6.880
v 95.470 -0.830 6.880
v 94.930 -0.830 6.880
v 94.930 -1.320 7.100
v 95.470 -1.320 7.100
v 95.470 -0.830 7.100
v 94.930 -0.830 7.100
v 94.930 -1.320 7.700
v 95.470 -1.320 7.700
v 95.470 -0.830 7.700
v 94.930 -0.830 7.700
v 94.930 -1.320 7.920
v 95.470 -1.320 7.920
v 95.470 -0.830 7.920
v 94.930 -0.830 7.920
v 63.800 -1.300 23.900
v 64.300 -1.300 23.900
v 64.300 -0.850 23.900
v 63.800 -0.850 23.900
v 63.800 -1.300 24.900
v 64.300 -1.300 24.900
v 64.300 -0.850 24.900
v 63.800 -0.850 24.900
v 63.780 -1.320 23.880
v 64.320 -1.320 23.880
v 64.320 -0.830 23.880
v 63.780 -0.830 23.880
v 63.780 -1.320 24.100
v 64.320 -1.320 24.100
v 64.320 -0.830 24.100
v 63.780 -0.830 24.100
v 63.780 -1.320 24.700
v 64.320 -1.320 24.700
v 64.320 -0.830 24.700
v 63.780 -0.830 24.700
v 63.780 -1.320 24.920
v 64.320 -1.320 24.920
v 64.320 -0.830 24.920
v 63.780 -0.830 24.920
v 13.000 -1.300 23.900
v 13.500 -1.300 23.900
v 13.500 -0.850 23.900
v 13.000 -0.850 23.900
v 13.000 -1.300 24.900
v 13.500 -1.300 24.900
v 13.500 -0.850 24.900
v 13.000 -0.850 24.900
v 12.980 -1.320 23.880
v 13.520 -1.320 23.880
v 13.520 -0.830 23.880
v 12.980 -0.830 23.880
v 12.980 -1.320 24.100
v 13.520 -1.320 24.100
v 13.520 -0.830 24.100
v 12.980 -0.830 24.100
v 12.980 -1.320 24.700
v 13.520 -1.320 24.700
v 13.520 -0.830 24.700
v 12.980 -0.830 24.700
v 12.980 -1.320 24.920
v 13.520 -1.320 24.920
v 13.520 -0.830 24.920
v 12.980 -0.830 24.920
v 10.250 -2.400 4.050
v 16.750 -2.400 4.050
v 16.750 -0.850 4.050
v 10.250 -0.850 4.050
v 10.250 -2.400 7.550
v 16.750 -2.400 7.550
v 16.750 -0.850 7.550
v 10.250 -0.850 7.550
v 18.750 -1.300 6.900
v 19.250 -1.300 6.900
v 19.250 -0.850 6.900
v 18.750 -0.850 6.900
v 18.750 -1.300 7.900
v 19.250 -1.300 7.900
v 19.250 -0.850 7.900
v 18.750 -0.850 7.900
v 18.730 -1.320 6.880
v 19.270 -1.320 6.880
v 19.270 -0.830 6.880
v 18.730 -0.830 6.880
v 18.730 -1.320 7.100
v 19.270 -1.320 7.100
v 19.270 -0.830 7.100
v 18.730 -0.830 7.100
v 18.730 -1.320 7.700
v 19.270 -1.320 7.700
v 19.270 -0.830 7.700
v 18.730 -0.830 7.700
v 18.730 -1.320 7.920
v 19.270 -1.320 7.920
v 19.270 -0.830 7.920
v 18.730 -0.830 7.920
v 48.810 -1.300 27.400
v 49.310 -1.300 27.400
v 49.310 -0.850 27.400
v 48.810 -0.850 27.400
v 48.810 -1.300 28.400
v 49.310 -1.300 28.400
v 49.310 -0.850 28.400
v 48.810 -0.850 28.400
v 48.790 -1.320 27.380
v 49.330 -1.320 27.380
v 49.330 -0.830 27.380
v 48.790 -0.830 27.380
v 48.790 -1.320 27.600
v 49.330 -1.320 27.600
v 49.330 -0.830 27.600
v 48.790 -0.830 27.600
v 48.790 -1.320 28.200
v 49.330 -1.320 28.200
v 49.330 -0.830 28.200
v 48.790 -0.830 28.200
v 48.790 -1.320 28.420
v 49.330 -1.320 28.420
v 49.330 -0.830 28.420
v 48.790 -0.830 28.420
v 34.840 -1.200 23.600
v 35.340 -1.200 23.600
v 35.340 -0.850 23.600
v 34.840 -0.850 23.600
v 34.840 -1.200 24.600
v 35.340 -1.200 24.600
v 35.340 -0.850 24.600
v 34.840 -0.850 24.600
v 34.820 -1.220 23.580
v 35.360 -1.220 23.580
v 35.360 -0.830 23.580
v 34.820 -0.830 23.580
v 34.820 -1.220 23.800
v 35.360 -1.220 23.800
v 35.360 -0.830 23.800
v 34.820 -0.830 23.800
v 34.820 -1.220 24.400
v 35.360 -1.220 24.400
v 35.360 -0.830 24.400
v 34.820 -0.830 24.400
v 34.820 -1.220 24.620
v 35.360 -1.220 24.620
v 35.360 -0.830 24.620
v 34.820 -0.830 24.620
vt 0.00000 1.00000
vt 1.00000 1.00000
vt 1.00000 0.00000
vt 0.00000 0.00000
vt 0.00000 0.00000
vt 1.00000 0.00000
vt 1.00000 1.00000
vt 0.00000 1.00000
vn 0 0 1
vn 0 0 -1
vn -1 0 0
vn 1 0 0
vn 0 1 0
vn 0 -1 0
vn 0 0 1
vn 0 0 -1
vn -1 0 0
vn 1 0 0
vn 0 1 0
vn 0 -1 0
vn 0 0 1
vn 0 0 -1
vn -1 0 0
vn 1 0 0
vn 0 1 0
vn 0 -1 0
vn 0 0 1
vn 0 0 -1
vn -1 0 0
vn 1 0 0
vn 0 1 0
vn 0 -1 0
vn 0 0 1
vn 0 0 -1
vn -1 0 0
vn 1 0 0
vn 0 1 0
vn 0 -1 0
vn 0 0 1
vn 0 0 -1
vn -1 0 0
vn 1 0 0
vn 0 1 0
vn 0 -1 0
vn 0 0 1
vn 0 0 -1
vn -1 0 0
vn 1 0 0
vn 0 1 0
vn 0 -1 0
vn 0 0 1
vn 0 0 -1
vn -1 0 0
vn 1 0 0
vn 0 1 0
vn 0 -1 0
vn 0 0 1
vn 0 0 -1
vn -1 0 0
vn 1 0 0
vn 0 1 0
vn 0 -1 0
vn 0 0 1
vn 0 0 -1
vn -1 0 0
vn 1 0 0
vn 0 1 0
vn 0 -1 0
vn 0 0 1
vn 0 0 -1
vn -1 0 0
vn 1 0 0
vn 0 1 0
vn 0 -1 0
vn 0 0 1
vn 0 0 -1
vn -1 0 0
vn 1 0 0
vn 0 1 0
vn 0 -1 0
vn 0 0 1
vn 0 0 -1
vn -1 0 0
vn 1 0 0
vn 0 1 0
vn 0 -1 0
vn 0 0 1
vn 0 0 -1
vn -1 0 0
vn 1 0 0
vn 0 1 0
vn 0 -1 0
vn 0 0 1
vn 0 0 -1
vn -1 0 0
vn 1 0 0
vn 0 1 0
vn 0 -1 0
vn 0 0 1
vn 0 0 -1
vn -1 0 0
vn 1 0 0
vn 0 1 0
vn 0 -1 0
vn 0 0 1
vn 0 0 -1
vn -1 0 0
vn 1 0 0
vn 0 1 0
vn 0 -1 0
vn 0 0 1
vn 0 0 -1
vn -1 0 0
vn 1 0 0
vn 0 1 0
vn 0 -1 0
vn 0 0 1
vn 0 0 -1
vn -1 0 0
vn 1 0 0
vn 0 1 0
vn 0 -1 0
vn 0 0 1
vn 0 0 -1
vn -1 0 0
vn 1 0 0
vn 0 1 0
vn 0 -1 0
vn 0 0 1
vn 0 0 -1
vn -1 0 0
vn 1 0 0
vn 0 1 0
vn 0 -1 0
vn 0 0 1
vn 0 0 -1
vn -1 0 0
vn 1 0 0
vn 0 1 0
vn 0 -1 0
vn 0 0 1
vn 0 0 -1
vn -1 0 0
vn 1 0 0
vn 0 1 0
vn 0 -1 0
vn 0 0 1
vn 0 0 -1
vn -1 0 0
vn 1 0 0
vn 0 1 0
vn 0 -1 0
vn 0 0 1
vn 0 0 -1
vn -1 0 0
vn 1 0 0
vn 0 1 0
vn 0 -1 0
vn 0 0 1
vn 0 0 -1
vn -1 0 0
vn 1 0 0
vn 0 1 0
vn 0 -1 0
vn 0 0 1
vn 0 0 -1
vn -1 0 0
vn 1 0 0
vn 0 1 0
vn 0 -1 0
vn 0 0 1
vn 0 0 -1
vn -1 0 0
vn 1 0 0
vn 0 1 0
vn 0 -1 0
vn 0 0 1
vn 0 0 -1
vn -1 0 0
vn 1 0 0
vn 0 1 0
vn 0 -1 0
vn 0 0 1
vn 0 0 -1
vn -1 0 0
vn 1 0 0
vn 0 1 0
vn 0 -1 0
vn 0 0 1
vn 0 0 -1
vn -1 0 0
vn 1 0 0
vn 0 1 0
vn 0 -1 0
vn 0 0 1
vn 0 0 -1
vn -1 0 0
vn 1 0 0
vn 0 1 0
vn 0 -1 0
vn 0 0 1
vn 0 0 -1
vn -1 0 0
vn 1 0 0
vn 0 1 0
vn 0 -1 0
vn 0 0 1
vn 0 0 -1
vn -1 0 0
vn 1 0 0
vn 0 1 0
vn 0 -1 0
vn 0 0 1
vn 0 0 -1
vn -1 0 0
vn 1 0 0
vn 0 1 0
vn 0 -1 0
vn 0 0 1
vn 0 0 -1
vn -1 0 0
vn 1 0 0
vn 0 1 0
vn 0 -1 0
vn 0 0 1
vn 0 0 -1
vn -1 0 0
vn 1 0 0
vn 0 1 0
vn 0 -1 0
vn 0 0 1
vn 0 0 -1
vn -1 0 0
vn 1 0 0
vn 0 1 0
vn 0 -1 0
vn 0 0 1
vn 0 0 -1
vn -1 0 0
vn 1 0 0
vn 0 1 0
vn 0 -1 0
vn 0 0 1
vn 0 0 -1
vn -1 0 0
vn 1 0 0
vn 0 1 0
vn 0 -1 0
vn 0 0 1
vn 0 0 -1
vn -1 0 0
vn 1 0 0
vn 0 1 0
vn 0 -1 0
vn 0 0 1
vn 0 0 -1
vn -1 0 0
vn 1 0 0
vn 0 1 0
vn 0 -1 0
vn 0 0 1
vn 0 0 -1
vn -1 0 0
vn 1 0 0
vn 0 1 0
vn 0 -1 0
vn 0 0 1
vn 0 0 -1
vn -1 0 0
vn 1 0 0
vn 0 1 0
vn 0 -1 0
vn 0 0 1
vn 0 0 -1
vn -1 0 0
vn 1 0 0
vn 0 1 0
vn 0 -1 0
vn 0 0 1
vn 0 0 -1
vn -1 0 0
vn 1 0 0
vn 0 1 0
vn 0 -1 0
vn 0 0 1
vn 0 0 -1
vn -1 0 0
vn 1 0 0
vn 0 1 0
vn 0 -1 0
vn 0 0 1
vn 0 0 -1
vn -1 0 0
vn 1 0 0
vn 0 1 0
vn 0 -1 0
vn 0 0 1
vn 0 0 -1
vn -1 0 0
vn 1 0 0
vn 0 1 0
vn 0 -1 0
vn 0 0 1
vn 0 0 -1
vn -1 0 0
vn 1 0 0
vn 0 1 0
vn 0 -1 0
vn 0 0 1
vn 0 0 -1
vn -1 0 0
vn 1 0 0
vn 0 1 0
vn 0 -1 0
vn 0 0 1
vn 0 0 -1
vn -1 0 0
vn 1 0 0
vn 0 1 0
vn 0 -1 0
vn 0 0 1
vn 0 0 -1
vn -1 0 0
vn 1 0 0
vn 0 1 0
vn 0 -1 0
vn 0 0 1
vn 0 0 -1
vn -1 0 0
vn 1 0 0
vn 0 1 0
vn 0 -1 0
vn 0 0 1
vn 0 0 -1
vn -1 0 0
vn 1 0 0
vn 0 1 0
vn 0 -1 0
vn 0 0 1
vn 0 0 -1
vn -1 0 0
vn 1 0 0
vn 0 1 0
vn 0 -1 0
vn 0 0 1
vn 0 0 -1
vn -1 0 0
vn 1 0 0
vn 0 1 0
vn 0 -1 0
vn 0 0 1
vn 0 0 -1
vn -1 0 0
vn 1 0 0
vn 0 1 0
vn 0 -1 0
vn 0 0 1
vn 0 0 -1
vn -1 0 0
vn 1 0 0
vn 0 1 0
vn 0 -1 0
vn 0 0 1
vn 0 0 -1
vn -1 0 0
vn 1 0 0
vn 0 1 0
vn 0 -1 0
vn 0 0 1
vn 0 0 -1
vn -1 0 0
vn 1 0 0
vn 0 1 0
vn 0 -1 0
vn 0 0 1
vn 0 0 -1
vn -1 0 0
vn 1 0 0
vn 0 1 0
vn 0 -1 0
vn 0 0 1
vn 0 0 -1
vn -1 0 0
vn 1 0 0
vn 0 1 0
vn 0 -1 0
vn 0 0 1
vn 0 0 -1
vn -1 0 0
vn 1 0 0
vn 0 1 0
vn 0 -1 0
vn 0 0 1
vn 0 0 -1
vn -1 0 0
vn 1 0 0
vn 0 1 0
vn 0 -1 0
vn 0 0 1
vn 0 0 -1
vn -1 0 0
vn 1 0 0
vn 0 1 0
vn 0 -1 0
vn 0 0 1
vn 0 0 -1
vn -1 0 0
vn 1 0 0
vn 0 1 0
vn 0 -1 0
vn 0 0 1
vn 0 0 -1
vn -1 0 0
vn 1 0 0
vn 0 1 0
vn 0 -1 0
vn 0 0 1
vn 0 0 -1
vn -1 0 0
vn 1 0 0
vn 0 1 0
vn 0 -1 0
vn 0 0 1
vn 0 0 -1
vn -1 0 0
vn 1 0 0
vn 0 1 0
vn 0 -1 0
vn 0 0 1
vn 0 0 -1
vn -1 0 0
vn 1 0 0
vn 0 1 0
vn 0 -1 0
vn 0 0 1
vn 0 0 -1
vn -1 0 0
vn 1 0 0
vn 0 1 0
vn 0 -1 0
vn 0 0 1
vn 0 0 -1
vn -1 0 0
vn 1 0 0
vn 0 1 0
vn 0 -1 0
vn 0 0 1
vn 0 0 -1
vn -1 0 0
vn 1 0 0
vn 0 1 0
vn 0 -1 0
vn 0 0 1
vn 0 0 -1
vn -1 0 0
vn 1 0 0
vn 0 1 0
vn 0 -1 0
vn 0 0 1
vn 0 0 -1
vn -1 0 0
vn 1 0 0
vn 0 1 0
vn 0 -1 0
vn 0 0 1
vn 0 0 -1
vn -1 0 0
vn 1 0 0
vn 0 1 0
vn 0 -1 0
vn 0 0 1
vn 0 0 -1
vn -1 0 0
vn 1 0 0
vn 0 1 0
vn 0 -1 0
vn 0 0 1
vn 0 0 -1
vn -1 0 0
vn 1 0 0
vn 0 1 0
vn 0 -1 0
vn 0 0 1
vn 0 0 -1
vn -1 0 0
vn 1 0 0
vn 0 1 0
vn 0 -1 0
vn 0 0 1
vn 0 0 -1
vn -1 0 0
vn 1 0 0
vn 0 1 0
vn 0 -1 0
vn 0 0 1
vn 0 0 -1
vn -1 0 0
vn 1 0 0
vn 0 1 0
vn 0 -1 0
vn 0 0 1
vn 0 0 -1
vn -1 0 0
vn 1 0 0
vn 0 1 0
vn 0 -1 0
vn 0 0 1
vn 0 0 -1
vn -1 0 0
vn 1 0 0
vn 0 1 0
vn 0 -1 0
vn 0 0 1
vn 0 0 -1
vn -1 0 0
vn 1 0 0
vn 0 1 0
vn 0 -1 0
vn 0 0 1
vn 0 0 -1
vn -1 0 0
vn 1 0 0
vn 0 1 0
vn 0 -1 0
vn 0 0 1
vn 0 0 -1
vn -1 0 0
vn 1 0 0
vn 0 1 0
vn 0 -1 0
vn 0 0 1
vn 0 0 -1
vn -1 0 0
vn 1 0 0
vn 0 1 0
vn 0 -1 0
vn 0 0 1
vn 0 0 -1
vn -1 0 0
vn 1 0 0
vn 0 1 0
vn 0 -1 0
vn 0 0 1
vn 0 0 -1
vn -1 0 0
vn 1 0 0
vn 0 1 0
vn 0 -1 0
vn 0 0 1
vn 0 0 -1
vn -1 0 0
vn 1 0 0
vn 0 1 0
vn 0 -1 0
vn 0 0 1
vn 0 0 -1
vn -1 0 0
vn 1 0 0
vn 0 1 0
vn 0 -1 0
vn 0 0 1
vn 0 0 -1
vn -1 0 0
vn 1 0 0
vn 0 1 0
vn 0 -1 0
vn 0 0 1
vn 0 0 -1
vn -1 0 0
vn 1 0 0
vn 0 1 0
vn 0 -1 0
vn 0 0 1
vn 0 0 -1
vn -1 0 0
vn 1 0 0
vn 0 1 0
vn 0 -1 0
vn 0 0 1
vn 0 0 -1
vn -1 0 0
vn 1 0 0
vn 0 1 0
vn 0 -1 0
vn 0 0 1
vn 0 0 -1
vn -1 0 0
vn 1 0 0
vn 0 1 0
vn 0 -1 0
vn 0 0 1
vn 0 0 -1
vn -1 0 0
vn 1 0 0
vn 0 1 0
vn 0 -1 0
vn 0 0 1
vn 0 0 -1
vn -1 0 0
vn 1 0 0
vn 0 1 0
vn 0 -1 0
vn 0 0 1
vn 0 0 -1
vn -1 0 0
vn 1 0 0
vn 0 1 0
vn 0 -1 0
vn 0 0 1
vn 0 0 -1
vn -1 0 0
vn 1 0 0
vn 0 1 0
vn 0 -1 0
vn 0 0 1
vn 0 0 -1
vn -1 0 0
vn 1 0 0
vn 0 1 0
vn 0 -1 0
vn 0 0 1
vn 0 0 -1
vn -1 0 0
vn 1 0 0
vn 0 1 0
vn 0 -1 0
vn 0 0 1
vn 0 0 -1
vn -1 0 0
vn 1 0 0
vn 0 1 0
vn 0 -1 0
vn 0 0 1
vn 0 0 -1
vn -1 0 0
vn 1 0 0
vn 0 1 0
vn 0 -1 0
vn 0 0 1
vn 0 0 -1
vn -1 0 0
vn 1 0 0
vn 0 1 0
vn 0 -1 0
vn 0 0 1
vn 0 0 -1
vn -1 0 0
vn 1 0 0
vn 0 1 0
vn 0 -1 0
vn 0 0 1
vn 0 0 -1
vn -1 0 0
vn 1 0 0
vn 0 1 0
vn 0 -1 0
vn 0 0 1
vn 0 0 -1
vn -1 0 0
vn 1 0 0
vn 0 1 0
vn 0 -1 0
vn 0 0 1
vn 0 0 -1
vn -1 0 0
vn 1 0 0
vn 0 1 0
vn 0 -1 0
vn 0 0 1
vn 0 0 -1
vn -1 0 0
vn 1 0 0
vn 0 1 0
vn 0 -1 0
vn 0 0 1
vn 0 0 -1
vn -1 0 0
vn 1 0 0
vn 0 1 0
vn 0 -1 0
vn 0 0 1
vn 0 0 -1
vn -1 0 0
vn 1 0 0
vn 0 1 0
vn 0 -1 0
vn 0 0 1
vn 0 0 -1
vn -1 0 0
vn 1 0 0
vn 0 1 0
vn 0 -1 0
vn 0 0 1
vn 0 0 -1
vn -1 0 0
vn 1 0 0
vn 0 1 0
vn 0 -1 0
vn 0 0 1
vn 0 0 -1
vn -1 0 0
vn 1 0 0
vn 0 1 0
vn 0 -1 0
vn 0 0 1
vn 0 0 -1
vn -1 0 0
vn 1 0 0
vn 0 1 0
vn 0 -1 0
vn 0 0 1
vn 0 0 -1
vn -1 0 0
vn 1 0 0
vn 0 1 0
vn 0 -1 0
vn 0 0 1
vn 0 0 -1
vn -1 0 0
vn 1 0 0
vn 0 1 0
vn 0 -1 0
vn 0 0 1
vn 0 0 -1
vn -1 0 0
vn 1 0 0
vn 0 1 0
vn 0 -1 0
vn 0 0 1
vn 0 0 -1
vn -1 0 0
vn 1 0 0
vn 0 1 0
vn 0 -1 0
vn 0 0 1
vn 0 0 -1
vn -1 0 0
vn 1 0 0
vn 0 1 0
vn 0 -1 0
vn 0 0 1
vn 0 0 -1
vn -1 0 0
vn 1 0 0
vn 0 1 0
vn 0 -1 0
vn 0 0 1
vn 0 0 -1
vn -1 0 0
vn 1 0 0
vn 0 1 0
vn 0 -1 0
vn 0 0 1
vn 0 0 -1
vn -1 0 0
vn 1 0 0
vn 0 1 0
vn 0 -1 0
vn 0 0 1
vn 0 0 -1
vn -1 0 0
vn 1 0 0
vn 0 1 0
vn 0 -1 0
vn 0 0 1
vn 0 0 -1
vn -1 0 0
vn 1 0 0
vn 0 1 0
vn 0 -1 0
vn 0 0 1
vn 0 0 -1
vn -1 0 0
vn 1 0 0
vn 0 1 0
vn 0 -1 0
vn 0 0 1
vn 0 0 -1
vn -1 0 0
vn 1 0 0
vn 0 1 0
vn 0 -1 0
vn 0 0 1
vn 0 0 -1
vn -1 0 0
vn 1 0 0
vn 0 1 0
vn 0 -1 0
vn 0 0 1
vn 0 0 -1
vn -1 0 0
vn 1 0 0
vn 0 1 0
vn 0 -1 0
vn 0 0 1
vn 0 0 -1
vn -1 0 0
vn 1 0 0
vn 0 1 0
vn 0 -1 0
vn 0 0 1
vn 0 0 -1
vn -1 0 0
vn 1 0 0
vn 0 1 0
vn 0 -1 0
vn 0 0 1
vn 0 0 -1
vn -1 0 0
vn 1 0 0
vn 0 1 0
vn 0 -1 0
vn 0 0 1
vn 0 0 -1
vn -1 0 0
vn 1 0 0
vn 0 1 0
vn 0 -1 0
vn 0 0 1
vn 0 0 -1
vn -1 0 0
vn 1 0 0
vn 0 1 0
vn 0 -1 0
vn 0 0 1
vn 0 0 -1
vn -1 0 0
vn 1 0 0
vn 0 1 0
vn 0 -1 0
vn 0 0 1
vn 0 0 -1
vn -1 0 0
vn 1 0 0
vn 0 1 0
vn 0 -1 0
vn 0 0 1
vn 0 0 -1
vn -1 0 0
vn 1 0 0
vn 0 1 0
vn 0 -1 0
vn 0 0 1
vn 0 0 -1
vn -1 0 0
vn 1 0 0
vn 0 1 0
vn 0 -1 0
vn 0 0 1
vn 0 0 -1
vn -1 0 0
vn 1 0 0
vn 0 1 0
vn 0 -1 0
vn 0 0 1
vn 0 0 -1
vn -1 0 0
vn 1 0 0
vn 0 1 0
vn 0 -1 0
vn 0 0 1
vn 0 0 -1
vn -1 0 0
vn 1 0 0
vn 0 1 0
vn 0 -1 0
vn 0 0 1
vn 0 0 -1
vn -1 0 0
vn 1 0 0
vn 0 1 0
vn 0 -1 0
vn 0 0 1
vn 0 0 -1
vn -1 0 0
vn 1 0 0
vn 0 1 0
vn 0 -1 0
vn 0 0 1
vn 0 0 -1
vn -1 0 0
vn 1 0 0
vn 0 1 0
vn 0 -1 0
vn 0 0 1
vn 0 0 -1
vn -1 0 0
vn 1 0 0
vn 0 1 0
vn 0 -1 0
vn 0 0 1
vn 0 0 -1
vn -1 0 0
vn 1 0 0
vn 0 1 0
vn 0 -1 0
vn 0 0 1
vn 0 0 -1
vn -1 0 0
vn 1 0 0
vn 0 1 0
vn 0 -1 0
vn 0 0 1
vn 0 0 -1
vn -1 0 0
vn 1 0 0
vn 0 1 0
vn 0 -1 0
vn 0 0 1
vn 0 0 -1
vn -1 0 0
vn 1 0 0
vn 0 1 0
vn 0 -1 0
vn 0 0 1
vn 0 0 -1
vn -1 0 0
vn 1 0 0
vn 0 1 0
vn 0 -1 0
vn 0 0 1
vn 0 0 -1
vn -1 0 0
vn 1 0 0
vn 0 1 0
vn 0 -1 0
vn 0 0 1
vn 0 0 -1
vn -1 0 0
vn 1 0 0
vn 0 1 0
vn 0 -1 0
vn 0 0 1
vn 0 0 -1
vn -1 0 0
vn 1 0 0
vn 0 1 0
vn 0 -1 0
vn 0 0 1
vn 0 0 -1
vn -1 0 0
vn 1 0 0
vn 0 1 0
vn 0 -1 0
vn 0 0 1
vn 0 0 -1
vn -1 0 0
vn 1 0 0
vn 0 1 0
vn 0 -1 0
vn 0 0 1
vn 0 0 -1
vn -1 0 0
vn 1 0 0
vn 0 1 0
vn 0 -1 0
vn 0 0 1
vn 0 0 -1
vn -1 0 0
vn 1 0 0
vn 0 1 0
vn 0 -1 0
vn 0 0 1
vn 0 0 -1
vn -1 0 0
vn 1 0 0
vn 0 1 0
vn 0 -1 0
vn 0 0 1
vn 0 0 -1
vn -1 0 0
vn 1 0 0
vn 0 1 0
vn 0 -1 0
vn 0 0 1
vn 0 0 -1
vn -1 0 0
vn 1 0 0
vn 0 1 0
vn 0 -1 0
vn 0 0 1
vn 0 0 -1
vn -1 0 0
vn 1 0 0
vn 0 1 0
vn 0 -1 0
vn 0 0 1
vn 0 0 -1
vn -1 0 0
vn 1 0 0
vn 0 1 0
vn 0 -1 0
vn 0 0 1
vn 0 0 -1
vn -1 0 0
vn 1 0 0
vn 0 1 0
vn 0 -1 0
vn 0 0 1
vn 0 0 -1
vn -1 0 0
vn 1 0 0
vn 0 1 0
vn 0 -1 0
vn 0 0 1
vn 0 0 -1
vn -1 0 0
vn 1 0 0
vn 0 1 0
vn 0 -1 0
vn 0 0 1
vn 0 0 -1
vn -1 0 0
vn 1 0 0
vn 0 1 0
vn 0 -1 0
vn 0 0 1
vn 0 0 -1
vn -1 0 0
vn 1 0 0
vn 0 1 0
vn 0 -1 0
vn 0 0 1
vn 0 0 -1
vn -1 0 0
vn 1 0 0
vn 0 1 0
vn 0 -1 0
vn 0 0 1
vn 0 0 -1
vn -1 0 0
vn 1 0 0
vn 0 1 0
vn 0 -1 0
vn 0 0 1
vn 0 0 -1
vn -1 0 0
vn 1 0 0
vn 0 1 0
vn 0 -1 0
vn 0 0 1
vn 0 0 -1
vn -1 0 0
vn 1 0 0
vn 0 1 0
vn 0 -1 0
vn 0 0 1
vn 0 0 -1
vn -1 0 0
vn 1 0 0
vn 0 1 0
vn 0 -1 0
vn 0 0 1
vn 0 0 -1
vn -1 0 0
vn 1 0 0
vn 0 1 0
vn 0 -1 0
vn 0 0 1
vn 0 0 -1
vn -1 0 0
vn 1 0 0
vn 0 1 0
vn 0 -1 0
vn 0 0 1
vn 0 0 -1
vn -1 0 0
vn 1 0 0
vn 0 1 0
vn 0 -1 0
vn 0 0 1
vn 0 0 -1
vn -1 0 0
vn 1 0 0
vn 0 1 0
vn 0 -1 0
vn 0 0 1
vn 0 0 -1
vn -1 0 0
vn 1 0 0
vn 0 1 0
vn 0 -1 0
vn 0 0 1
vn 0 0 -1
vn -1 0 0
vn 1 0 0
vn 0 1 0
vn 0 -1 0
vn 0 0 1
vn 0 0 -1
vn -1 0 0
vn 1 0 0
vn 0 1 0
vn 0 -1 0
vn 0 0 1
vn 0 0 -1
vn -1 0 0
vn 1 0 0
vn 0 1 0
vn 0 -1 0
vn 0 0 1
vn 0 0 -1
vn -1 0 0
vn 1 0 0
vn 0 1 0
vn 0 -1 0
vn 0 0 1
vn 0 0 -1
vn -1 0 0
vn 1 0 0
vn 0 1 0
vn 0 -1 0
vn 0 0 1
vn 0 0 -1
vn -1 0 0
vn 1 0 0
vn 0 1 0
vn 0 -1 0
vn 0 0 1
vn 0 0 -1
vn -1 0 0
vn 1 0 0
vn 0 1 0
vn 0 -1 0
vn 0 0 1
vn 0 0 -1
vn -1 0 0
vn 1 0 0
vn 0 1 0
vn 0 -1 0
vn 0 0 1
vn 0 0 -1
vn -1 0 0
vn 1 0 0
vn 0 1 0
vn 0 -1 0
vn 0 0 1
vn 0 0 -1
vn -1 0 0
vn 1 0 0
vn 0 1 0
vn 0 -1 0
vn 0 0 1
vn 0 0 -1
vn -1 0 0
vn 1 0 0
vn 0 1 0
vn 0 -1 0
vn 0 0 1
vn 0 0 -1
vn -1 0 0
vn 1 0 0
vn 0 1 0
vn 0 -1 0
vn 0 0 1
vn 0 0 -1
vn -1 0 0
vn 1 0 0
vn 0 1 0
vn 0 -1 0
vn 0 0 1
vn 0 0 -1
vn -1 0 0
vn 1 0 0
vn 0 1 0
vn 0 -1 0
vn 0 0 1
vn 0 0 -1
vn -1 0 0
vn 1 0 0
vn 0 1 0
vn 0 -1 0
vn 0 0 1
vn 0 0 -1
vn -1 0 0
vn 1 0 0
vn 0 1 0
vn 0 -1 0
vn 0 0 1
vn 0 0 -1
vn -1 0 0
vn 1 0 0
vn 0 1 0
vn 0 -1 0
vn 0 0 1
vn 0 0 -1
vn -1 0 0
vn 1 0 0
vn 0 1 0
vn 0 -1 0
vn 0 0 1
vn 0 0 -1
vn -1 0 0
vn 1 0 0
vn 0 1 0
vn 0 -1 0
vn 0 0 1
vn 0 0 -1
vn -1 0 0
vn 1 0 0
vn 0 1 0
vn 0 -1 0
vn 0 0 1
vn 0 0 -1
vn -1 0 0
vn 1 0 0
vn 0 1 0
vn 0 -1 0
vn 0 0 1
vn 0 0 -1
vn -1 0 0
vn 1 0 0
vn 0 1 0
vn 0 -1 0
vn 0 0 1
vn 0 0 -1
vn -1 0 0
vn 1 0 0
vn 0 1 0
vn 0 -1 0
vn 0 0 1
vn 0 0 -1
vn -1 0 0
vn 1 0 0
vn 0 1 0
vn 0 -1 0
vn 0 0 1
vn 0 0 -1
vn -1 0 0
vn 1 0 0
vn 0 1 0
vn 0 -1 0
vn 0 0 1
vn 0 0 -1
vn -1 0 0
vn 1 0 0
vn 0 1 0
vn 0 -1 0
vn 0 0 1
vn 0 0 -1
vn -1 0 0
vn 1 0 0
vn 0 1 0
vn 0 -1 0
vn 0 0 1
vn 0 0 -1
vn -1 0 0
vn 1 0 0
vn 0 1 0
vn 0 -1 0
vn 0 0 1
vn 0 0 -1
vn -1 0 0
vn 1 0 0
vn 0 1 0
vn 0 -1 0
vn 0 0 1
vn 0 0 -1
vn -1 0 0
vn 1 0 0
vn 0 1 0
vn 0 -1 0
vn 0 0 1
vn 0 0 -1
vn -1 0 0
vn 1 0 0
vn 0 1 0
vn 0 -1 0
vn 0 0 1
vn 0 0 -1
vn -1 0 0
vn 1 0 0
vn 0 1 0
vn 0 -1 0
vn 0 0 1
vn 0 0 -1
vn -1 0 0
vn 1 0 0
vn 0 1 0
vn 0 -1 0
vn 0 0 1
vn 0 0 -1
vn -1 0 0
vn 1 0 0
vn 0 1 0
vn 0 -1 0
vn 0 0 1
vn 0 0 -1
vn -1 0 0
vn 1 0 0
vn 0 1 0
vn 0 -1 0
vn 0 0 1
vn 0 0 -1
vn -1 0 0
vn 1 0 0
vn 0 1 0
vn 0 -1 0
vn 0 0 1
vn 0 0 -1
vn -1 0 0
vn 1 0 0
vn 0 1 0
vn 0 -1 0
vn 0 0 1
vn 0 0 -1
vn -1 0 0
vn 1 0 0
vn 0 1 0
vn 0 -1 0
vn 0 0 1
vn 0 0 -1
vn -1 0 0
vn 1 0 0
vn 0 1 0
vn 0 -1 0
vn 0 0 1
vn 0 0 -1
vn -1 0 0
vn 1 0 0
vn 0 1 0
vn 0 -1 0
vn 0 0 1
vn 0 0 -1
vn -1 0 0
vn 1 0 0
vn 0 1 0
vn 0 -1 0
vn 0 0 1
vn 0 0 -1
vn -1 0 0
vn 1 0 0
vn 0 1 0
vn 0 -1 0
vn 0 0 1
vn 0 0 -1
vn -1 0 0
vn 1 0 0
vn 0 1 0
vn 0 -1 0
vn 0 0 1
vn 0 0 -1
vn -1 0 0
vn 1 0 0
vn 0 1 0
vn 0 -1 0
vn 0 0 1
vn 0 0 -1
vn -1 0 0
vn 1 0 0
vn 0 1 0
vn 0 -1 0
vn 0 0 1
vn 0 0 -1
vn -1 0 0
vn 1 0 0
vn 0 1 0
vn 0 -1 0
vn 0 0 1
vn 0 0 -1
vn -1 0 0
vn 1 0 0
vn 0 1 0
vn 0 -1 0
vn 0 0 1
vn 0 0 -1
vn -1 0 0
vn 1 0 0
vn 0 1 0
vn 0 -1 0
vn 0 0 1
vn 0 0 -1
vn -1 0 0
vn 1 0 0
vn 0 1 0
vn 0 -1 0
vn 0 0 1
vn 0 0 -1
vn -1 0 0
vn 1 0 0
vn 0 1 0
vn 0 -1 0
vn 0 0 1
vn 0 0 -1
vn -1 0 0
vn 1 0 0
vn 0 1 0
vn 0 -1 0
vn 0 0 1
vn 0 0 -1
vn -1 0 0
vn 1 0 0
vn 0 1 0
vn 0 -1 0
vn 0 0 1
vn 0 0 -1
vn -1 0 0
vn 1 0 0
vn 0 1 0
vn 0 -1 0
vn 0 0 1
vn 0 0 -1
vn -1 0 0
vn 1 0 0
vn 0 1 0
vn 0 -1 0
vn 0 0 1
vn 0 0 -1
vn -1 0 0
vn 1 0 0
vn 0 1 0
vn 0 -1 0
vn 0 0 1
vn 0 0 -1
vn -1 0 0
vn 1 0 0
vn 0 1 0
vn 0 -1 0
vn 0 0 1
vn 0 0 -1
vn -1 0 0
vn 1 0 0
vn 0 1 0
vn 0 -1 0
vn 0 0 1
vn 0 0 -1
vn -1 0 0
vn 1 0 0
vn 0 1 0
vn 0 -1 0
vn 0 0 1
vn 0 0 -1
vn -1 0 0
vn 1 0 0
vn 0 1 0
vn 0 -1 0
vn 0 0 1
vn 0 0 -1
vn -1 0 0
vn 1 0 0
vn 0 1 0
vn 0 -1 0
vn 0 0 1
vn 0 0 -1
vn -1 0 0
vn 1 0 0
vn 0 1 0
vn 0 -1 0
vn 0 0 1
vn 0 0 -1
vn -1 0 0
vn 1 0 0
vn 0 1 0
vn 0 -1 0
vn 0 0 1
vn 0 0 -1
vn -1 0 0
vn 1 0 0
vn 0 1 0
vn 0 -1 0
vn 0 0 1
vn 0 0 -1
vn -1 0 0
vn 1 0 0
vn 0 1 0
vn 0 -1 0
vn 0 0 1
vn 0 0 -1
vn -1 0 0
vn 1 0 0
vn 0 1 0
vn 0 -1 0
vn 0 0 1
vn 0 0 -1
vn -1 0 0
vn 1 0 0
vn 0 1 0
vn 0 -1 0
vn 0 0 1
vn 0 0 -1
vn -1 0 0
vn 1 0 0
vn 0 1 0
vn 0 -1 0
vn 0 0 1
vn 0 0 -1
vn -1 0 0
vn 1 0 0
vn 0 1 0
vn 0 -1 0
vn 0 0 1
vn 0 0 -1
vn -1 0 0
vn 1 0 0
vn 0 1 0
vn 0 -1 0
vn 0 0 1
vn 0 0 -1
vn -1 0 0
vn 1 0 0
vn 0 1 0
vn 0 -1 0
vn 0 0 1
vn 0 0 -1
vn -1 0 0
vn 1 0 0
vn 0 1 0
vn 0 -1 0
vn 0 0 1
vn 0 0 -1
vn -1 0 0
vn 1 0 0
vn 0 1 0
vn 0 -1 0
vn 0 0 1
vn 0 0 -1
vn -1 0 0
vn 1 0 0
vn 0 1 0
vn 0 -1 0
vn 0 0 1
vn 0 0 -1
vn -1 0 0
vn 1 0 0
vn 0 1 0
vn 0 -1 0
vn 0 0 1
vn 0 0 -1
vn -1 0 0
vn 1 0 0
vn 0 1 0
vn 0 -1 0
vn 0 0 1
vn 0 0 -1
vn -1 0 0
vn 1 0 0
vn 0 1 0
vn 0 -1 0
vn 0 0 1
vn 0 0 -1
vn -1 0 0
vn 1 0 0
vn 0 1 0
vn 0 -1 0
vn 0 0 1
vn 0 0 -1
vn -1 0 0
vn 1 0 0
vn 0 1 0
vn 0 -1 0
vn 0 0 1
vn 0 0 -1
vn -1 0 0
vn 1 0 0
vn 0 1 0
vn 0 -1 0
vn 0 0 1
vn 0 0 -1
vn -1 0 0
vn 1 0 0
vn 0 1 0
vn 0 -1 0
vn 0 0 1
vn 0 0 -1
vn -1 0 0
vn 1 0 0
vn 0 1 0
vn 0 -1 0
vn 0 0 1
vn 0 0 -1
vn -1 0 0
vn 1 0 0
vn 0 1 0
vn 0 -1 0
vn 0 0 1
vn 0 0 -1
vn -1 0 0
vn 1 0 0
vn 0 1 0
vn 0 -1 0
vn 0 0 1
vn 0 0 -1
vn -1 0 0
vn 1 0 0
vn 0 1 0
vn 0 -1 0
vn 0 0 1
vn 0 0 -1
vn -1 0 0
vn 1 0 0
vn 0 1 0
vn 0 -1 0
vn 0 0 1
vn 0 0 -1
vn -1 0 0
vn 1 0 0
vn 0 1 0
vn 0 -1 0
vn 0 0 1
vn 0 0 -1
vn -1 0 0
vn 1 0 0
vn 0 1 0
vn 0 -1 0
vn 0 0 1
vn 0 0 -1
vn -1 0 0
vn 1 0 0
vn 0 1 0
vn 0 -1 0
vn 0 0 1
vn 0 0 -1
vn -1 0 0
vn 1 0 0
vn 0 1 0
vn 0 -1 0
vn 0 0 1
vn 0 0 -1
vn -1 0 0
vn 1 0 0
vn 0 1 0
vn 0 -1 0
vn 0 0 1
vn 0 0 -1
vn -1 0 0
vn 1 0 0
vn 0 1 0
vn 0 -1 0
vn 0 0 1
vn 0 0 -1
vn -1 0 0
vn 1 0 0
vn 0 1 0
vn 0 -1 0
vn 0 0 1
vn 0 0 -1
vn -1 0 0
vn 1 0 0
vn 0 1 0
vn 0 -1 0
vn 0 0 1
vn 0 0 -1
vn -1 0 0
vn 1 0 0
vn 0 1 0
vn 0 -1 0
vn 0 0 1
vn 0 0 -1
vn -1 0 0
vn 1 0 0
vn 0 1 0
vn 0 -1 0
vn 0 0 1
vn 0 0 -1
vn -1 0 0
vn 1 0 0
vn 0 1 0
vn 0 -1 0
vn 0 0 1
vn 0 0 -1
vn -1 0 0
vn 1 0 0
vn 0 1 0
vn 0 -1 0
vn 0 0 1
vn 0 0 -1
vn -1 0 0
vn 1 0 0
vn 0 1 0
vn 0 -1 0
vn 0 0 1
vn 0 0 -1
vn -1 0 0
vn 1 0 0
vn 0 1 0
vn 0 -1 0
vn 0 0 1
vn 0 0 -1
vn -1 0 0
vn 1 0 0
vn 0 1 0
vn 0 -1 0
vn 0 0 1
vn 0 0 -1
vn -1 0 0
vn 1 0 0
vn 0 1 0
vn 0 -1 0
vn 0 0 1
vn 0 0 -1
vn -1 0 0
vn 1 0 0
vn 0 1 0
vn 0 -1 0
vn 0 0 1
vn 0 0 -1
vn -1 0 0
vn 1 0 0
vn 0 1 0
vn 0 -1 0
vn 0 0 1
vn 0 0 -1
vn -1 0 0
vn 1 0 0
vn 0 1 0
vn 0 -1 0
vn 0 0 1
vn 0 0 -1
vn -1 0 0
vn 1 0 0
vn 0 1 0
vn 0 -1 0
vn 0 0 1
vn 0 0 -1
vn -1 0 0
vn 1 0 0
vn 0 1 0
vn 0 -1 0
vn 0 0 1
vn 0 0 -1
vn -1 0 0
vn 1 0 0
vn 0 1 0
vn 0 -1 0
vn 0 0 1
vn 0 0 -1
vn -1 0 0
vn 1 0 0
vn 0 1 0
vn 0 -1 0
vn 0 0 1
vn 0 0 -1
vn -1 0 0
vn 1 0 0
vn 0 1 0
vn 0 -1 0
vn 0 0 1
vn 0 0 -1
vn -1 0 0
vn 1 0 0
vn 0 1 0
vn 0 -1 0
vn 0 0 1
vn 0 0 -1
vn -1 0 0
vn 1 0 0
vn 0 1 0
vn 0 -1 0
vn 0 0 1
vn 0 0 -1
vn -1 0 0
vn 1 0 0
vn 0 1 0
vn 0 -1 0
vn 0 0 1
vn 0 0 -1
vn -1 0 0
vn 1 0 0
vn 0 1 0
vn 0 -1 0
vn 0 0 1
vn 0 0 -1
vn -1 0 0
vn 1 0 0
vn 0 1 0
vn 0 -1 0
vn 0 0 1
vn 0 0 -1
vn -1 0 0
vn 1 0 0
vn 0 1 0
vn 0 -1 0
vn 0 0 1
vn 0 0 -1
vn -1 0 0
vn 1 0 0
vn 0 1 0
vn 0 -1 0
vn 0 0 1
vn 0 0 -1
vn -1 0 0
vn 1 0 0
vn 0 1 0
vn 0 -1 0
vn 0 0 1
vn 0 0 -1
vn -1 0 0
vn 1 0 0
vn 0 1 0
vn 0 -1 0
vn 0 0 1
vn 0 0 -1
vn -1 0 0
vn 1 0 0
vn 0 1 0
vn 0 -1 0
vn 0 0 1
vn 0 0 -1
vn -1 0 0
vn 1 0 0
vn 0 1 0
vn 0 -1 0
vn 0 0 1
vn 0 0 -1
vn -1 0 0
vn 1 0 0
vn 0 1 0
vn 0 -1 0
vn 0 0 1
vn 0 0 -1
vn -1 0 0
vn 1 0 0
vn 0 1 0
vn 0 -1 0
vn 0 0 1
vn 0 0 -1
vn -1 0 0
vn 1 0 0
vn 0 1 0
vn 0 -1 0
vn 0 0 1
vn 0 0 -1
vn -1 0 0
vn 1 0 0
vn 0 1 0
vn 0 -1 0
vn 0 0 1
vn 0 0 -1
vn -1 0 0
vn 1 0 0
vn 0 1 0
vn 0 -1 0
vn 0 0 1
vn 0 0 -1
vn -1 0 0
vn 1 0 0
vn 0 1 0
vn 0 -1 0
vn 0 0 1
vn 0 0 -1
vn -1 0 0
vn 1 0 0
vn 0 1 0
vn 0 -1 0
vn 0 0 1
vn 0 0 -1
vn -1 0 0
vn 1 0 0
vn 0 1 0
vn 0 -1 0
vn 0 0 1
vn 0 0 -1
vn -1 0 0
vn 1 0 0
vn 0 1 0
vn 0 -1 0
vn 0 0 1
vn 0 0 -1
vn -1 0 0
vn 1 0 0
vn 0 1 0
vn 0 -1 0
vn 0 0 1
vn 0 0 -1
vn -1 0 0
vn 1 0 0
vn 0 1 0
vn 0 -1 0
vn 0 0 1
vn 0 0 -1
vn -1 0 0
vn 1 0 0
vn 0 1 0
vn 0 -1 0
vn 0 0 1
vn 0 0 -1
vn -1 0 0
vn 1 0 0
vn 0 1 0
vn 0 -1 0
vn 0 0 1
vn 0 0 -1
vn -1 0 0
vn 1 0 0
vn 0 1 0
vn 0 -1 0
vn 0 0 1
vn 0 0 -1
vn -1 0 0
vn 1 0 0
vn 0 1 0
vn 0 -1 0
vn 0 0 1
vn 0 0 -1
vn -1 0 0
vn 1 0 0
vn 0 1 0
vn 0 -1 0
vn 0 0 1
vn 0 0 -1
vn -1 0 0
vn 1 0 0
vn 0 1 0
vn 0 -1 0
vn 0 0 1
vn 0 0 -1
vn -1 0 0
vn 1 0 0
vn 0 1 0
vn 0 -1 0
vn 0 0 1
vn 0 0 -1
vn -1 0 0
vn 1 0 0
vn 0 1 0
vn 0 -1 0
vn 0 0 1
vn 0 0 -1
vn -1 0 0
vn 1 0 0
vn 0 1 0
vn 0 -1 0
vn 0 0 1
vn 0 0 -1
vn -1 0 0
vn 1 0 0
vn 0 1 0
vn 0 -1 0
vn 0 0 1
vn 0 0 -1
vn -1 0 0
vn 1 0 0
vn 0 1 0
vn 0 -1 0
vn 0 0 1
vn 0 0 -1
vn -1 0 0
vn 1 0 0
vn 0 1 0
vn 0 -1 0
vn 0 0 1
vn 0 0 -1
vn -1 0 0
vn 1 0 0
vn 0 1 0
vn 0 -1 0
vn 0 0 1
vn 0 0 -1
vn -1 0 0
vn 1 0 0
vn 0 1 0
vn 0 -1 0
vn 0 0 1
vn 0 0 -1
vn -1 0 0
vn 1 0 0
vn 0 1 0
vn 0 -1 0
vn 0 0 1
vn 0 0 -1
vn -1 0 0
vn 1 0 0
vn 0 1 0
vn 0 -1 0
vn 0 0 1
vn 0 0 -1
vn -1 0 0
vn 1 0 0
vn 0 1 0
vn 0 -1 0
vn 0 0 1
vn 0 0 -1
vn -1 0 0
vn 1 0 0
vn 0 1 0
vn 0 -1 0
vn 0 0 1
vn 0 0 -1
vn -1 0 0
vn 1 0 0
vn 0 1 0
vn 0 -1 0
vn 0 0 1
vn 0 0 -1
vn -1 0 0
vn 1 0 0
vn 0 1 0
vn 0 -1 0
vn 0 0 1
vn 0 0 -1
vn -1 0 0
vn 1 0 0
vn 0 1 0
vn 0 -1 0
vn 0 0 1
vn 0 0 -1
vn -1 0 0
vn 1 0 0
vn 0 1 0
vn 0 -1 0
vn 0 0 1
vn 0 0 -1
vn -1 0 0
vn 1 0 0
vn 0 1 0
vn 0 -1 0
vn 0 0 1
vn 0 0 -1
vn -1 0 0
vn 1 0 0
vn 0 1 0
vn 0 -1 0
vn 0 0 1
vn 0 0 -1
vn -1 0 0
vn 1 0 0
vn 0 1 0
vn 0 -1 0
vn 0 0 1
vn 0 0 -1
vn -1 0 0
vn 1 0 0
vn 0 1 0
vn 0 -1 0
vn 0 0 1
vn 0 0 -1
vn -1 0 0
vn 1 0 0
vn 0 1 0
vn 0 -1 0
vn 0 0 1
vn 0 0 -1
vn -1 0 0
vn 1 0 0
vn 0 1 0
vn 0 -1 0
vn 0 0 1
vn 0 0 -1
vn -1 0 0
vn 1 0 0
vn 0 1 0
vn 0 -1 0
vn 0 0 1
vn 0 0 -1
vn -1 0 0
vn 1 0 0
vn 0 1 0
vn 0 -1 0
vn 0 0 1
vn 0 0 -1
vn -1 0 0
vn 1 0 0
vn 0 1 0
vn 0 -1 0
vn 0 0 1
vn 0 0 -1
vn -1 0 0
vn 1 0 0
vn 0 1 0
vn 0 -1 0
vn 0 0 1
vn 0 0 -1
vn -1 0 0
vn 1 0 0
vn 0 1 0
vn 0 -1 0
vn 0 0 1
vn 0 0 -1
vn -1 0 0
vn 1 0 0
vn 0 1 0
vn 0 -1 0
vn 0 0 1
vn 0 0 -1
vn -1 0 0
vn 1 0 0
vn 0 1 0
vn 0 -1 0
vn 0 0 1
vn 0 0 -1
vn -1 0 0
vn 1 0 0
vn 0 1 0
vn 0 -1 0
vn 0 0 1
vn 0 0 -1
vn -1 0 0
vn 1 0 0
vn 0 1 0
vn 0 -1 0
vn 0 0 1
vn 0 0 -1
vn -1 0 0
vn 1 0 0
vn 0 1 0
vn 0 -1 0
vn 0 0 1
vn 0 0 -1
vn -1 0 0
vn 1 0 0
vn 0 1 0
vn 0 -1 0
vn 0 0 1
vn 0 0 -1
vn -1 0 0
vn 1 0 0
vn 0 1 0
vn 0 -1 0
vn 0 0 1
vn 0 0 -1
vn -1 0 0
vn 1 0 0
vn 0 1 0
vn 0 -1 0
vn 0 0 1
vn 0 0 -1
vn -1 0 0
vn 1 0 0
vn 0 1 0
vn 0 -1 0
vn 0 0 1
vn 0 0 -1
vn -1 0 0
vn 1 0 0
vn 0 1 0
vn 0 -1 0
vn 0 0 1
vn 0 0 -1
vn -1 0 0
vn 1 0 0
vn 0 1 0
vn 0 -1 0
vn 0 0 1
vn 0 0 -1
vn -1 0 0
vn 1 0 0
vn 0 1 0
vn 0 -1 0
vn 0 0 1
vn 0 0 -1
vn -1 0 0
vn 1 0 0
vn 0 1 0
vn 0 -1 0
vn 0 0 1
vn 0 0 -1
vn -1 0 0
vn 1 0 0
vn 0 1 0
vn 0 -1 0
vn 0 0 1
vn 0 0 -1
vn -1 0 0
vn 1 0 0
vn 0 1 0
vn 0 -1 0
vn 0 0 1
vn 0 0 -1
vn -1 0 0
vn 1 0 0
vn 0 1 0
vn 0 -1 0
vn 0 0 1
vn 0 0 -1
vn -1 0 0
vn 1 0 0
vn 0 1 0
vn 0 -1 0
vn 0 0 1
vn 0 0 -1
vn -1 0 0
vn 1 0 0
vn 0 1 0
vn 0 -1 0
vn 0 0 1
vn 0 0 -1
vn -1 0 0
vn 1 0 0
vn 0 1 0
vn 0 -1 0
vn 0 0 1
vn 0 0 -1
vn -1 0 0
vn 1 0 0
vn 0 1 0
vn 0 -1 0
vn 0 0 1
vn 0 0 -1
vn -1 0 0
vn 1 0 0
vn 0 1 0
vn 0 -1 0
vn 0 0 1
vn 0 0 -1
vn -1 0 0
vn 1 0 0
vn 0 1 0
vn 0 -1 0
vn 0 0 1
vn 0 0 -1
vn -1 0 0
vn 1 0 0
vn 0 1 0
vn 0 -1 0
vn 0 0 1
vn 0 0 -1
vn -1 0 0
vn 1 0 0
vn 0 1 0
vn 0 -1 0
vn 0 0 1
vn 0 0 -1
vn -1 0 0
vn 1 0 0
vn 0 1 0
vn 0 -1 0
vn 0 0 1
vn 0 0 -1
vn -1 0 0
vn 1 0 0
vn 0 1 0
vn 0 -1 0
vn 0 0 1
vn 0 0 -1
vn -1 0 0
vn 1 0 0
vn 0 1 0
vn 0 -1 0
vn 0 0 1
vn 0 0 -1
vn -1 0 0
vn 1 0 0
vn 0 1 0
vn 0 -1 0
vn 0 0 1
vn 0 0 -1
vn -1 0 0
vn 1 0 0
vn 0 1 0
vn 0 -1 0
vn 0 0 1
vn 0 0 -1
vn -1 0 0
vn 1 0 0
vn 0 1 0
vn 0 -1 0
vn 0 0 1
vn 0 0 -1
vn -1 0 0
vn 1 0 0
vn 0 1 0
vn 0 -1 0
vn 0 0 1
vn 0 0 -1
vn -1 0 0
vn 1 0 0
vn 0 1 0
vn 0 -1 0
vn 0 0 1
vn 0 0 -1
vn -1 0 0
vn 1 0 0
vn 0 1 0
vn 0 -1 0
vn 0 0 1
vn 0 0 -1
vn -1 0 0
vn 1 0 0
vn 0 1 0
vn 0 -1 0
vn 0 0 1
vn 0 0 -1
vn -1 0 0
vn 1 0 0
vn 0 1 0
vn 0 -1 0
vn 0 0 1
vn 0 0 -1
vn -1 0 0
vn 1 0 0
vn 0 1 0
vn 0 -1 0
vn 0 0 1
vn 0 0 -1
vn -1 0 0
vn 1 0 0
vn 0 1 0
vn 0 -1 0
vn 0 0 1
vn 0 0 -1
vn -1 0 0
vn 1 0 0
vn 0 1 0
vn 0 -1 0
vn 0 0 1
vn 0 0 -1
vn -1 0 0
vn 1 0 0
vn 0 1 0
vn 0 -1 0
vn 0 0 1
vn 0 0 -1
vn -1 0 0
vn 1 0 0
vn 0 1 0
vn 0 -1 0
vn 0 0 1
vn 0 0 -1
vn -1 0 0
vn 1 0 0
vn 0 1 0
vn 0 -1 0
vn 0 0 1
vn 0 0 -1
vn -1 0 0
vn 1 0 0
vn 0 1 0
vn 0 -1 0
vn 0 0 1
vn 0 0 -1
vn -1 0 0
vn 1 0 0
vn 0 1 0
vn 0 -1 0
vn 0 0 1
vn 0 0 -1
vn -1 0 0
vn 1 0 0
vn 0 1 0
vn 0 -1 0
vn 0 0 1
vn 0 0 -1
vn -1 0 0
vn 1 0 0
vn 0 1 0
vn 0 -1 0
vn 0 0 1
vn 0 0 -1
vn -1 0 0
vn 1 0 0
vn 0 1 0
vn 0 -1 0
vn 0 0 1
vn 0 0 -1
vn -1 0 0
vn 1 0 0
vn 0 1 0
vn 0 -1 0
vn 0 0 1
vn 0 0 -1
vn -1 0 0
vn 1 0 0
vn 0 1 0
vn 0 -1 0
vn 0 0 1
vn 0 0 -1
vn -1 0 0
vn 1 0 0
vn 0 1 0
vn 0 -1 0
vn 0 0 1
vn 0 0 -1
vn -1 0 0
vn 1 0 0
vn 0 1 0
vn 0 -1 0
vn 0 0 1
vn 0 0 -1
vn -1 0 0
vn 1 0 0
vn 0 1 0
vn 0 -1 0
vn 0 0 1
vn 0 0 -1
vn -1 0 0
vn 1 0 0
vn 0 1 0
vn 0 -1 0
vn 0 0 1
vn 0 0 -1
vn -1 0 0
vn 1 0 0
vn 0 1 0
vn 0 -1 0
vn 0 0 1
vn 0 0 -1
vn -1 0 0
vn 1 0 0
vn 0 1 0
vn 0 -1 0
vn 0 0 1
vn 0 0 -1
vn -1 0 0
vn 1 0 0
vn 0 1 0
vn 0 -1 0
vn 0 0 1
vn 0 0 -1
vn -1 0 0
vn 1 0 0
vn 0 1 0
vn 0 -1 0
vn 0 0 1
vn 0 0 -1
vn -1 0 0
vn 1 0 0
vn 0 1 0
vn 0 -1 0
vn 0 0 1
vn 0 0 -1
vn -1 0 0
vn 1 0 0
vn 0 1 0
vn 0 -1 0
vn 0 0 1
vn 0 0 -1
vn -1 0 0
vn 1 0 0
vn 0 1 0
vn 0 -1 0
vn 0 0 1
vn 0 0 -1
vn -1 0 0
vn 1 0 0
vn 0 1 0
vn 0 -1 0
vn 0 0 1
vn 0 0 -1
vn -1 0 0
vn 1 0 0
vn 0 1 0
vn 0 -1 0
vn 0 0 1
vn 0 0 -1
vn -1 0 0
vn 1 0 0
vn 0 1 0
vn 0 -1 0
vn 0 0 1
vn 0 0 -1
vn -1 0 0
vn 1 0 0
vn 0 1 0
vn 0 -1 0
vn 0 0 1
vn 0 0 -1
vn -1 0 0
vn 1 0 0
vn 0 1 0
vn 0 -1 0
vn 0 0 1
vn 0 0 -1
vn -1 0 0
vn 1 0 0
vn 0 1 0
vn 0 -1 0
vn 0 0 1
vn 0 0 -1
vn -1 0 0
vn 1 0 0
vn 0 1 0
vn 0 -1 0
vn 0 0 1
vn 0 0 -1
vn -1 0 0
vn 1 0 0
vn 0 1 0
vn 0 -1 0
vn 0 0 1
vn 0 0 -1
vn -1 0 0
vn 1 0 0
vn 0 1 0
vn 0 -1 0
vn 0 0 1
vn 0 0 -1
vn -1 0 0
vn 1 0 0
vn 0 1 0
vn 0 -1 0
vn 0 0 1
vn 0 0 -1
vn -1 0 0
vn 1 0 0
vn 0 1 0
vn 0 -1 0
vn 0 0 1
vn 0 0 -1
vn -1 0 0
vn 1 0 0
vn 0 1 0
vn 0 -1 0
vn 0 0 1
vn 0 0 -1
vn -1 0 0
vn 1 0 0
vn 0 1 0
vn 0 -1 0
vn 0 0 1
vn 0 0 -1
vn -1 0 0
vn 1 0 0
vn 0 1 0
vn 0 -1 0
vn 0 0 1
vn 0 0 -1
vn -1 0 0
vn 1 0 0
vn 0 1 0
vn 0 -1 0
vn 0 0 1
vn 0 0 -1
vn -1 0 0
vn 1 0 0
vn 0 1 0
vn 0 -1 0
vn 0 0 1
vn 0 0 -1
vn -1 0 0
vn 1 0 0
vn 0 1 0
vn 0 -1 0
vn 0 0 1
vn 0 0 -1
vn -1 0 0
vn 1 0 0
vn 0 1 0
vn 0 -1 0
vn 0 0 1
vn 0 0 -1
vn -1 0 0
vn 1 0 0
vn 0 1 0
vn 0 -1 0
vn 0 0 1
vn 0 0 -1
vn -1 0 0
vn 1 0 0
vn 0 1 0
vn 0 -1 0
vn 0 0 1
vn 0 0 -1
vn -1 0 0
vn 1 0 0
vn 0 1 0
vn 0 -1 0
vn 0 0 1
vn 0 0 -1
vn -1 0 0
vn 1 0 0
vn 0 1 0
vn 0 -1 0
vn 0 0 1
vn 0 0 -1
vn -1 0 0
vn 1 0 0
vn 0 1 0
vn 0 -1 0
vn 0 0 1
vn 0 0 -1
vn -1 0 0
vn 1 0 0
vn 0 1 0
vn 0 -1 0
vn 0 0 1
vn 0 0 -1
vn -1 0 0
vn 1 0 0
vn 0 1 0
vn 0 -1 0
vn 0 0 1
vn 0 0 -1
vn -1 0 0
vn 1 0 0
vn 0 1 0
vn 0 -1 0
vn 0 0 1
vn 0 0 -1
vn -1 0 0
vn 1 0 0
vn 0 1 0
vn 0 -1 0
vn 0 0 1
vn 0 0 -1
vn -1 0 0
vn 1 0 0
vn 0 1 0
vn 0 -1 0
vn 0 0 1
vn 0 0 -1
vn -1 0 0
vn 1 0 0
vn 0 1 0
vn 0 -1 0
vn 0 0 1
vn 0 0 -1
vn -1 0 0
vn 1 0 0
vn 0 1 0
vn 0 -1 0
vn 0 0 1
vn 0 0 -1
vn -1 0 0
vn 1 0 0
vn 0 1 0
vn 0 -1 0
vn 0 0 1
vn 0 0 -1
vn -1 0 0
vn 1 0 0
vn 0 1 0
vn 0 -1 0
vn 0 0 1
vn 0 0 -1
vn -1 0 0
vn 1 0 0
vn 0 1 0
vn 0 -1 0
vn 0 0 1
vn 0 0 -1
vn -1 0 0
vn 1 0 0
vn 0 1 0
vn 0 -1 0
vn 0 0 1
vn 0 0 -1
vn -1 0 0
vn 1 0 0
vn 0 1 0
vn 0 -1 0
vn 0 0 1
vn 0 0 -1
vn -1 0 0
vn 1 0 0
vn 0 1 0
vn 0 -1 0
vn 0 0 1
vn 0 0 -1
vn -1 0 0
vn 1 0 0
vn 0 1 0
vn 0 -1 0
vn 0 0 1
vn 0 0 -1
vn -1 0 0
vn 1 0 0
vn 0 1 0
vn 0 -1 0
vn 0 0 1
vn 0 0 -1
vn -1 0 0
vn 1 0 0
vn 0 1 0
vn 0 -1 0
vn 0 0 1
vn 0 0 -1
vn -1 0 0
vn 1 0 0
vn 0 1 0
vn 0 -1 0
vn 0 0 1
vn 0 0 -1
vn -1 0 0
vn 1 0 0
vn 0 1 0
vn 0 -1 0
vn 0 0 1
vn 0 0 -1
vn -1 0 0
vn 1 0 0
vn 0 1 0
vn 0 -1 0
vn 0 0 1
vn 0 0 -1
vn -1 0 0
vn 1 0 0
vn 0 1 0
vn 0 -1 0
vn 0 0 1
vn 0 0 -1
vn -1 0 0
vn 1 0 0
vn 0 1 0
vn 0 -1 0
vn 0 0 1
vn 0 0 -1
vn -1 0 0
vn 1 0 0
vn 0 1 0
vn 0 -1 0
vn 0 0 1
vn 0 0 -1
vn -1 0 0
vn 1 0 0
vn 0 1 0
vn 0 -1 0
vn 0 0 1
vn 0 0 -1
vn -1 0 0
vn 1 0 0
vn 0 1 0
vn 0 -1 0
vn 0 0 1
vn 0 0 -1
vn -1 0 0
vn 1 0 0
vn 0 1 0
vn 0 -1 0
vn 0 0 1
vn 0 0 -1
vn -1 0 0
vn 1 0 0
vn 0 1 0
vn 0 -1 0
vn 0 0 1
vn 0 0 -1
vn -1 0 0
vn 1 0 0
vn 0 1 0
vn 0 -1 0
vn 0 0 1
vn 0 0 -1
vn -1 0 0
vn 1 0 0
vn 0 1 0
vn 0 -1 0
vn 0 0 1
vn 0 0 -1
vn -1 0 0
vn 1 0 0
vn 0 1 0
vn 0 -1 0
vn 0 0 1
vn 0 0 -1
vn -1 0 0
vn 1 0 0
vn 0 1 0
vn 0 -1 0
vn 0 0 1
vn 0 0 -1
vn -1 0 0
vn 1 0 0
vn 0 1 0
vn 0 -1 0
vn 0 0 1
vn 0 0 -1
vn -1 0 0
vn 1 0 0
vn 0 1 0
vn 0 -1 0
vn 0 0 1
vn 0 0 -1
vn -1 0 0
vn 1 0 0
vn 0 1 0
vn 0 -1 0
vn 0 0 1
vn 0 0 -1
vn -1 0 0
vn 1 0 0
vn 0 1 0
vn 0 -1 0
vn 0 0 1
vn 0 0 -1
vn -1 0 0
vn 1 0 0
vn 0 1 0
vn 0 -1 0
vn 0 0 1
vn 0 0 -1
vn -1 0 0
vn 1 0 0
vn 0 1 0
vn 0 -1 0
vn 0 0 1
vn 0 0 -1
vn -1 0 0
vn 1 0 0
vn 0 1 0
vn 0 -1 0
vn 0 0 1
vn 0 0 -1
vn -1 0 0
vn 1 0 0
vn 0 1 0
vn 0 -1 0
vn 0 0 1
vn 0 0 -1
vn -1 0 0
vn 1 0 0
vn 0 1 0
vn 0 -1 0
vn 0 0 1
vn 0 0 -1
vn -1 0 0
vn 1 0 0
vn 0 1 0
vn 0 -1 0
vn 0 0 1
vn 0 0 -1
vn -1 0 0
vn 1 0 0
vn 0 1 0
vn 0 -1 0
vn 0 0 1
vn 0 0 -1
vn -1 0 0
vn 1 0 0
vn 0 1 0
vn 0 -1 0
vn 0 0 1
vn 0 0 -1
vn -1 0 0
vn 1 0 0
vn 0 1 0
vn 0 -1 0
vn 0 0 1
vn 0 0 -1
vn -1 0 0
vn 1 0 0
vn 0 1 0
vn 0 -1 0
vn 0 0 1
vn 0 0 -1
vn -1 0 0
vn 1 0 0
vn 0 1 0
vn 0 -1 0
vn 0 0 1
vn 0 0 -1
vn -1 0 0
vn 1 0 0
vn 0 1 0
vn 0 -1 0
vn 0 0 1
vn 0 0 -1
vn -1 0 0
vn 1 0 0
vn 0 1 0
vn 0 -1 0
vn 0 0 1
vn 0 0 -1
vn -1 0 0
vn 1 0 0
vn 0 1 0
vn 0 -1 0
vn 0 0 1
vn 0 0 -1
vn -1 0 0
vn 1 0 0
vn 0 1 0
vn 0 -1 0
vn 0 0 1
vn 0 0 -1
vn -1 0 0
vn 1 0 0
vn 0 1 0
vn 0 -1 0
vn 0 0 1
vn 0 0 -1
vn -1 0 0
vn 1 0 0
vn 0 1 0
vn 0 -1 0
vn 0 0 1
vn 0 0 -1
vn -1 0 0
vn 1 0 0
vn 0 1 0
vn 0 -1 0
vn 0 0 1
vn 0 0 -1
vn -1 0 0
vn 1 0 0
vn 0 1 0
vn 0 -1 0
vn 0 0 1
vn 0 0 -1
vn -1 0 0
vn 1 0 0
vn 0 1 0
vn 0 -1 0
vn 0 0 1
vn 0 0 -1
vn -1 0 0
vn 1 0 0
vn 0 1 0
vn 0 -1 0
vn 0 0 1
vn 0 0 -1
vn -1 0 0
vn 1 0 0
vn 0 1 0
vn 0 -1 0
vn 0 0 1
vn 0 0 -1
vn -1 0 0
vn 1 0 0
vn 0 1 0
vn 0 -1 0
vn 0 0 1
vn 0 0 -1
vn -1 0 0
vn 1 0 0
vn 0 1 0
vn 0 -1 0
vn 0 0 1
vn 0 0 -1
vn -1 0 0
vn 1 0 0
vn 0 1 0
vn 0 -1 0
vn 0 0 1
vn 0 0 -1
vn -1 0 0
vn 1 0 0
vn 0 1 0
vn 0 -1 0
vn 0 0 1
vn 0 0 -1
vn -1 0 0
vn 1 0 0
vn 0 1 0
vn 0 -1 0
vn 0 0 1
vn 0 0 -1
vn -1 0 0
vn 1 0 0
vn 0 1 0
vn 0 -1 0
vn 0 0 1
vn 0 0 -1
vn -1 0 0
vn 1 0 0
vn 0 1 0
vn 0 -1 0
vn 0 0 1
vn 0 0 -1
vn -1 0 0
vn 1 0 0
vn 0 1 0
vn 0 -1 0
vn 0 0 1
vn 0 0 -1
vn -1 0 0
vn 1 0 0
vn 0 1 0
vn 0 -1 0
vn 0 0 1
vn 0 0 -1
vn -1 0 0
vn 1 0 0
vn 0 1 0
vn 0 -1 0
vn 0 0 1
vn 0 0 -1
vn -1 0 0
vn 1 0 0
vn 0 1 0
vn 0 -1 0
vn 0 0 1
vn 0 0 -1
vn -1 0 0
vn 1 0 0
vn 0 1 0
vn 0 -1 0
vn 0 0 1
vn 0 0 -1
vn -1 0 0
vn 1 0 0
vn 0 1 0
vn 0 -1 0
vn 0 0 1
vn 0 0 -1
vn -1 0 0
vn 1 0 0
vn 0 1 0
vn 0 -1 0
vn 0 0 1
vn 0 0 -1
vn -1 0 0
vn 1 0 0
vn 0 1 0
vn 0 -1 0
vn 0 0 1
vn 0 0 -1
vn -1 0 0
vn 1 0 0
vn 0 1 0
vn 0 -1 0
vn 0 0 1
vn 0 0 -1
vn -1 0 0
vn 1 0 0
vn 0 1 0
vn 0 -1 0
vn 0 0 1
vn 0 0 -1
vn -1 0 0
vn 1 0 0
vn 0 1 0
vn 0 -1 0
vn 0 0 1
vn 0 0 -1
vn -1 0 0
vn 1 0 0
vn 0 1 0
vn 0 -1 0
vn 0 0 1
vn 0 0 -1
vn -1 0 0
vn 1 0 0
vn 0 1 0
vn 0 -1 0
vn 0 0 1
vn 0 0 -1
vn -1 0 0
vn 1 0 0
vn 0 1 0
vn 0 -1 0
vn 0 0 1
vn 0 0 -1
vn -1 0 0
vn 1 0 0
vn 0 1 0
vn 0 -1 0
vn 0 0 1
vn 0 0 -1
vn -1 0 0
vn 1 0 0
vn 0 1 0
vn 0 -1 0
vn 0 0 1
vn 0 0 -1
vn -1 0 0
vn 1 0 0
vn 0 1 0
vn 0 -1 0
vn 0 0 1
vn 0 0 -1
vn -1 0 0
vn 1 0 0
vn 0 1 0
vn 0 -1 0
vn 0 0 1
vn 0 0 -1
vn -1 0 0
vn 1 0 0
vn 0 1 0
vn 0 -1 0
vn 0 0 1
vn 0 0 -1
vn -1 0 0
vn 1 0 0
vn 0 1 0
vn 0 -1 0
vn 0 0 1
vn 0 0 -1
vn -1 0 0
vn 1 0 0
vn 0 1 0
vn 0 -1 0
vn 0 0 1
vn 0 0 -1
vn -1 0 0
vn 1 0 0
vn 0 1 0
vn 0 -1 0
vn 0 0 1
vn 0 0 -1
vn -1 0 0
vn 1 0 0
vn 0 1 0
vn 0 -1 0
vn 0 0 1
vn 0 0 -1
vn -1 0 0
vn 1 0 0
vn 0 1 0
vn 0 -1 0
vn 0 0 1
vn 0 0 -1
vn -1 0 0
vn 1 0 0
vn 0 1 0
vn 0 -1 0
vn 0 0 1
vn 0 0 -1
vn -1 0 0
vn 1 0 0
vn 0 1 0
vn 0 -1 0
vn 0 0 1
vn 0 0 -1
vn -1 0 0
vn 1 0 0
vn 0 1 0
vn 0 -1 0
vn 0 0 1
vn 0 0 -1
vn -1 0 0
vn 1 0 0
vn 0 1 0
vn 0 -1 0
vn 0 0 1
vn 0 0 -1
vn -1 0 0
vn 1 0 0
vn 0 1 0
vn 0 -1 0
vn 0 0 1
vn 0 0 -1
vn -1 0 0
vn 1 0 0
vn 0 1 0
vn 0 -1 0
vn 0 0 1
vn 0 0 -1
vn -1 0 0
vn 1 0 0
vn 0 1 0
vn 0 -1 0
vn 0 0 1
vn 0 0 -1
vn -1 0 0
vn 1 0 0
vn 0 1 0
vn 0 -1 0
vn 0 0 1
vn 0 0 -1
vn -1 0 0
vn 1 0 0
vn 0 1 0
vn 0 -1 0
vn 0 0 1
vn 0 0 -1
vn -1 0 0
vn 1 0 0
vn 0 1 0
vn 0 -1 0
vn 0 0 1
vn 0 0 -1
vn -1 0 0
vn 1 0 0
vn 0 1 0
vn 0 -1 0
vn 0 0 1
vn 0 0 -1
vn -1 0 0
vn 1 0 0
vn 0 1 0
vn 0 -1 0
vn 0 0 1
vn 0 0 -1
vn -1 0 0
vn 1 0 0
vn 0 1 0
vn 0 -1 0
vn 0 0 1
vn 0 0 -1
vn -1 0 0
vn 1 0 0
vn 0 1 0
vn 0 -1 0
vn 0 0 1
vn 0 0 -1
vn -1 0 0
vn 1 0 0
vn 0 1 0
vn 0 -1 0
vn 0 0 1
vn 0 0 -1
vn -1 0 0
vn 1 0 0
vn 0 1 0
vn 0 -1 0
vn 0 0 1
vn 0 0 -1
vn -1 0 0
vn 1 0 0
vn 0 1 0
vn 0 -1 0
vn 0 0 1
vn 0 0 -1
vn -1 0 0
vn 1 0 0
vn 0 1 0
vn 0 -1 0
vn 0 0 1
vn 0 0 -1
vn -1 0 0
vn 1 0 0
vn 0 1 0
vn 0 -1 0
vn 0 0 1
vn 0 0 -1
vn -1 0 0
vn 1 0 0
vn 0 1 0
vn 0 -1 0
vn 0 0 1
vn 0 0 -1
vn -1 0 0
vn 1 0 0
vn 0 1 0
vn 0 -1 0
vn 0 0 1
vn 0 0 -1
vn -1 0 0
vn 1 0 0
vn 0 1 0
vn 0 -1 0
vn 0 0 1
vn 0 0 -1
vn -1 0 0
vn 1 0 0
vn 0 1 0
vn 0 -1 0
vn 0 0 1
vn 0 0 -1
vn -1 0 0
vn 1 0 0
vn 0 1 0
vn 0 -1 0
vn 0 0 1
vn 0 0 -1
vn -1 0 0
vn 1 0 0
vn 0 1 0
vn 0 -1 0
vn 0 0 1
vn 0 0 -1
vn -1 0 0
vn 1 0 0
vn 0 1 0
vn 0 -1 0
vn 0 0 1
vn 0 0 -1
vn -1 0 0
vn 1 0 0
vn 0 1 0
vn 0 -1 0
vn 0 0 1
vn 0 0 -1
vn -1 0 0
vn 1 0 0
vn 0 1 0
vn 0 -1 0
vn 0 0 1
vn 0 0 -1
vn -1 0 0
vn 1 0 0
vn 0 1 0
vn 0 -1 0
vn 0 0 1
vn 0 0 -1
vn -1 0 0
vn 1 0 0
vn 0 1 0
vn 0 -1 0
vn 0 0 1
vn 0 0 -1
vn -1 0 0
vn 1 0 0
vn 0 1 0
vn 0 -1 0
vn 0 0 1
vn 0 0 -1
vn -1 0 0
vn 1 0 0
vn 0 1 0
vn 0 -1 0
vn 0 0 1
vn 0 0 -1
vn -1 0 0
vn 1 0 0
vn 0 1 0
vn 0 -1 0
vn 0 0 1
vn 0 0 -1
vn -1 0 0
vn 1 0 0
vn 0 1 0
vn 0 -1 0
vn 0 0 1
vn 0 0 -1
vn -1 0 0
vn 1 0 0
vn 0 1 0
vn 0 -1 0
vn 0 0 1
vn 0 0 -1
vn -1 0 0
vn 1 0 0
vn 0 1 0
vn 0 -1 0
vn 0 0 1
vn 0 0 -1
vn -1 0 0
vn 1 0 0
vn 0 1 0
vn 0 -1 0
vn 0 0 1
vn 0 0 -1
vn -1 0 0
vn 1 0 0
vn 0 1 0
vn 0 -1 0
vn 0 0 1
vn 0 0 -1
vn -1 0 0
vn 1 0 0
vn 0 1 0
vn 0 -1 0
vn 0 0 1
vn 0 0 -1
vn -1 0 0
vn 1 0 0
vn 0 1 0
vn 0 -1 0
vn 0 0 1
vn 0 0 -1
vn -1 0 0
vn 1 0 0
vn 0 1 0
vn 0 -1 0
vn 0 0 1
vn 0 0 -1
vn -1 0 0
vn 1 0 0
vn 0 1 0
vn 0 -1 0
vn 0 0 1
vn 0 0 -1
vn -1 0 0
vn 1 0 0
vn 0 1 0
vn 0 -1 0
vn 0 0 1
vn 0 0 -1
vn -1 0 0
vn 1 0 0
vn 0 1 0
vn 0 -1 0
usemtl board
f 1//1 2//1 3//1 4//1
f 6//2 5//2 8//2 7//2
f 5//3 1//3 4//3 8//3
f 2//4 6//4 7//4 3//4
f 4/1/5 3/2/5 7/3/5 8/4/5
f 5/5/6 6/6/6 2/7/6 1/8/6
usemtl cap
f 9//7 10//7 11//7 12//7
f 14//8 13//8 16//8 15//8
f 13//9 9//9 12//9 16//9
f 10//10 14//10 15//10 11//10
f 12//11 11//11 15//11 16//11
f 13//12 14//12 10//12 9//12
f 33//25 34//25 35//25 36//25
f 38//26 37//26 40//26 39//26
f 37//27 33//27 36//27 40//27
f 34//28 38//28 39//28 35//28
f 36//29 35//29 39//29 40//29
f 37//30 38//30 34//30 33//30
f 57//43 58//43 59//43 60//43
f 62//44 61//44 64//44 63//44
f 61//45 57//45 60//45 64//45
f 58//46 62//46 63//46 59//46
f 60//47 59//47 63//47 64//47
f 61//48 62//48 58//48 57//48
f 81//61 82//61 83//61 84//61
f 86//62 85//62 88//62 87//62
f 85//63 81//63 84//63 88//63
f 82//64 86//64 87//64 83//64
f 84//65 83//65 87//65 88//65
f 85//66 86//66 82//66 81//66
f 105//79 106//79 107//79 108//79
f 110//80 109//80 112//80 111//80
f 109//81 105//81 108//81 112//81
f 106//82 110//82 111//82 107//82
f 108//83 107//83 111//83 112//83
f 109//84 110//84 106//84 105//84
f 129//97 130//97 131//97 132//97
f 134//98 133//98 136//98 135//98
f 133//99 129//99 132//99 136//99
f 130//100 134//100 135//100 131//100
f 132//101 131//101 135//101 136//101
f 133//102 134//102 130//102 129//102
f 153//115 154//115 155//115 156//115
f 158//116 157//116 160//116 159//116
f 157//117 153//117 156//117 160//117
f 154//118 158//118 159//118 155//118
f 156//119 155//119 159//119 160//119
f 157//120 158//120 154//120 153//120
f 177//133 178//133 179//133 180//133
f 182//134 181//134 184//134 183//134
f 181//135 177//135 180//135 184//135
f 178//136 182//136 183//136 179//136
f 180//137 179//137 183//137 184//137
f 181//138 182//138 178//138 177//138
f 201//151 202//151 203//151 204//151
f 206//152 205//152 208//152 207//152
f 205//153 201//153 204//153 208//153
f 202//154 206//154 207//154 203//154
f 204//155 203//155 207//155 208//155
f 205//156 206//156 202//156 201//156
f 281//211 282//211 283//211 284//211
f 286//212 285//212 288//212 287//212
f 285//213 281//213 284//213 288//213
f 282//214 286//214 287//214 283//214
f 284//215 283//215 287//215 288//215
f 285//216 286//216 282//216 281//216
f 329//247 330//247 331//247 332//247
f 334//248 333//248 336//248 335//248
f 333//249 329//249 332//249 336//249
f 330//250 334//250 335//250 331//250
f 332//251 331//251 335//251 336//251
f 333//252 334//252 330//252 329//252
f 401//301 402//301 403//301 404//301
f 406//302 405//302 408//302 407//302
f 405//303 401//303 404//303 408//303
f 402//304 406//304 407//304 403//304
f 404//305 403//305 407//305 408//305
f 405//306 406//306 402//306 401//306
f 425//319 426//319 427//319 428//319
f 430//320 429//320 432//320 431//320
f 429//321 425//321 428//321 432//321
f 426//322 430//322 431//322 427//322
f 428//323 427//323 431//323 432//323
f 429//324 430//324 426//324 425//324
f 449//337 450//337 451//337 452//337
f 454//338 453//338 456//338 455//338
f 453//339 449//339 452//339 456//339
f 450//340 454//340 455//340 451//340
f 452//341 451//341 455//341 456//341
f 453//342 454//342 450//342 449//342
f 473//355 474//355 475//355 476//355
f 478//356 477//356 480//356 479//356
f 477//357 473//357 476//357 480//357
f 474//358 478//358 479//358 475//358
f 476//359 475//359 479//359 480//359
f 477//360 478//360 474//360 473//360
f 497//373 498//373 499//373 500//373
f 502//374 501//374 504//374 503//374
f 501//375 497//375 500//375 504//375
f 498//376 502//376 503//376 499//376
f 500//377 499//377 503//377 504//377
f 501//378 502//378 498//378 497//378
f 521//391 522//391 523//391 524//391
f 526//392 525//392 528//392 527//392
f 525//393 521//393 524//393 528//393
f 522//394 526//394 527//394 523//394
f 524//395 523//395 527//395 528//395
f 525//396 526//396 522//396 521//396
f 545//409 546//409 547//409 548//409
f 550//410 549//410 552//410 551//410
f 549//411 545//411 548//411 552//411
f 546//412 550//412 551//412 547//412
f 548//413 547//413 551//413 552//413
f 549//414 550//414 546//414 545//414
f 569//427 570//427 571//427 572//427
f 574//428 573//428 576//428 575//428
f 573//429 569//429 572//429 576//429
f 570//430 574//430 575//430 571//430
f 572//431 571//431 575//431 576//431
f 573//432 574//432 570//432 569//432
f 593//445 594//445 595//445 596//445
f 598//446 597//446 600//446 599//446
f 597//447 593//447 596//447 600//447
f 594//448 598//448 599//448 595//448
f 596//449 595//449 599//449 600//449
f 597//450 598//450 594//450 593//450
f 617//463 618//463 619//463 620//463
f 622//464 621//464 624//464 623//464
f 621//465 617//465 620//465 624//465
f 618//466 622//466 623//466 619//466
f 620//467 619//467 623//467 624//467
f 621//468 622//468 618//468 617//468
f 713//535 714//535 715//535 716//535
f 718//536 717//536 720//536 719//536
f 717//537 713//537 716//537 720//537
f 714//538 718//538 719//538 715//538
f 716//539 715//539 719//539 720//539
f 717//540 718//540 714//540 713//540
f 737//553 738//553 739//553 740//553
f 742//554 741//554 744//554 743//554
f 741//555 737//555 740//555 744//555
f 738//556 742//556 743//556 739//556
f 740//557 739//557 743//557 744//557
f 741//558 742//558 738//558 737//558
f 761//571 762//571 763//571 764//571
f 766//572 765//572 768//572 767//572
f 765//573 761//573 764//573 768//573
f 762//574 766//574 767//574 763//574
f 764//575 763//575 767//575 768//575
f 765//576 766//576 762//576 761//576
f 785//589 786//589 787//589 788//589
f 790//590 789//590 792//590 791//590
f 789//591 785//591 788//591 792//591
f 786//592 790//592 791//592 787//592
f 788//593 787//593 791//593 792//593
f 789//594 790//594 786//594 785//594
f 937//703 938//703 939//703 940//703
f 942//704 941//704 944//704 943//704
f 941//705 937//705 940//705 944//705
f 938//706 942//706 943//706 939//706
f 940//707 939//707 943//707 944//707
f 941//708 942//708 938//708 937//708
f 985//739 986//739 987//739 988//739
f 990//740 989//740 992//740 991//740
f 989//741 985//741 988//741 992//741
f 986//742 990//742 991//742 987//742
f 988//743 987//743 991//743 992//743
f 989//744 990//744 986//744 985//744
f 1009//757 1010//757 1011//757 1012//757
f 1014//758 1013//758 1016//758 1015//758
f 1013//759 1009//759 1012//759 1016//759
f 1010//760 1014//760 1015//760 1011//760
f 1012//761 1011//761 1015//761 1016//761
f 1013//762 1014//762 1010//762 1009//762
f 1033//775 1034//775 1035//775 1036//775
f 1038//776 1037//776 1040//776 1039//776
f 1037//777 1033//777 1036//777 1040//777
f 1034//778 1038//778 1039//778 1035//778
f 1036//779 1035//779 1039//779 1040//779
f 1037//780 1038//780 1034//780 1033//780
f 1121//841 1122//841 1123//841 1124//841
f 1126//842 1125//842 1128//842 1127//842
f 1125//843 1121//843 1124//843 1128//843
f 1122//844 1126//844 1127//844 1123//844
f 1124//845 1123//845 1127//845 1128//845
f 1125//846 1126//846 1122//846 1121//846
f 1145//859 1146//859 1147//859 1148//859
f 1150//860 1149//860 1152//860 1151//860
f 1149//861 1145//861 1148//861 1152//861
f 1146//862 1150//862 1151//862 1147//862
f 1148//863 1147//863 1151//863 1152//863
f 1149//864 1150//864 1146//864 1145//864
f 1193//895 1194//895 1195//895 1196//895
f 1198//896 1197//896 1200//896 1199//896
f 1197//897 1193//897 1196//897 1200//897
f 1194//898 1198//898 1199//898 1195//898
f 1196//899 1195//899 1199//899 1200//899
f 1197//900 1198//900 1194//900 1193//900
f 1217//913 1218//913 1219//913 1220//913
f 1222//914 1221//914 1224//914 1223//914
f 1221//915 1217//915 1220//915 1224//915
f 1218//916 1222//916 1223//916 1219//916
f 1220//917 1219//917 1223//917 1224//917
f 1221//918 1222//918 1218//918 1217//918
f 1289//967 1290//967 1291//967 1292//967
f 1294//968 1293//968 1296//968 1295//968
f 1293//969 1289//969 1292//969 1296//969
f 1290//970 1294//970 1295//970 1291//970
f 1292//971 1291//971 1295//971 1296//971
f 1293//972 1294//972 1290//972 1289//972
f 1329//997 1330//997 1331//997 1332//997
f 1334//998 1333//998 1336//998 1335//998
f 1333//999 1329//999 1332//999 1336//999
f 1330//1000 1334//1000 1335//1000 1331//1000
f 1332//1001 1331//1001 1335//1001 1336//1001
f 1333//1002 1334//1002 1330//1002 1329//1002
f 1353//1015 1354//1015 1355//1015 1356//1015
f 1358//1016 1357//1016 1360//1016 1359//1016
f 1357//1017 1353//1017 1356//1017 1360//1017
f 1354//1018 1358//1018 1359//1018 1355//1018
f 1356//1019 1355//1019 1359//1019 1360//1019
f 1357//1020 1358//1020 1354//1020 1353//1020
f 1377//1033 1378//1033 1379//1033 1380//1033
f 1382//1034 1381//1034 1384//1034 1383//1034
f 1381//1035 1377//1035 1380//1035 1384//1035
f 1378//1036 1382//1036 1383//1036 1379//1036
f 1380//1037 1379//1037 1383//1037 1384//1037
f 1381//1038 1382//1038 1378//1038 1377//1038
f 1401//1051 1402//1051 1403//1051 1404//1051
f 1406//1052 1405//1052 1408//1052 1407//1052
f 1405//1053 1401//1053 1404//1053 1408//1053
f 1402//1054 1406//1054 1407//1054 1403//1054
f 1404//1055 1403//1055 1407//1055 1408//1055
f 1405//1056 1406//1056 1402//1056 1401//1056
f 1441//1081 1442//1081 1443//1081 1444//1081
f 1446//1082 1445//1082 1448//1082 1447//1082
f 1445//1083 1441//1083 1444//1083 1448//1083
f 1442//1084 1446//1084 1447//1084 1443//1084
f 1444//1085 1443//1085 1447//1085 1448//1085
f 1445//1086 1446//1086 1442//1086 1441//1086
f 1465//1099 1466//1099 1467//1099 1468//1099
f 1470//1100 1469//1100 1472//1100 1471//1100
f 1469//1101 1465//1101 1468//1101 1472//1101
f 1466//1102 1470//1102 1471//1102 1467//1102
f 1468//1103 1467//1103 1471//1103 1472//1103
f 1469//1104 1470//1104 1466//1104 1465//1104
f 1489//1117 1490//1117 1491//1117 1492//1117
f 1494//1118 1493//1118 1496//1118 1495//1118
f 1493//1119 1489//1119 1492//1119 1496//1119
f 1490//1120 1494//1120 1495//1120 1491//1120
f 1492//1121 1491//1121 1495//1121 1496//1121
f 1493//1122 1494//1122 1490//1122 1489//1122
f 1513//1135 1514//1135 1515//1135 1516//1135
f 1518//1136 1517//1136 1520//1136 1519//1136
f 1517//1137 1513//1137 1516//1137 1520//1137
f 1514//1138 1518//1138 1519//1138 1515//1138
f 1516//1139 1515//1139 1519//1139 1520//1139
f 1517//1140 1518//1140 1514//1140 1513//1140
f 1537//1153 1538//1153 1539//1153 1540//1153
f 1542//1154 1541//1154 1544//1154 1543//1154
f 1541//1155 1537//1155 1540//1155 1544//1155
f 1538//1156 1542//1156 1543//1156 1539//1156
f 1540//1157 1539//1157 1543//1157 1544//1157
f 1541//1158 1542//1158 1538//1158 1537//1158
f 1585//1189 1586//1189 1587//1189 1588//1189
f 1590//1190 1589//1190 1592//1190 1591//1190
f 1589//1191 1585//1191 1588//1191 1592//1191
f 1586//1192 1590//1192 1591//1192 1587//1192
f 1588//1193 1587//1193 1591//1193 1592//1193
f 1589//1194 1590//1194 1586//1194 1585//1194
f 1633//1225 1634//1225 1635//1225 1636//1225
f 1638//1226 1637//1226 1640//1226 1639//1226
f 1637//1227 1633//1227 1636//1227 1640//1227
f 1634//1228 1638//1228 1639//1228 1635//1228
f 1636//1229 1635//1229 1639//1229 1640//1229
f 1637//1230 1638//1230 1634//1230 1633//1230
f 1673//1255 1674//1255 1675//1255 1676//1255
f 1678//1256 1677//1256 1680//1256 1679//1256
f 1677//1257 1673//1257 1676//1257 1680//1257
f 1674//1258 1678//1258 1679//1258 1675//1258
f 1676//1259 1675//1259 1679//1259 1680//1259
f 1677//1260 1678//1260 1674//1260 1673//1260
f 1697//1273 1698//1273 1699//1273 1700//1273
f 1702//1274 1701//1274 1704//1274 1703//1274
f 1701//1275 1697//1275 1700//1275 1704//1275
f 1698//1276 1702//1276 1703//1276 1699//1276
f 1700//1277 1699//1277 1703//1277 1704//1277
f 1701//1278 1702//1278 1698//1278 1697//1278
f 1721//1291 1722//1291 1723//1291 1724//1291
f 1726//1292 1725//1292 1728//1292 1727//1292
f 1725//1293 1721//1293 1724//1293 1728//1293
f 1722//1294 1726//1294 1727//1294 1723//1294
f 1724//1295 1723//1295 1727//1295 1728//1295
f 1725//1296 1726//1296 1722//1296 1721//1296
f 1769//1327 1770//1327 1771//1327 1772//1327
f 1774//1328 1773//1328 1776//1328 1775//1328
f 1773//1329 1769//1329 1772//1329 1776//1329
f 1770//1330 1774//1330 1775//1330 1771//1330
f 1772//1331 1771//1331 1775//1331 1776//1331
f 1773//1332 1774//1332 1770//1332 1769//1332
f 1793//1345 1794//1345 1795//1345 1796//1345
f 1798//1346 1797//1346 1800//1346 1799//1346
f 1797//1347 1793//1347 1796//1347 1800//1347
f 1794//1348 1798//1348 1799//1348 1795//1348
f 1796//1349 1795//1349 1799//1349 1800//1349
f 1797//1350 1798//1350 1794//1350 1793//1350
f 1817//1363 1818//1363 1819//1363 1820//1363
f 1822//1364 1821//1364 1824//1364 1823//1364
f 1821//1365 1817//1365 1820//1365 1824//1365
f 1818//1366 1822//1366 1823//1366 1819//1366
f 1820//1367 1819//1367 1823//1367 1824//1367
f 1821//1368 1822//1368 1818//1368 1817//1368
f 1841//1381 1842//1381 1843//1381 1844//1381
f 1846//1382 1845//1382 1848//1382 1847//1382
f 1845//1383 1841//1383 1844//1383 1848//1383
f 1842//1384 1846//1384 1847//1384 1843//1384
f 1844//1385 1843//1385 1847//1385 1848//1385
f 1845//1386 1846//1386 1842//1386 1841//1386
f 1865//1399 1866//1399 1867//1399 1868//1399
f 1870//1400 1869//1400 1872//1400 1871//1400
f 1869//1401 1865//1401 1868//1401 1872//1401
f 1866//1402 1870//1402 1871//1402 1867//1402
f 1868//1403 1867//1403 1871//1403 1872//1403
f 1869//1404 1870//1404 1866//1404 1865//1404
f 1889//1417 1890//1417 1891//1417 1892//1417
f 1894//1418 1893//1418 1896//1418 1895//1418
f 1893//1419 1889//1419 1892//1419 1896//1419
f 1890//1420 1894//1420 1895//1420 1891//1420
f 1892//1421 1891//1421 1895//1421 1896//1421
f 1893//1422 1894//1422 1890//1422 1889//1422
f 1913//1435 1914//1435 1915//1435 1916//1435
f 1918//1436 1917//1436 1920//1436 1919//1436
f 1917//1437 1913//1437 1916//1437 1920//1437
f 1914//1438 1918//1438 1919//1438 1915//1438
f 1916//1439 1915//1439 1919//1439 1920//1439
f 1917//1440 1918//1440 1914//1440 1913//1440
f 1937//1453 1938//1453 1939//1453 1940//1453
f 1942//1454 1941//1454 1944//1454 1943//1454
f 1941//1455 1937//1455 1940//1455 1944//1455
f 1938//1456 1942//1456 1943//1456 1939//1456
f 1940//1457 1939//1457 1943//1457 1944//1457
f 1941//1458 1942//1458 1938//1458 1937//1458
f 1961//1471 1962//1471 1963//1471 1964//1471
f 1966//1472 1965//1472 1968//1472 1967//1472
f 1965//1473 1961//1473 1964//1473 1968//1473
f 1962//1474 1966//1474 1967//1474 1963//1474
f 1964//1475 1963//1475 1967//1475 1968//1475
f 1965//1476 1966//1476 1962//1476 1961//1476
f 1985//1489 1986//1489 1987//1489 1988//1489
f 1990//1490 1989//1490 1992//1490 1991//1490
f 1989//1491 1985//1491 1988//1491 1992//1491
f 1986//1492 1990//1492 1991//1492 1987//1492
f 1988//1493 1987//1493 1991//1493 1992//1493
f 1989//1494 1990//1494 1986//1494 1985//1494
f 2009//1507 2010//1507 2011//1507 2012//1507
f 2014//1508 2013//1508 2016//1508 2015//1508
f 2013//1509 2009//1509 2012//1509 2016//1509
f 2010//1510 2014//1510 2015//1510 2011//1510
f 2012//1511 2011//1511 2015//1511 2016//1511
f 2013//1512 2014//1512 2010//1512 2009//1512
f 2097//1573 2098//1573 2099//1573 2100//1573
f 2102//1574 2101//1574 2104//1574 2103//1574
f 2101//1575 2097//1575 2100//1575 2104//1575
f 2098//1576 2102//1576 2103//1576 2099//1576
f 2100//1577 2099//1577 2103//1577 2104//1577
f 2101//1578 2102//1578 2098//1578 2097//1578
f 2129//1597 2130//1597 2131//1597 2132//1597
f 2134//1598 2133//1598 2136//1598 2135//1598
f 2133//1599 2129//1599 2132//1599 2136//1599
f 2130//1600 2134//1600 2135//1600 2131//1600
f 2132//1601 2131//1601 2135//1601 2136//1601
f 2133//1602 2134//1602 2130//1602 2129//1602
f 2233//1675 2234//1675 2235//1675 2236//1675
f 2238//1676 2237//1676 2240//1676 2239//1676
f 2237//1677 2233//1677 2236//1677 2240//1677
f 2234//1678 2238//1678 2239//1678 2235//1678
f 2236//1679 2235//1679 2239//1679 2240//1679
f 2237//1680 2238//1680 2234//1680 2233//1680
f 2257//1693 2258//1693 2259//1693 2260//1693
f 2262//1694 2261//1694 2264//1694 2263//1694
f 2261//1695 2257//1695 2260//1695 2264//1695
f 2258//1696 2262//1696 2263//1696 2259//1696
f 2260//1697 2259//1697 2263//1697 2264//1697
f 2261//1698 2262//1698 2258//1698 2257//1698
f 2281//1711 2282//1711 2283//1711 2284//1711
f 2286//1712 2285//1712 2288//1712 2287//1712
f 2285//1713 2281//1713 2284//1713 2288//1713
f 2282//1714 2286//1714 2287//1714 2283//1714
f 2284//1715 2283//1715 2287//1715 2288//1715
f 2285//1716 2286//1716 2282//1716 2281//1716
f 2305//1729 2306//1729 2307//1729 2308//1729
f 2310//1730 2309//1730 2312//1730 2311//1730
f 2309//1731 2305//1731 2308//1731 2312//1731
f 2306//1732 2310//1732 2311//1732 2307//1732
f 2308//1733 2307//1733 2311//1733 2312//1733
f 2309//1734 2310//1734 2306//1734 2305//1734
f 2337//1753 2338//1753 2339//1753 2340//1753
f 2342//1754 2341//1754 2344//1754 2343//1754
f 2341//1755 2337//1755 2340//1755 2344//1755
f 2338//1756 2342//1756 2343//1756 2339//1756
f 2340//1757 2339//1757 2343//1757 2344//1757
f 2341//1758 2342//1758 2338//1758 2337//1758
f 2385//1789 2386//1789 2387//1789 2388//1789
f 2390//1790 2389//1790 2392//1790 2391//1790
f 2389//1791 2385//1791 2388//1791 2392//1791
f 2386//1792 2390//1792 2391//1792 2387//1792
f 2388//1793 2387//1793 2391//1793 2392//1793
f 2389//1794 2390//1794 2386//1794 2385//1794
f 2433//1825 2434//1825 2435//1825 2436//1825
f 2438//1826 2437//1826 2440//1826 2439//1826
f 2437//1827 2433//1827 2436//1827 2440//1827
f 2434//1828 2438//1828 2439//1828 2435//1828
f 2436//1829 2435//1829 2439//1829 2440//1829
f 2437//1830 2438//1830 2434//1830 2433//1830
f 2457//1843 2458//1843 2459//1843 2460//1843
f 2462//1844 2461//1844 2464//1844 2463//1844
f 2461//1845 2457//1845 2460//1845 2464//1845
f 2458//1846 2462//1846 2463//1846 2459//1846
f 2460//1847 2459//1847 2463//1847 2464//1847
f 2461//1848 2462//1848 2458//1848 2457//1848
f 2505//1879 2506//1879 2507//1879 2508//1879
f 2510//1880 2509//1880 2512//1880 2511//1880
f 2509//1881 2505//1881 2508//1881 2512//1881
f 2506//1882 2510//1882 2511//1882 2507//1882
f 2508//1883 2507//1883 2511//1883 2512//1883
f 2509//1884 2510//1884 2506//1884 2505//1884
f 2529//1897 2530//1897 2531//1897 2532//1897
f 2534//1898 2533//1898 2536//1898 2535//1898
f 2533//1899 2529//1899 2532//1899 2536//1899
f 2530//1900 2534//1900 2535//1900 2531//1900
f 2532//1901 2531//1901 2535//1901 2536//1901
f 2533//1902 2534//1902 2530//1902 2529//1902
f 2553//1915 2554//1915 2555//1915 2556//1915
f 2558//1916 2557//1916 2560//1916 2559//1916
f 2557//1917 2553//1917 2556//1917 2560//1917
f 2554//1918 2558//1918 2559//1918 2555//1918
f 2556//1919 2555//1919 2559//1919 2560//1919
f 2557//1920 2558//1920 2554//1920 2553//1920
f 2649//1987 2650//1987 2651//1987 2652//1987
f 2654//1988 2653//1988 2656//1988 2655//1988
f 2653//1989 2649//1989 2652//1989 2656//1989
f 2650//1990 2654//1990 2655//1990 2651//1990
f 2652//1991 2651//1991 2655//1991 2656//1991
f 2653//1992 2654//1992 2650//1992 2649//1992
f 2673//2005 2674//2005 2675//2005 2676//2005
f 2678//2006 2677//2006 2680//2006 2679//2006
f 2677//2007 2673//2007 2676//2007 2680//2007
f 2674//2008 2678//2008 2679//2008 2675//2008
f 2676//2009 2675//2009 2679//2009 2680//2009
f 2677//2010 2678//2010 2674//2010 2673//2010
f 2721//2041 2722//2041 2723//2041 2724//2041
f 2726//2042 2725//2042 2728//2042 2727//2042
f 2725//2043 2721//2043 2724//2043 2728//2043
f 2722//2044 2726//2044 2727//2044 2723//2044
f 2724//2045 2723//2045 2727//2045 2728//2045
f 2725//2046 2726//2046 2722//2046 2721//2046
f 2769//2077 2770//2077 2771//2077 2772//2077
f 2774//2078 2773//2078 2776//2078 2775//2078
f 2773//2079 2769//2079 2772//2079 2776//2079
f 2770//2080 2774//2080 2775//2080 2771//2080
f 2772//2081 2771//2081 2775//2081 2776//2081
f 2773//2082 2774//2082 2770//2082 2769//2082
f 2817//2113 2818//2113 2819//2113 2820//2113
f 2822//2114 2821//2114 2824//2114 2823//2114
f 2821//2115 2817//2115 2820//2115 2824//2115
f 2818//2116 2822//2116 2823//2116 2819//2116
f 2820//2117 2819//2117 2823//2117 2824//2117
f 2821//2118 2822//2118 2818//2118 2817//2118
f 2841//2131 2842//2131 2843//2131 2844//2131
f 2846//2132 2845//2132 2848//2132 2847//2132
f 2845//2133 2841//2133 2844//2133 2848//2133
f 2842//2134 2846//2134 2847//2134 2843//2134
f 2844//2135 2843//2135 2847//2135 2848//2135
f 2845//2136 2846//2136 2842//2136 2841//2136
f 2865//2149 2866//2149 2867//2149 2868//2149
f 2870//2150 2869//2150 2872//2150 2871//2150
f 2869//2151 2865//2151 2868//2151 2872//2151
f 2866//2152 2870//2152 2871//2152 2867//2152
f 2868//2153 2867//2153 2871//2153 2872//2153
f 2869//2154 2870//2154 2866//2154 2865//2154
f 2913//2185 2914//2185 2915//2185 2916//2185
f 2918//2186 2917//2186 2920//2186 2919//2186
f 2917//2187 2913//2187 2916//2187 2920//2187
f 2914//2188 2918//2188 2919//2188 2915//2188
f 2916//2189 2915//2189 2919//2189 2920//2189
f 2917//2190 2918//2190 2914//2190 2913//2190
f 4265//3199 4266//3199 4267//3199 4268//3199
f 4270//3200 4269//3200 4272//3200 4271//3200
f 4269//3201 4265//3201 4268//3201 4272//3201
f 4266//3202 4270//3202 4271//3202 4267//3202
f 4268//3203 4267//3203 4271//3203 4272//3203
f 4269//3204 4270//3204 4266//3204 4265//3204
f 4297//3223 4298//3223 4299//3223 4300//3223
f 4302//3224 4301//3224 4304//3224 4303//3224
f 4301//3225 4297//3225 4300//3225 4304//3225
f 4298//3226 4302//3226 4303//3226 4299//3226
f 4300//3227 4299//3227 4303//3227 4304//3227
f 4301//3228 4302//3228 4298//3228 4297//3228
f 4321//3241 4322//3241 4323//3241 4324//3241
f 4326//3242 4325//3242 4328//3242 4327//3242
f 4325//3243 4321//3243 4324//3243 4328//3243
f 4322//3244 4326//3244 4327//3244 4323//3244
f 4324//3245 4323//3245 4327//3245 4328//3245
f 4325//3246 4326//3246 4322//3246 4321//3246
f 4345//3259 4346//3259 4347//3259 4348//3259
f 4350//3260 4349//3260 4352//3260 4351//3260
f 4349//3261 4345//3261 4348//3261 4352//3261
f 4346//3262 4350//3262 4351//3262 4347//3262
f 4348//3263 4347//3263 4351//3263 4352//3263
f 4349//3264 4350//3264 4346//3264 4345//3264
f 4377//3283 4378//3283 4379//3283 4380//3283
f 4382//3284 4381//3284 4384//3284 4383//3284
f 4381//3285 4377//3285 4380//3285 4384//3285
f 4378//3286 4382//3286 4383//3286 4379//3286
f 4380//3287 4379//3287 4383//3287 4384//3287
f 4381//3288 4382//3288 4378//3288 4377//3288
f 4401//3301 4402//3301 4403//3301 4404//3301
f 4406//3302 4405//3302 4408//3302 4407//3302
f 4405//3303 4401//3303 4404//3303 4408//3303
f 4402//3304 4406//3304 4407//3304 4403//3304
f 4404//3305 4403//3305 4407//3305 4408//3305
f 4405//3306 4406//3306 4402//3306 4401//3306
usemtl lead
f 17//13 18//13 19//13 20//13
f 22//14 21//14 24//14 23//14
f 21//15 17//15 20//15 24//15
f 18//16 22//16 23//16 19//16
f 20//17 19//17 23//17 24//17
f 21//18 22//18 18//18 17//18
f 25//19 26//19 27//19 28//19
f 30//20 29//20 32//20 31//20
f 29//21 25//21 28//21 32//21
f 26//22 30//22 31//22 27//22
f 28//23 27//23 31//23 32//23
f 29//24 30//24 26//24 25//24
f 41//31 42//31 43//31 44//31
f 46//32 45//32 48//32 47//32
f 45//33 41//33 44//33 48//33
f 42//34 46//34 47//34 43//34
f 44//35 43//35 47//35 48//35
f 45//36 46//36 42//36 41//36
f 49//37 50//37 51//37 52//37
f 54//38 53//38 56//38 55//38
f 53//39 49//39 52//39 56//39
f 50//40 54//40 55//40 51//40
f 52//41 51//41 55//41 56//41
f 53//42 54//42 50//42 49//42
f 65//49 66//49 67//49 68//49
f 70//50 69//50 72//50 71//50
f 69//51 65//51 68//51 72//51
f 66//52 70//52 71//52 67//52
f 68//53 67//53 71//53 72//53
f 69//54 70//54 66//54 65//54
f 73//55 74//55 75//55 76//55
f 78//56 77//56 80//56 79//56
f 77//57 73//57 76//57 80//57
f 74//58 78//58 79//58 75//58
f 76//59 75//59 79//59 80//59
f 77//60 78//60 74//60 73//60
f 89//67 90//67 91//67 92//67
f 94//68 93//68 96//68 95//68
f 93//69 89//69 92//69 96//69
f 90//70 94//70 95//70 91//70
f 92//71 91//71 95//71 96//71
f 93//72 94//72 90//72 89//72
f 97//73 98//73 99//73 100//73
f 102//74 101//74 104//74 103//74
f 101//75 97//75 100//75 104//75
f 98//76 102//76 103//76 99//76
f 100//77 99//77 103//77 104//77
f 101//78 102//78 98//78 97//78
f 113//85 114//85 115//85 116//85
f 118//86 117//86 120//86 119//86
f 117//87 113//87 116//87 120//87
f 114//88 118//88 119//88 115//88
f 116//89 115//89 119//89 120//89
f 117//90 118//90 114//90 113//90
f 121//91 122//91 123//91 124//91
f 126//92 125//92 128//92 127//92
f 125//93 121//93 124//93 128//93
f 122//94 126//94 127//94 123//94
f 124//95 123//95 127//95 128//95
f 125//96 126//96 122//96 121//96
f 137//103 138//103 139//103 140//103
f 142//104 141//104 144//104 143//104
f 141//105 137//105 140//105 144//105
f 138//106 142//106 143//106 139//106
f 140//107 139//107 143//107 144//107
f 141//108 142//108 138//108 137//108
f 145//109 146//109 147//109 148//109
f 150//110 149//110 152//110 151//110
f 149//111 145//111 148//111 152//111
f 146//112 150//112 151//112 147//112
f 148//113 147//113 151//113 152//113
f 149//114 150//114 146//114 145//114
f 161//121 162//121 163//121 164//121
f 166//122 165//122 168//122 167//122
f 165//123 161//123 164//123 168//123
f 162//124 166//124 167//124 163//124
f 164//125 163//125 167//125 168//125
f 165//126 166//126 162//126 161//126
f 169//127 170//127 171//127 172//127
f 174//128 173//128 176//128 175//128
f 173//129 169//129 172//129 176//129
f 170//130 174//130 175//130 171//130
f 172//131 171//131 175//131 176//131
f 173//132 174//132 170//132 169//132
f 185//139 186//139 187//139 188//139
f 190//140 189//140 192//140 191//140
f 189//141 185//141 188//141 192//141
f 186//142 190//142 191//142 187//142
f 188//143 187//143 191//143 192//143
f 189//144 190//144 186//144 185//144
f 193//145 194//145 195//145 196//145
f 198//146 197//146 200//146 199//146
f 197//147 193//147 196//147 200//147
f 194//148 198//148 199//148 195//148
f 196//149 195//149 199//149 200//149
f 197//150 198//150 194//150 193//150
f 209//157 210//157 211//157 212//157
f 214//158 213//158 216//158 215//158
f 213//159 209//159 212//159 216//159
f 210//160 214//160 215//160 211//160
f 212//161 211//161 215//161 216//161
f 213//162 214//162 210//162 209//162
f 217//163 218//163 219//163 220//163
f 222//164 221//164 224//164 223//164
f 221//165 217//165 220//165 224//165
f 218//166 222//166 223//166 219//166
f 220//167 219//167 223//167 224//167
f 221//168 222//168 218//168 217//168
f 257//193 258//193 259//193 260//193
f 262//194 261//194 264//194 263//194
f 261//195 257//195 260//195 264//195
f 258//196 262//196 263//196 259//196
f 260//197 259//197 263//197 264//197
f 261//198 262//198 258//198 257//198
f 265//199 266//199 267//199 268//199
f 270//200 269//200 272//200 271//200
f 269//201 265//201 268//201 272//201
f 266//202 270//202 271//202 267//202
f 268//203 267//203 271//203 272//203
f 269//204 270//204 266//204 265//204
f 289//217 290//217 291//217 292//217
f 294//218 293//218 296//218 295//218
f 293//219 289//219 292//219 296//219
f 290//220 294//220 295//220 291//220
f 292//221 291//221 295//221 296//221
f 293//222 294//222 290//222 289//222
f 297//223 298//223 299//223 300//223
f 302//224 301//224 304//224 303//224
f 301//225 297//225 300//225 304//225
f 298//226 302//226 303//226 299//226
f 300//227 299//227 303//227 304//227
f 301//228 302//228 298//228 297//228
f 313//235 314//235 315//235 316//235
f 318//236 317//236 320//236 319//236
f 317//237 313//237 316//237 320//237
f 314//238 318//238 319//238 315//238
f 316//239 315//239 319//239 320//239
f 317//240 318//240 314//240 313//240
f 321//241 322//241 323//241 324//241
f 326//242 325//242 328//242 327//242
f 325//243 321//243 324//243 328//243
f 322//244 326//244 327//244 323//244
f 324//245 323//245 327//245 328//245
f 325//246 326//246 322//246 321//246
f 337//253 338//253 339//253 340//253
f 342//254 341//254 344//254 343//254
f 341//255 337//255 340//255 344//255
f 338//256 342//256 343//256 339//256
f 340//257 339//257 343//257 344//257
f 341//258 342//258 338//258 337//258
f 345//259 346//259 347//259 348//259
f 350//260 349//260 352//260 351//260
f 349//261 345//261 348//261 352//261
f 346//262 350//262 351//262 347//262
f 348//263 347//263 351//263 352//263
f 349//264 350//264 346//264 345//264
f 361//271 362//271 363//271 364//271
f 366//272 365//272 368//272 367//272
f 365//273 361//273 364//273 368//273
f 362//274 366//274 367//274 363//274
f 364//275 363//275 367//275 368//275
f 365//276 366//276 362//276 361//276
f 369//277 370//277 371//277 372//277
f 374//278 373//278 376//278 375//278
f 373//279 369//279 372//279 376//279
f 370//280 374//280 375//280 371//280
f 372//281 371//281 375//281 376//281
f 373//282 374//282 370//282 369//282
f 385//289 386//289 387//289 388//289
f 390//290 389//290 392//290 391//290
f 389//291 385//291 388//291 392//291
f 386//292 390//292 391//292 387//292
f 388//293 387//293 391//293 392//293
f 389//294 390//294 386//294 385//294
f 393//295 394//295 395//295 396//295
f 398//296 397//296 400//296 399//296
f 397//297 393//297 396//297 400//297
f 394//298 398//298 399//298 395//298
f 396//299 395//299 399//299 400//299
f 397//300 398//300 394//300 393//300
f 409//307 410//307 411//307 412//307
f 414//308 413//308 416//308 415//308
f 413//309 409//309 412//309 416//309
f 410//310 414//310 415//310 411//310
f 412//311 411//311 415//311 416//311
f 413//312 414//312 410//312 409//312
f 417//313 418//313 419//313 420//313
f 422//314 421//314 424//314 423//314
f 421//315 417//315 420//315 424//315
f 418//316 422//316 423//316 419//316
f 420//317 419//317 423//317 424//317
f 421//318 422//318 418//318 417//318
f 433//325 434//325 435//325 436//325
f 438//326 437//326 440//326 439//326
f 437//327 433//327 436//327 440//327
f 434//328 438//328 439//328 435//328
f 436//329 435//329 439//329 440//329
f 437//330 438//330 434//330 433//330
f 441//331 442//331 443//331 444//331
f 446//332 445//332 448//332 447//332
f 445//333 441//333 444//333 448//333
f 442//334 446//334 447//334 443//334
f 444//335 443//335 447//335 448//335
f 445//336 446//336 442//336 441//336
f 457//343 458//343 459//343 460//343
f 462//344 461//344 464//344 463//344
f 461//345 457//345 460//345 464//345
f 458//346 462//346 463//346 459//346
f 460//347 459//347 463//347 464//347
f 461//348 462//348 458//348 457//348
f 465//349 466//349 467//349 468//349
f 470//350 469//350 472//350 471//350
f 469//351 465//351 468//351 472//351
f 466//352 470//352 471//352 467//352
f 468//353 467//353 471//353 472//353
f 469//354 470//354 466//354 465//354
f 481//361 482//361 483//361 484//361
f 486//362 485//362 488//362 487//362
f 485//363 481//363 484//363 488//363
f 482//364 486//364 487//364 483//364
f 484//365 483//365 487//365 488//365
f 485//366 486//366 482//366 481//366
f 489//367 490//367 491//367 492//367
f 494//368 493//368 496//368 495//368
f 493//369 489//369 492//369 496//369
f 490//370 494//370 495//370 491//370
f 492//371 491//371 495//371 496//371
f 493//372 494//372 490//372 489//372
f 505//379 506//379 507//379 508//379
f 510//380 509//380 512//380 511//380
f 509//381 505//381 508//381 512//381
f 506//382 510//382 511//382 507//382
f 508//383 507//383 511//383 512//383
f 509//384 510//384 506//384 505//384
f 513//385 514//385 515//385 516//385
f 518//386 517//386 520//386 519//386
f 517//387 513//387 516//387 520//387
f 514//388 518//388 519//388 515//388
f 516//389 515//389 519//389 520//389
f 517//390 518//390 514//390 513//390
f 529//397 530//397 531//397 532//397
f 534//398 533//398 536//398 535//398
f 533//399 529//399 532//399 536//399
f 530//400 534//400 535//400 531//400
f 532//401 531//401 535//401 536//401
f 533//402 534//402 530//402 529//402
f 537//403 538//403 539//403 540//403
f 542//404 541//404 544//404 543//404
f 541//405 537//405 540//405 544//405
f 538//406 542//406 543//406 539//406
f 540//407 539//407 543//407 544//407
f 541//408 542//408 538//408 537//408
f 553//415 554//415 555//415 556//415
f 558//416 557//416 560//416 559//416
f 557//417 553//417 556//417 560//417
f 554//418 558//418 559//418 555//418
f 556//419 555//419 559//419 560//419
f 557//420 558//420 554//420 553//420
f 561//421 562//421 563//421 564//421
f 566//422 565//422 568//422 567//422
f 565//423 561//423 564//423 568//423
f 562//424 566//424 567//424 563//424
f 564//425 563//425 567//425 568//425
f 565//426 566//426 562//426 561//426
f 577//433 578//433 579//433 580//433
f 582//434 581//434 584//434 583//434
f 581//435 577//435 580//435 584//435
f 578//436 582//436 583//436 579//436
f 580//437 579//437 583//437 584//437
f 581//438 582//438 578//438 577//438
f 585//439 586//439 587//439 588//439
f 590//440 589//440 592//440 591//440
f 589//441 585//441 588//441 592//441
f 586//442 590//442 591//442 587//442
f 588//443 587//443 591//443 592//443
f 589//444 590//444 586//444 585//444
f 601//451 602//451 603//451 604//451
f 606//452 605//452 608//452 607//452
f 605//453 601//453 604//453 608//453
f 602//454 606//454 607//454 603//454
f 604//455 603//455 607//455 608//455
f 605//456 606//456 602//456 601//456
f 609//457 610//457 611//457 612//457
f 614//458 613//458 616//458 615//458
f 613//459 609//459 612//459 616//459
f 610//460 614//460 615//460 611//460
f 612//461 611//461 615//461 616//461
f 613//462 614//462 610//462 609//462
f 625//469 626//469 627//469 628//469
f 630//470 629//470 632//470 631//470
f 629//471 625//471 628//471 632//471
f 626//472 630//472 631//472 627//472
f 628//473 627//473 631//473 632//473
f 629//474 630//474 626//474 625//474
f 633//475 634//475 635//475 636//475
f 638//476 637//476 640//476 639//476
f 637//477 633//477 636//477 640//477
f 634//478 638//478 639//478 635//478
f 636//479 635//479 639//479 640//479
f 637//480 638//480 634//480 633//480
f 649//487 650//487 651//487 652//487
f 654//488 653//488 656//488 655//488
f 653//489 649//489 652//489 656//489
f 650//490 654//490 655//490 651//490
f 652//491 651//491 655//491 656//491
f 653//492 654//492 650//492 649//492
f 665//499 666//499 667//499 668//499
f 670//500 669//500 672//500 671//500
f 669//501 665//501 668//501 672//501
f 666//502 670//502 671//502 667//502
f 668//503 667//503 671//503 672//503
f 669//504 670//504 666//504 665//504
f 673//505 674//505 675//505 676//505
f 678//506 677//506 680//506 679//506
f 677//507 673//507 676//507 680//507
f 674//508 678//508 679//508 675//508
f 676//509 675//509 679//509 680//509
f 677//510 678//510 674//510 673//510
f 689//517 690//517 691//517 692//517
f 694//518 693//518 696//518 695//518
f 693//519 689//519 692//519 696//519
f 690//520 694//520 695//520 691//520
f 692//521 691//521 695//521 696//521
f 693//522 694//522 690//522 689//522
f 697//523 698//523 699//523 700//523
f 702//524 701//524 704//524 703//524
f 701//525 697//525 700//525 704//525
f 698//526 702//526 703//526 699//526
f 700//527 699//527 703//527 704//527
f 701//528 702//528 698//528 697//528
f 721//541 722//541 723//541 724//541
f 726//542 725//542 728//542 727//542
f 725//543 721//543 724//543 728//543
f 722//544 726//544 727//544 723//544
f 724//545 723//545 727//545 728//545
f 725//546 726//546 722//546 721//546
f 729//547 730//547 731//547 732//547
f 734//548 733//548 736//548 735//548
f 733//549 729//549 732//549 736//549
f 730//550 734//550 735//550 731//550
f 732//551 731//551 735//551 736//551
f 733//552 734//552 730//552 729//552
f 745//559 746//559 747//559 748//559
f 750//560 749//560 752//560 751//560
f 749//561 745//561 748//561 752//561
f 746//562 750//562 751//562 747//562
f 748//563 747//563 751//563 752//563
f 749//564 750//564 746//564 745//564
f 753//565 754//565 755//565 756//565
f 758//566 757//566 760//566 759//566
f 757//567 753//567 756//567 760//567
f 754//568 758//568 759//568 755//568
f 756//569 755//569 759//569 760//569
f 757//570 758//570 754//570 753//570
f 769//577 770//577 771//577 772//577
f 774//578 773//578 776//578 775//578
f 773//579 769//579 772//579 776//579
f 770//580 774//580 775//580 771//580
f 772//581 771//581 775//581 776//581
f 773//582 774//582 770//582 769//582
f 777//583 778//583 779//583 780//583
f 782//584 781//584 784//584 783//584
f 781//585 777//585 780//585 784//585
f 778//586 782//586 783//586 779//586
f 780//587 779//587 783//587 784//587
f 781//588 782//588 778//588 777//588
f 793//595 794//595 795//595 796//595
f 798//596 797//596 800//596 799//596
f 797//597 793//597 796//597 800//597
f 794//598 798//598 799//598 795//598
f 796//599 795//599 799//599 800//599
f 797//600 798//600 794//600 793//600
f 801//601 802//601 803//601 804//601
f 806//602 805//602 808//602 807//602
f 805//603 801//603 804//603 808//603
f 802//604 806//604 807//604 803//604
f 804//605 803//605 807//605 808//605
f 805//606 806//606 802//606 801//606
f 817//613 818//613 819//613 820//613
f 822//614 821//614 824//614 823//614
f 821//615 817//615 820//615 824//615
f 818//616 822//616 823//616 819//616
f 820//617 819//617 823//617 824//617
f 821//618 822//618 818//618 817//618
f 825//619 826//619 827//619 828//619
f 830//620 829//620 832//620 831//620
f 829//621 825//621 828//621 832//621
f 826//622 830//622 831//622 827//622
f 828//623 827//623 831//623 832//623
f 829//624 830//624 826//624 825//624
f 841//631 842//631 843//631 844//631
f 846//632 845//632 848//632 847//632
f 845//633 841//633 844//633 848//633
f 842//634 846//634 847//634 843//634
f 844//635 843//635 847//635 848//635
f 845//636 846//636 842//636 841//636
f 849//637 850//637 851//637 852//637
f 854//638 853//638 856//638 855//638
f 853//639 849//639 852//639 856//639
f 850//640 854//640 855//640 851//640
f 852//641 851//641 855//641 856//641
f 853//642 854//642 850//642 849//642
f 865//649 866//649 867//649 868//649
f 870//650 869//650 872//650 871//650
f 869//651 865//651 868//651 872//651
f 866//652 870//652 871//652 867//652
f 868//653 867//653 871//653 872//653
f 869//654 870//654 866//654 865//654
f 881//661 882//661 883//661 884//661
f 886//662 885//662 888//662 887//662
f 885//663 881//663 884//663 888//663
f 882//664 886//664 887//664 883//664
f 884//665 883//665 887//665 888//665
f 885//666 886//666 882//666 881//666
f 889//667 890//667 891//667 892//667
f 894//668 893//668 896//668 895//668
f 893//669 889//669 892//669 896//669
f 890//670 894//670 895//670 891//670
f 892//671 891//671 895//671 896//671
f 893//672 894//672 890//672 889//672
f 905//679 906//679 907//679 908//679
f 910//680 909//680 912//680 911//680
f 909//681 905//681 908//681 912//681
f 906//682 910//682 911//682 907//682
f 908//683 907//683 911//683 912//683
f 909//684 910//684 906//684 905//684
f 913//685 914//685 915//685 916//685
f 918//686 917//686 920//686 919//686
f 917//687 913//687 916//687 920//687
f 914//688 918//688 919//688 915//688
f 916//689 915//689 919//689 920//689
f 917//690 918//690 914//690 913//690
f 929//697 930//697 931//697 932//697
f 934//698 933//698 936//698 935//698
f 933//699 929//699 932//699 936//699
f 930//700 934//700 935//700 931//700
f 932//701 931//701 935//701 936//701
f 933//702 934//702 930//702 929//702
f 945//709 946//709 947//709 948//709
f 950//710 949//710 952//710 951//710
f 949//711 945//711 948//711 952//711
f 946//712 950//712 951//712 947//712
f 948//713 947//713 951//713 952//713
f 949//714 950//714 946//714 945//714
f 953//715 954//715 955//715 956//715
f 958//716 957//716 960//716 959//716
f 957//717 953//717 956//717 960//717
f 954//718 958//718 959//718 955//718
f 956//719 955//719 959//719 960//719
f 957//720 958//720 954//720 953//720
f 969//727 970//727 971//727 972//727
f 974//728 973//728 976//728 975//728
f 973//729 969//729 972//729 976//729
f 970//730 974//730 975//730 971//730
f 972//731 971//731 975//731 976//731
f 973//732 974//732 970//732 969//732
f 977//733 978//733 979//733 980//733
f 982//734 981//734 984//734 983//734
f 981//735 977//735 980//735 984//735
f 978//736 982//736 983//736 979//736
f 980//737 979//737 983//737 984//737
f 981//738 982//738 978//738 977//738
f 993//745 994//745 995//745 996//745
f 998//746 997//746 1000//746 999//746
f 997//747 993//747 996//747 1000//747
f 994//748 998//748 999//748 995//748
f 996//749 995//749 999//749 1000//749
f 997//750 998//750 994//750 993//750
f 1001//751 1002//751 1003//751 1004//751
f 1006//752 1005//752 1008//752 1007//752
f 1005//753 1001//753 1004//753 1008//753
f 1002//754 1006//754 1007//754 1003//754
f 1004//755 1003//755 1007//755 1008//755
f 1005//756 1006//756 1002//756 1001//756
f 1017//763 1018//763 1019//763 1020//763
f 1022//764 1021//764 1024//764 1023//764
f 1021//765 1017//765 1020//765 1024//765
f 1018//766 1022//766 1023//766 1019//766
f 1020//767 1019//767 1023//767 1024//767
f 1021//768 1022//768 1018//768 1017//768
f 1025//769 1026//769 1027//769 1028//769
f 1030//770 1029//770 1032//770 1031//770
f 1029//771 1025//771 1028//771 1032//771
f 1026//772 1030//772 1031//772 1027//772
f 1028//773 1027//773 1031//773 1032//773
f 1029//774 1030//774 1026//774 1025//774
f 1041//781 1042//781 1043//781 1044//781
f 1046//782 1045//782 1048//782 1047//782
f 1045//783 1041//783 1044//783 1048//783
f 1042//784 1046//784 1047//784 1043//784
f 1044//785 1043//785 1047//785 1048//785
f 1045//786 1046//786 1042//786 1041//786
f 1049//787 1050//787 1051//787 1052//787
f 1054//788 1053//788 1056//788 1055//788
f 1053//789 1049//789 1052//789 1056//789
f 1050//790 1054//790 1055//790 1051//790
f 1052//791 1051//791 1055//791 1056//791
f 1053//792 1054//792 1050//792 1049//792
f 1065//799 1066//799 1067//799 1068//799
f 1070//800 1069//800 1072//800 1071//800
f 1069//801 1065//801 1068//801 1072//801
f 1066//802 1070//802 1071//802 1067//802
f 1068//803 1067//803 1071//803 1072//803
f 1069//804 1070//804 1066//804 1065//804
f 1081//811 1082//811 1083//811 1084//811
f 1086//812 1085//812 1088//812 1087//812
f 1085//813 1081//813 1084//813 1088//813
f 1082//814 1086//814 1087//814 1083//814
f 1084//815 1083//815 1087//815 1088//815
f 1085//816 1086//816 1082//816 1081//816
f 1089//817 1090//817 1091//817 1092//817
f 1094//818 1093//818 1096//818 1095//818
f 1093//819 1089//819 1092//819 1096//819
f 1090//820 1094//820 1095//820 1091//820
f 1092//821 1091//821 1095//821 1096//821
f 1093//822 1094//822 1090//822 1089//822
f 1105//829 1106//829 1107//829 1108//829
f 1110//830 1109//830 1112//830 1111//830
f 1109//831 1105//831 1108//831 1112//831
f 1106//832 1110//832 1111//832 1107//832
f 1108//833 1107//833 1111//833 1112//833
f 1109//834 1110//834 1106//834 1105//834
f 1113//835 1114//835 1115//835 1116//835
f 1118//836 1117//836 1120//836 1119//836
f 1117//837 1113//837 1116//837 1120//837
f 1114//838 1118//838 1119//838 1115//838
f 1116//839 1115//839 1119//839 1120//839
f 1117//840 1118//840 1114//840 1113//840
f 1129//847 1130//847 1131//847 1132//847
f 1134//848 1133//848 1136//848 1135//848
f 1133//849 1129//849 1132//849 1136//849
f 1130//850 1134//850 1135//850 1131//850
f 1132//851 1131//851 1135//851 1136//851
f 1133//852 1134//852 1130//852 1129//852
f 1137//853 1138//853 1139//853 1140//853
f 1142//854 1141//854 1144//854 1143//854
f 1141//855 1137//855 1140//855 1144//855
f 1138//856 1142//856 1143//856 1139//856
f 1140//857 1139//857 1143//857 1144//857
f 1141//858 1142//858 1138//858 1137//858
f 1153//865 1154//865 1155//865 1156//865
f 1158//866 1157//866 1160//866 1159//866
f 1157//867 1153//867 1156//867 1160//867
f 1154//868 1158//868 1159//868 1155//868
f 1156//869 1155//869 1159//869 1160//869
f 1157//870 1158//870 1154//870 1153//870
f 1161//871 1162//871 1163//871 1164//871
f 1166//872 1165//872 1168//872 1167//872
f 1165//873 1161//873 1164//873 1168//873
f 1162//874 1166//874 1167//874 1163//874
f 1164//875 1163//875 1167//875 1168//875
f 1165//876 1166//876 1162//876 1161//876
f 1177//883 1178//883 1179//883 1180//883
f 1182//884 1181//884 1184//884 1183//884
f 1181//885 1177//885 1180//885 1184//885
f 1178//886 1182//886 1183//886 1179//886
f 1180//887 1179//887 1183//887 1184//887
f 1181//888 1182//888 1178//888 1177//888
f 1185//889 1186//889 1187//889 1188//889
f 1190//890 1189//890 1192//890 1191//890
f 1189//891 1185//891 1188//891 1192//891
f 1186//892 1190//892 1191//892 1187//892
f 1188//893 1187//893 1191//893 1192//893
f 1189//894 1190//894 1186//894 1185//894
f 1201//901 1202//901 1203//901 1204//901
f 1206//902 1205//902 1208//902 1207//902
f 1205//903 1201//903 1204//903 1208//903
f 1202//904 1206//904 1207//904 1203//904
f 1204//905 1203//905 1207//905 1208//905
f 1205//906 1206//906 1202//906 1201//906
f 1209//907 1210//907 1211//907 1212//907
f 1214//908 1213//908 1216//908 1215//908
f 1213//909 1209//909 1212//909 1216//909
f 1210//910 1214//910 1215//910 1211//910
f 1212//911 1211//911 1215//911 1216//911
f 1213//912 1214//912 1210//912 1209//912
f 1225//919 1226//919 1227//919 1228//919
f 1230//920 1229//920 1232//920 1231//920
f 1229//921 1225//921 1228//921 1232//921
f 1226//922 1230//922 1231//922 1227//922
f 1228//923 1227//923 1231//923 1232//923
f 1229//924 1230//924 1226//924 1225//924
f 1233//925 1234//925 1235//925 1236//925
f 1238//926 1237//926 1240//926 1239//926
f 1237//927 1233//927 1236//927 1240//927
f 1234//928 1238//928 1239//928 1235//928
f 1236//929 1235//929 1239//929 1240//929
f 1237//930 1238//930 1234//930 1233//930
f 1249//937 1250//937 1251//937 1252//937
f 1254//938 1253//938 1256//938 1255//938
f 1253//939 1249//939 1252//939 1256//939
f 1250//940 1254//940 1255//940 1251//940
f 1252//941 1251//941 1255//941 1256//941
f 1253//942 1254//942 1250//942 1249//942
f 1273//955 1274//955 1275//955 1276//955
f 1278//956 1277//956 1280//956 1279//956
f 1277//957 1273//957 1276//957 1280//957
f 1274//958 1278//958 1279//958 1275//958
f 1276//959 1275//959 1279//959 1280//959
f 1277//960 1278//960 1274//960 1273//960
f 1281//961 1282//961 1283//961 1284//961
f 1286//962 1285//962 1288//962 1287//962
f 1285//963 1281//963 1284//963 1288//963
f 1282//964 1286//964 1287//964 1283//964
f 1284//965 1283//965 1287//965 1288//965
f 1285//966 1286//966 1282//966 1281//966
f 1297//973 1298//973 1299//973 1300//973
f 1302//974 1301//974 1304//974 1303//974
f 1301//975 1297//975 1300//975 1304//975
f 1298//976 1302//976 1303//976 1299//976
f 1300//977 1299//977 1303//977 1304//977
f 1301//978 1302//978 1298//978 1297//978
f 1305//979 1306//979 1307//979 1308//979
f 1310//980 1309//980 1312//980 1311//980
f 1309//981 1305//981 1308//981 1312//981
f 1306//982 1310//982 1311//982 1307//982
f 1308//983 1307//983 1311//983 1312//983
f 1309//984 1310//984 1306//984 1305//984
f 1321//991 1322//991 1323//991 1324//991
f 1326//992 1325//992 1328//992 1327//992
f 1325//993 1321//993 1324//993 1328//993
f 1322//994 1326//994 1327//994 1323//994
f 1324//995 1323//995 1327//995 1328//995
f 1325//996 1326//996 1322//996 1321//996
f 1337//1003 1338//1003 1339//1003 1340//1003
f 1342//1004 1341//1004 1344//1004 1343//1004
f 1341//1005 1337//1005 1340//1005 1344//1005
f 1338//1006 1342//1006 1343//1006 1339//1006
f 1340//1007 1339//1007 1343//1007 1344//1007
f 1341//1008 1342//1008 1338//1008 1337//1008
f 1345//1009 1346//1009 1347//1009 1348//1009
f 1350//1010 1349//1010 1352//1010 1351//1010
f 1349//1011 1345//1011 1348//1011 1352//1011
f 1346//1012 1350//1012 1351//1012 1347//1012
f 1348//1013 1347//1013 1351//1013 1352//1013
f 1349//1014 1350//1014 1346//1014 1345//1014
f 1361//1021 1362//1021 1363//1021 1364//1021
f 1366//1022 1365//1022 1368//1022 1367//1022
f 1365//1023 1361//1023 1364//1023 1368//1023
f 1362//1024 1366//1024 1367//1024 1363//1024
f 1364//1025 1363//1025 1367//1025 1368//1025
f 1365//1026 1366//1026 1362//1026 1361//1026
f 1369//1027 1370//1027 1371//1027 1372//1027
f 1374//1028 1373//1028 1376//1028 1375//1028
f 1373//1029 1369//1029 1372//1029 1376//1029
f 1370//1030 1374//1030 1375//1030 1371//1030
f 1372//1031 1371//1031 1375//1031 1376//1031
f 1373//1032 1374//1032 1370//1032 1369//1032
f 1385//1039 1386//1039 1387//1039 1388//1039
f 1390//1040 1389//1040 1392//1040 1391//1040
f 1389//1041 1385//1041 1388//1041 1392//1041
f 1386//1042 1390//1042 1391//1042 1387//1042
f 1388//1043 1387//1043 1391//1043 1392//1043
f 1389//1044 1390//1044 1386//1044 1385//1044
f 1393//1045 1394//1045 1395//1045 1396//1045
f 1398//1046 1397//1046 1400//1046 1399//1046
f 1397//1047 1393//1047 1396//1047 1400//1047
f 1394//1048 1398//1048 1399//1048 1395//1048
f 1396//1049 1395//1049 1399//1049 1400//1049
f 1397//1050 1398//1050 1394//1050 1393//1050
f 1409//1057 1410//1057 1411//1057 1412//1057
f 1414//1058 1413//1058 1416//1058 1415//1058
f 1413//1059 1409//1059 1412//1059 1416//1059
f 1410//1060 1414//1060 1415//1060 1411//1060
f 1412//1061 1411//1061 1415//1061 1416//1061
f 1413//1062 1414//1062 1410//1062 1409//1062
f 1417//1063 1418//1063 1419//1063 1420//1063
f 1422//1064 1421//1064 1424//1064 1423//1064
f 1421//1065 1417//1065 1420//1065 1424//1065
f 1418//1066 1422//1066 1423//1066 1419//1066
f 1420//1067 1419//1067 1423//1067 1424//1067
f 1421//1068 1422//1068 1418//1068 1417//1068
f 1433//1075 1434//1075 1435//1075 1436//1075
f 1438//1076 1437//1076 1440//1076 1439//1076
f 1437//1077 1433//1077 1436//1077 1440//1077
f 1434//1078 1438//1078 1439//1078 1435//1078
f 1436//1079 1435//1079 1439//1079 1440//1079
f 1437//1080 1438//1080 1434//1080 1433//1080
f 1449//1087 1450//1087 1451//1087 1452//1087
f 1454//1088 1453//1088 1456//1088 1455//1088
f 1453//1089 1449//1089 1452//1089 1456//1089
f 1450//1090 1454//1090 1455//1090 1451//1090
f 1452//1091 1451//1091 1455//1091 1456//1091
f 1453//1092 1454//1092 1450//1092 1449//1092
f 1457//1093 1458//1093 1459//1093 1460//1093
f 1462//1094 1461//1094 1464//1094 1463//1094
f 1461//1095 1457//1095 1460//1095 1464//1095
f 1458//1096 1462//1096 1463//1096 1459//1096
f 1460//1097 1459//1097 1463//1097 1464//1097
f 1461//1098 1462//1098 1458//1098 1457//1098
f 1473//1105 1474//1105 1475//1105 1476//1105
f 1478//1106 1477//1106 1480//1106 1479//1106
f 1477//1107 1473//1107 1476//1107 1480//1107
f 1474//1108 1478//1108 1479//1108 1475//1108
f 1476//1109 1475//1109 1479//1109 1480//1109
f 1477//1110 1478//1110 1474//1110 1473//1110
f 1481//1111 1482//1111 1483//1111 1484//1111
f 1486//1112 1485//1112 1488//1112 1487//1112
f 1485//1113 1481//1113 1484//1113 1488//1113
f 1482//1114 1486//1114 1487//1114 1483//1114
f 1484//1115 1483//1115 1487//1115 1488//1115
f 1485//1116 1486//1116 1482//1116 1481//1116
f 1497//1123 1498//1123 1499//1123 1500//1123
f 1502//1124 1501//1124 1504//1124 1503//1124
f 1501//1125 1497//1125 1500//1125 1504//1125
f 1498//1126 1502//1126 1503//1126 1499//1126
f 1500//1127 1499//1127 1503//1127 1504//1127
f 1501//1128 1502//1128 1498//1128 1497//1128
f 1505//1129 1506//1129 1507//1129 1508//1129
f 1510//1130 1509//1130 1512//1130 1511//1130
f 1509//1131 1505//1131 1508//1131 1512//1131
f 1506//1132 1510//1132 1511//1132 1507//1132
f 1508//1133 1507//1133 1511//1133 1512//1133
f 1509//1134 1510//1134 1506//1134 1505//1134
f 1521//1141 1522//1141 1523//1141 1524//1141
f 1526//1142 1525//1142 1528//1142 1527//1142
f 1525//1143 1521//1143 1524//1143 1528//1143
f 1522//1144 1526//1144 1527//1144 1523//1144
f 1524//1145 1523//1145 1527//1145 1528//1145
f 1525//1146 1526//1146 1522//1146 1521//1146
f 1529//1147 1530//1147 1531//1147 1532//1147
f 1534//1148 1533//1148 1536//1148 1535//1148
f 1533//1149 1529//1149 1532//1149 1536//1149
f 1530//1150 1534//1150 1535//1150 1531//1150
f 1532//1151 1531//1151 1535//1151 1536//1151
f 1533//1152 1534//1152 1530//1152 1529//1152
f 1545//1159 1546//1159 1547//1159 1548//1159
f 1550//1160 1549//1160 1552//1160 1551//1160
f 1549//1161 1545//1161 1548//1161 1552//1161
f 1546//1162 1550//1162 1551//1162 1547//1162
f 1548//1163 1547//1163 1551//1163 1552//1163
f 1549//1164 1550//1164 1546//1164 1545//1164
f 1553//1165 1554//1165 1555//1165 1556//1165
f 1558//1166 1557//1166 1560//1166 1559//1166
f 1557//1167 1553//1167 1556//1167 1560//1167
f 1554//1168 1558//1168 1559//1168 1555//1168
f 1556//1169 1555//1169 1559//1169 1560//1169
f 1557//1170 1558//1170 1554//1170 1553//1170
f 1569//1177 1570//1177 1571//1177 1572//1177
f 1574//1178 1573//1178 1576//1178 1575//1178
f 1573//1179 1569//1179 1572//1179 1576//1179
f 1570//1180 1574//1180 1575//1180 1571//1180
f 1572//1181 1571//1181 1575//1181 1576//1181
f 1573//1182 1574//1182 1570//1182 1569//1182
f 1577//1183 1578//1183 1579//1183 1580//1183
f 1582//1184 1581//1184 1584//1184 1583//1184
f 1581//1185 1577//1185 1580//1185 1584//1185
f 1578//1186 1582//1186 1583//1186 1579//1186
f 1580//1187 1579//1187 1583//1187 1584//1187
f 1581//1188 1582//1188 1578//1188 1577//1188
f 1593//1195 1594//1195 1595//1195 1596//1195
f 1598//1196 1597//1196 1600//1196 1599//1196
f 1597//1197 1593//1197 1596//1197 1600//1197
f 1594//1198 1598//1198 1599//1198 1595//1198
f 1596//1199 1595//1199 1599//1199 1600//1199
f 1597//1200 1598//1200 1594//1200 1593//1200
f 1601//1201 1602//1201 1603//1201 1604//1201
f 1606//1202 1605//1202 1608//1202 1607//1202
f 1605//1203 1601//1203 1604//1203 1608//1203
f 1602//1204 1606//1204 1607//1204 1603//1204
f 1604//1205 1603//1205 1607//1205 1608//1205
f 1605//1206 1606//1206 1602//1206 1601//1206
f 1617//1213 1618//1213 1619//1213 1620//1213
f 1622//1214 1621//1214 1624//1214 1623//1214
f 1621//1215 1617//1215 1620//1215 1624//1215
f 1618//1216 1622//1216 1623//1216 1619//1216
f 1620//1217 1619//1217 1623//1217 1624//1217
f 1621//1218 1622//1218 1618//1218 1617//1218
f 1625//1219 1626//1219 1627//1219 1628//1219
f 1630//1220 1629//1220 1632//1220 1631//1220
f 1629//1221 1625//1221 1628//1221 1632//1221
f 1626//1222 1630//1222 1631//1222 1627//1222
f 1628//1223 1627//1223 1631//1223 1632//1223
f 1629//1224 1630//1224 1626//1224 1625//1224
f 1641//1231 1642//1231 1643//1231 1644//1231
f 1646//1232 1645//1232 1648//1232 1647//1232
f 1645//1233 1641//1233 1644//1233 1648//1233
f 1642//1234 1646//1234 1647//1234 1643//1234
f 1644//1235 1643//1235 1647//1235 1648//1235
f 1645//1236 1646//1236 1642//1236 1641//1236
f 1649//1237 1650//1237 1651//1237 1652//1237
f 1654//1238 1653//1238 1656//1238 1655//1238
f 1653//1239 1649//1239 1652//1239 1656//1239
f 1650//1240 1654//1240 1655//1240 1651//1240
f 1652//1241 1651//1241 1655//1241 1656//1241
f 1653//1242 1654//1242 1650//1242 1649//1242
f 1665//1249 1666//1249 1667//1249 1668//1249
f 1670//1250 1669//1250 1672//1250 1671//1250
f 1669//1251 1665//1251 1668//1251 1672//1251
f 1666//1252 1670//1252 1671//1252 1667//1252
f 1668//1253 1667//1253 1671//1253 1672//1253
f 1669//1254 1670//1254 1666//1254 1665//1254
f 1681//1261 1682//1261 1683//1261 1684//1261
f 1686//1262 1685//1262 1688//1262 1687//1262
f 1685//1263 1681//1263 1684//1263 1688//1263
f 1682//1264 1686//1264 1687//1264 1683//1264
f 1684//1265 1683//1265 1687//1265 1688//1265
f 1685//1266 1686//1266 1682//1266 1681//1266
f 1689//1267 1690//1267 1691//1267 1692//1267
f 1694//1268 1693//1268 1696//1268 1695//1268
f 1693//1269 1689//1269 1692//1269 1696//1269
f 1690//1270 1694//1270 1695//1270 1691//1270
f 1692//1271 1691//1271 1695//1271 1696//1271
f 1693//1272 1694//1272 1690//1272 1689//1272
f 1705//1279 1706//1279 1707//1279 1708//1279
f 1710//1280 1709//1280 1712//1280 1711//1280
f 1709//1281 1705//1281 1708//1281 1712//1281
f 1706//1282 1710//1282 1711//1282 1707//1282
f 1708//1283 1707//1283 1711//1283 1712//1283
f 1709//1284 1710//1284 1706//1284 1705//1284
f 1713//1285 1714//1285 1715//1285 1716//1285
f 1718//1286 1717//1286 1720//1286 1719//1286
f 1717//1287 1713//1287 1716//1287 1720//1287
f 1714//1288 1718//1288 1719//1288 1715//1288
f 1716//1289 1715//1289 1719//1289 1720//1289
f 1717//1290 1718//1290 1714//1290 1713//1290
f 1729//1297 1730//1297 1731//1297 1732//1297
f 1734//1298 1733//1298 1736//1298 1735//1298
f 1733//1299 1729//1299 1732//1299 1736//1299
f 1730//1300 1734//1300 1735//1300 1731//1300
f 1732//1301 1731//1301 1735//1301 1736//1301
f 1733//1302 1734//1302 1730//1302 1729//1302
f 1737//1303 1738//1303 1739//1303 1740//1303
f 1742//1304 1741//1304 1744//1304 1743//1304
f 1741//1305 1737//1305 1740//1305 1744//1305
f 1738//1306 1742//1306 1743//1306 1739//1306
f 1740//1307 1739//1307 1743//1307 1744//1307
f 1741//1308 1742//1308 1738//1308 1737//1308
f 1753//1315 1754//1315 1755//1315 1756//1315
f 1758//1316 1757//1316 1760//1316 1759//1316
f 1757//1317 1753//1317 1756//1317 1760//1317
f 1754//1318 1758//1318 1759//1318 1755//1318
f 1756//1319 1755//1319 1759//1319 1760//1319
f 1757//1320 1758//1320 1754//1320 1753//1320
f 1761//1321 1762//1321 1763//1321 1764//1321
f 1766//1322 1765//1322 1768//1322 1767//1322
f 1765//1323 1761//1323 1764//1323 1768//1323
f 1762//1324 1766//1324 1767//1324 1763//1324
f 1764//1325 1763//1325 1767//1325 1768//1325
f 1765//1326 1766//1326 1762//1326 1761//1326
f 1777//1333 1778//1333 1779//1333 1780//1333
f 1782//1334 1781//1334 1784//1334 1783//1334
f 1781//1335 1777//1335 1780//1335 1784//1335
f 1778//1336 1782//1336 1783//1336 1779//1336
f 1780//1337 1779//1337 1783//1337 1784//1337
f 1781//1338 1782//1338 1778//1338 1777//1338
f 1785//1339 1786//1339 1787//1339 1788//1339
f 1790//1340 1789//1340 1792//1340 1791//1340
f 1789//1341 1785//1341 1788//1341 1792//1341
f 1786//1342 1790//1342 1791//1342 1787//1342
f 1788//1343 1787//1343 1791//1343 1792//1343
f 1789//1344 1790//1344 1786//1344 1785//1344
f 1801//1351 1802//1351 1803//1351 1804//1351
f 1806//1352 1805//1352 1808//1352 1807//1352
f 1805//1353 1801//1353 1804//1353 1808//1353
f 1802//1354 1806//1354 1807//1354 1803//1354
f 1804//1355 1803//1355 1807//1355 1808//1355
f 1805//1356 1806//1356 1802//1356 1801//1356
f 1809//1357 1810//1357 1811//1357 1812//1357
f 1814//1358 1813//1358 1816//1358 1815//1358
f 1813//1359 1809//1359 1812//1359 1816//1359
f 1810//1360 1814//1360 1815//1360 1811//1360
f 1812//1361 1811//1361 1815//1361 1816//1361
f 1813//1362 1814//1362 1810//1362 1809//1362
f 1825//1369 1826//1369 1827//1369 1828//1369
f 1830//1370 1829//1370 1832//1370 1831//1370
f 1829//1371 1825//1371 1828//1371 1832//1371
f 1826//1372 1830//1372 1831//1372 1827//1372
f 1828//1373 1827//1373 1831//1373 1832//1373
f 1829//1374 1830//1374 1826//1374 1825//1374
f 1833//1375 1834//1375 1835//1375 1836//1375
f 1838//1376 1837//1376 1840//1376 1839//1376
f 1837//1377 1833//1377 1836//1377 1840//1377
f 1834//1378 1838//1378 1839//1378 1835//1378
f 1836//1379 1835//1379 1839//1379 1840//1379
f 1837//1380 1838//1380 1834//1380 1833//1380
f 1849//1387 1850//1387 1851//1387 1852//1387
f 1854//1388 1853//1388 1856//1388 1855//1388
f 1853//1389 1849//1389 1852//1389 1856//1389
f 1850//1390 1854//1390 1855//1390 1851//1390
f 1852//1391 1851//1391 1855//1391 1856//1391
f 1853//1392 1854//1392 1850//1392 1849//1392
f 1857//1393 1858//1393 1859//1393 1860//1393
f 1862//1394 1861//1394 1864//1394 1863//1394
f 1861//1395 1857//1395 1860//1395 1864//1395
f 1858//1396 1862//1396 1863//1396 1859//1396
f 1860//1397 1859//1397 1863//1397 1864//1397
f 1861//1398 1862//1398 1858//1398 1857//1398
f 1873//1405 1874//1405 1875//1405 1876//1405
f 1878//1406 1877//1406 1880//1406 1879//1406
f 1877//1407 1873//1407 1876//1407 1880//1407
f 1874//1408 1878//1408 1879//1408 1875//1408
f 1876//1409 1875//1409 1879//1409 1880//1409
f 1877//1410 1878//1410 1874//1410 1873//1410
f 1881//1411 1882//1411 1883//1411 1884//1411
f 1886//1412 1885//1412 1888//1412 1887//1412
f 1885//1413 1881//1413 1884//1413 1888//1413
f 1882//1414 1886//1414 1887//1414 1883//1414
f 1884//1415 1883//1415 1887//1415 1888//1415
f 1885//1416 1886//1416 1882//1416 1881//1416
f 1897//1423 1898//1423 1899//1423 1900//1423
f 1902//1424 1901//1424 1904//1424 1903//1424
f 1901//1425 1897//1425 1900//1425 1904//1425
f 1898//1426 1902//1426 1903//1426 1899//1426
f 1900//1427 1899//1427 1903//1427 1904//1427
f 1901//1428 1902//1428 1898//1428 1897//1428
f 1905//1429 1906//1429 1907//1429 1908//1429
f 1910//1430 1909//1430 1912//1430 1911//1430
f 1909//1431 1905//1431 1908//1431 1912//1431
f 1906//1432 1910//1432 1911//1432 1907//1432
f 1908//1433 1907//1433 1911//1433 1912//1433
f 1909//1434 1910//1434 1906//1434 1905//1434
f 1921//1441 1922//1441 1923//1441 1924//1441
f 1926//1442 1925//1442 1928//1442 1927//1442
f 1925//1443 1921//1443 1924//1443 1928//1443
f 1922//1444 1926//1444 1927//1444 1923//1444
f 1924//1445 1923//1445 1927//1445 1928//1445
f 1925//1446 1926//1446 1922//1446 1921//1446
f 1929//1447 1930//1447 1931//1447 1932//1447
f 1934//1448 1933//1448 1936//1448 1935//1448
f 1933//1449 1929//1449 1932//1449 1936//1449
f 1930//1450 1934//1450 1935//1450 1931//1450
f 1932//1451 1931//1451 1935//1451 1936//1451
f 1933//1452 1934//1452 1930//1452 1929//1452
f 1945//1459 1946//1459 1947//1459 1948//1459
f 1950//1460 1949//1460 1952//1460 1951//1460
f 1949//1461 1945//1461 1948//1461 1952//1461
f 1946//1462 1950//1462 1951//1462 1947//1462
f 1948//1463 1947//1463 1951//1463 1952//1463
f 1949//1464 1950//1464 1946//1464 1945//1464
f 1953//1465 1954//1465 1955//1465 1956//1465
f 1958//1466 1957//1466 1960//1466 1959//1466
f 1957//1467 1953//1467 1956//1467 1960//1467
f 1954//1468 1958//1468 1959//1468 1955//1468
f 1956//1469 1955//1469 1959//1469 1960//1469
f 1957//1470 1958//1470 1954//1470 1953//1470
f 1969//1477 1970//1477 1971//1477 1972//1477
f 1974//1478 1973//1478 1976//1478 1975//1478
f 1973//1479 1969//1479 1972//1479 1976//1479
f 1970//1480 1974//1480 1975//1480 1971//1480
f 1972//1481 1971//1481 1975//1481 1976//1481
f 1973//1482 1974//1482 1970//1482 1969//1482
f 1977//1483 1978//1483 1979//1483 1980//1483
f 1982//1484 1981//1484 1984//1484 1983//1484
f 1981//1485 1977//1485 1980//1485 1984//1485
f 1978//1486 1982//1486 1983//1486 1979//1486
f 1980//1487 1979//1487 1983//1487 1984//1487
f 1981//1488 1982//1488 1978//1488 1977//1488
f 1993//1495 1994//1495 1995//1495 1996//1495
f 1998//1496 1997//1496 2000//1496 1999//1496
f 1997//1497 1993//1497 1996//1497 2000//1497
f 1994//1498 1998//1498 1999//1498 1995//1498
f 1996//1499 1995//1499 1999//1499 2000//1499
f 1997//1500 1998//1500 1994//1500 1993//1500
f 2001//1501 2002//1501 2003//1501 2004//1501
f 2006//1502 2005//1502 2008//1502 2007//1502
f 2005//1503 2001//1503 2004//1503 2008//1503
f 2002//1504 2006//1504 2007//1504 2003//1504
f 2004//1505 2003//1505 2007//1505 2008//1505
f 2005//1506 2006//1506 2002//1506 2001//1506
f 2017//1513 2018//1513 2019//1513 2020//1513
f 2022//1514 2021//1514 2024//1514 2023//1514
f 2021//1515 2017//1515 2020//1515 2024//1515
f 2018//1516 2022//1516 2023//1516 2019//1516
f 2020//1517 2019//1517 2023//1517 2024//1517
f 2021//1518 2022//1518 2018//1518 2017//1518
f 2025//1519 2026//1519 2027//1519 2028//1519
f 2030//1520 2029//1520 2032//1520 2031//1520
f 2029//1521 2025//1521 2028//1521 2032//1521
f 2026//1522 2030//1522 2031//1522 2027//1522
f 2028//1523 2027//1523 2031//1523 2032//1523
f 2029//1524 2030//1524 2026//1524 2025//1524
f 2041//1531 2042//1531 2043//1531 2044//1531
f 2046//1532 2045//1532 2048//1532 2047//1532
f 2045//1533 2041//1533 2044//1533 2048//1533
f 2042//1534 2046//1534 2047//1534 2043//1534
f 2044//1535 2043//1535 2047//1535 2048//1535
f 2045//1536 2046//1536 2042//1536 2041//1536
f 2049//1537 2050//1537 2051//1537 2052//1537
f 2054//1538 2053//1538 2056//1538 2055//1538
f 2053//1539 2049//1539 2052//1539 2056//1539
f 2050//1540 2054//1540 2055//1540 2051//1540
f 2052//1541 2051//1541 2055//1541 2056//1541
f 2053//1542 2054//1542 2050//1542 2049//1542
f 2065//1549 2066//1549 2067//1549 2068//1549
f 2070//1550 2069//1550 2072//1550 2071//1550
f 2069//1551 2065//1551 2068//1551 2072//1551
f 2066//1552 2070//1552 2071//1552 2067//1552
f 2068//1553 2067//1553 2071//1553 2072//1553
f 2069//1554 2070//1554 2066//1554 2065//1554
f 2073//1555 2074//1555 2075//1555 2076//1555
f 2078//1556 2077//1556 2080//1556 2079//1556
f 2077//1557 2073//1557 2076//1557 2080//1557
f 2074//1558 2078//1558 2079//1558 2075//1558
f 2076//1559 2075//1559 2079//1559 2080//1559
f 2077//1560 2078//1560 2074//1560 2073//1560
f 2089//1567 2090//1567 2091//1567 2092//1567
f 2094//1568 2093//1568 2096//1568 2095//1568
f 2093//1569 2089//1569 2092//1569 2096//1569
f 2090//1570 2094//1570 2095//1570 2091//1570
f 2092//1571 2091//1571 2095//1571 2096//1571
f 2093//1572 2094//1572 2090//1572 2089//1572
f 2105//1579 2106//1579 2107//1579 2108//1579
f 2110//1580 2109//1580 2112//1580 2111//1580
f 2109//1581 2105//1581 2108//1581 2112//1581
f 2106//1582 2110//1582 2111//1582 2107//1582
f 2108//1583 2107//1583 2111//1583 2112//1583
f 2109//1584 2110//1584 2106//1584 2105//1584
f 2113//1585 2114//1585 2115//1585 2116//1585
f 2118//1586 2117//1586 2120//1586 2119//1586
f 2117//1587 2113//1587 2116//1587 2120//1587
f 2114//1588 2118//1588 2119//1588 2115//1588
f 2116//1589 2115//1589 2119//1589 2120//1589
f 2117//1590 2118//1590 2114//1590 2113//1590
f 2137//1603 2138//1603 2139//1603 2140//1603
f 2142//1604 2141//1604 2144//1604 2143//1604
f 2141//1605 2137//1605 2140//1605 2144//1605
f 2138//1606 2142//1606 2143//1606 2139//1606
f 2140//1607 2139//1607 2143//1607 2144//1607
f 2141//1608 2142//1608 2138//1608 2137//1608
f 2145//1609 2146//1609 2147//1609 2148//1609
f 2150//1610 2149//1610 2152//1610 2151//1610
f 2149//1611 2145//1611 2148//1611 2152//1611
f 2146//1612 2150//1612 2151//1612 2147//1612
f 2148//1613 2147//1613 2151//1613 2152//1613
f 2149//1614 2150//1614 2146//1614 2145//1614
f 2161//1621 2162//1621 2163//1621 2164//1621
f 2166//1622 2165//1622 2168//1622 2167//1622
f 2165//1623 2161//1623 2164//1623 2168//1623
f 2162//1624 2166//1624 2167//1624 2163//1624
f 2164//1625 2163//1625 2167//1625 2168//1625
f 2165//1626 2166//1626 2162//1626 2161//1626
f 2169//1627 2170//1627 2171//1627 2172//1627
f 2174//1628 2173//1628 2176//1628 2175//1628
f 2173//1629 2169//1629 2172//1629 2176//1629
f 2170//1630 2174//1630 2175//1630 2171//1630
f 2172//1631 2171//1631 2175//1631 2176//1631
f 2173//1632 2174//1632 2170//1632 2169//1632
f 2193//1645 2194//1645 2195//1645 2196//1645
f 2198//1646 2197//1646 2200//1646 2199//1646
f 2197//1647 2193//1647 2196//1647 2200//1647
f 2194//1648 2198//1648 2199//1648 2195//1648
f 2196//1649 2195//1649 2199//1649 2200//1649
f 2197//1650 2198//1650 2194//1650 2193//1650
f 2201//1651 2202//1651 2203//1651 2204//1651
f 2206//1652 2205//1652 2208//1652 2207//1652
f 2205//1653 2201//1653 2204//1653 2208//1653
f 2202//1654 2206//1654 2207//1654 2203//1654
f 2204//1655 2203//1655 2207//1655 2208//1655
f 2205//1656 2206//1656 2202//1656 2201//1656
f 2217//1663 2218//1663 2219//1663 2220//1663
f 2222//1664 2221//1664 2224//1664 2223//1664
f 2221//1665 2217//1665 2220//1665 2224//1665
f 2218//1666 2222//1666 2223//1666 2219//1666
f 2220//1667 2219//1667 2223//1667 2224//1667
f 2221//1668 2222//1668 2218//1668 2217//1668
f 2225//1669 2226//1669 2227//1669 2228//1669
f 2230//1670 2229//1670 2232//1670 2231//1670
f 2229//1671 2225//1671 2228//1671 2232//1671
f 2226//1672 2230//1672 2231//1672 2227//1672
f 2228//1673 2227//1673 2231//1673 2232//1673
f 2229//1674 2230//1674 2226//1674 2225//1674
f 2241//1681 2242//1681 2243//1681 2244//1681
f 2246//1682 2245//1682 2248//1682 2247//1682
f 2245//1683 2241//1683 2244//1683 2248//1683
f 2242//1684 2246//1684 2247//1684 2243//1684
f 2244//1685 2243//1685 2247//1685 2248//1685
f 2245//1686 2246//1686 2242//1686 2241//1686
f 2249//1687 2250//1687 2251//1687 2252//1687
f 2254//1688 2253//1688 2256//1688 2255//1688
f 2253//1689 2249//1689 2252//1689 2256//1689
f 2250//1690 2254//1690 2255//1690 2251//1690
f 2252//1691 2251//1691 2255//1691 2256//1691
f 2253//1692 2254//1692 2250//1692 2249//1692
f 2265//1699 2266//1699 2267//1699 2268//1699
f 2270//1700 2269//1700 2272//1700 2271//1700
f 2269//1701 2265//1701 2268//1701 2272//1701
f 2266//1702 2270//1702 2271//1702 2267//1702
f 2268//1703 2267//1703 2271//1703 2272//1703
f 2269//1704 2270//1704 2266//1704 2265//1704
f 2273//1705 2274//1705 2275//1705 2276//1705
f 2278//1706 2277//1706 2280//1706 2279//1706
f 2277//1707 2273//1707 2276//1707 2280//1707
f 2274//1708 2278//1708 2279//1708 2275//1708
f 2276//1709 2275//1709 2279//1709 2280//1709
f 2277//1710 2278//1710 2274//1710 2273//1710
f 2289//1717 2290//1717 2291//1717 2292//1717
f 2294//1718 2293//1718 2296//1718 2295//1718
f 2293//1719 2289//1719 2292//1719 2296//1719
f 2290//1720 2294//1720 2295//1720 2291//1720
f 2292//1721 2291//1721 2295//1721 2296//1721
f 2293//1722 2294//1722 2290//1722 2289//1722
f 2297//1723 2298//1723 2299//1723 2300//1723
f 2302//1724 2301//1724 2304//1724 2303//1724
f 2301//1725 2297//1725 2300//1725 2304//1725
f 2298//1726 2302//1726 2303//1726 2299//1726
f 2300//1727 2299//1727 2303//1727 2304//1727
f 2301//1728 2302//1728 2298//1728 2297//1728
f 2313//1735 2314//1735 2315//1735 2316//1735
f 2318//1736 2317//1736 2320//1736 2319//1736
f 2317//1737 2313//1737 2316//1737 2320//1737
f 2314//1738 2318//1738 2319//1738 2315//1738
f 2316//1739 2315//1739 2319//1739 2320//1739
f 2317//1740 2318//1740 2314//1740 2313//1740
f 2321//1741 2322//1741 2323//1741 2324//1741
f 2326//1742 2325//1742 2328//1742 2327//1742
f 2325//1743 2321//1743 2324//1743 2328//1743
f 2322//1744 2326//1744 2327//1744 2323//1744
f 2324//1745 2323//1745 2327//1745 2328//1745
f 2325//1746 2326//1746 2322//1746 2321//1746
f 2345//1759 2346//1759 2347//1759 2348//1759
f 2350//1760 2349//1760 2352//1760 2351//1760
f 2349//1761 2345//1761 2348//1761 2352//1761
f 2346//1762 2350//1762 2351//1762 2347//1762
f 2348//1763 2347//1763 2351//1763 2352//1763
f 2349//1764 2350//1764 2346//1764 2345//1764
f 2353//1765 2354//1765 2355//1765 2356//1765
f 2358//1766 2357//1766 2360//1766 2359//1766
f 2357//1767 2353//1767 2356//1767 2360//1767
f 2354//1768 2358//1768 2359//1768 2355//1768
f 2356//1769 2355//1769 2359//1769 2360//1769
f 2357//1770 2358//1770 2354//1770 2353//1770
f 2369//1777 2370//1777 2371//1777 2372//1777
f 2374//1778 2373//1778 2376//1778 2375//1778
f 2373//1779 2369//1779 2372//1779 2376//1779
f 2370//1780 2374//1780 2375//1780 2371//1780
f 2372//1781 2371//1781 2375//1781 2376//1781
f 2373//1782 2374//1782 2370//1782 2369//1782
f 2377//1783 2378//1783 2379//1783 2380//1783
f 2382//1784 2381//1784 2384//1784 2383//1784
f 2381//1785 2377//1785 2380//1785 2384//1785
f 2378//1786 2382//1786 2383//1786 2379//1786
f 2380//1787 2379//1787 2383//1787 2384//1787
f 2381//1788 2382//1788 2378//1788 2377//1788
f 2393//1795 2394//1795 2395//1795 2396//1795
f 2398//1796 2397//1796 2400//1796 2399//1796
f 2397//1797 2393//1797 2396//1797 2400//1797
f 2394//1798 2398//1798 2399//1798 2395//1798
f 2396//1799 2395//1799 2399//1799 2400//1799
f 2397//1800 2398//1800 2394//1800 2393//1800
f 2401//1801 2402//1801 2403//1801 2404//1801
f 2406//1802 2405//1802 2408//1802 2407//1802
f 2405//1803 2401//1803 2404//1803 2408//1803
f 2402//1804 2406//1804 2407//1804 2403//1804
f 2404//1805 2403//1805 2407//1805 2408//1805
f 2405//1806 2406//1806 2402//1806 2401//1806
f 2417//1813 2418//1813 2419//1813 2420//1813
f 2422//1814 2421//1814 2424//1814 2423//1814
f 2421//1815 2417//1815 2420//1815 2424//1815
f 2418//1816 2422//1816 2423//1816 2419//1816
f 2420//1817 2419//1817 2423//1817 2424//1817
f 2421//1818 2422//1818 2418//1818 2417//1818
f 2425//1819 2426//1819 2427//1819 2428//1819
f 2430//1820 2429//1820 2432//1820 2431//1820
f 2429//1821 2425//1821 2428//1821 2432//1821
f 2426//1822 2430//1822 2431//1822 2427//1822
f 2428//1823 2427//1823 2431//1823 2432//1823
f 2429//1824 2430//1824 2426//1824 2425//1824
f 2441//1831 2442//1831 2443//1831 2444//1831
f 2446//1832 2445//1832 2448//1832 2447//1832
f 2445//1833 2441//1833 2444//1833 2448//1833
f 2442//1834 2446//1834 2447//1834 2443//1834
f 2444//1835 2443//1835 2447//1835 2448//1835
f 2445//1836 2446//1836 2442//1836 2441//1836
f 2449//1837 2450//1837 2451//1837 2452//1837
f 2454//1838 2453//1838 2456//1838 2455//1838
f 2453//1839 2449//1839 2452//1839 2456//1839
f 2450//1840 2454//1840 2455//1840 2451//1840
f 2452//1841 2451//1841 2455//1841 2456//1841
f 2453//1842 2454//1842 2450//1842 2449//1842
f 2465//1849 2466//1849 2467//1849 2468//1849
f 2470//1850 2469//1850 2472//1850 2471//1850
f 2469//1851 2465//1851 2468//1851 2472//1851
f 2466//1852 2470//1852 2471//1852 2467//1852
f 2468//1853 2467//1853 2471//1853 2472//1853
f 2469//1854 2470//1854 2466//1854 2465//1854
f 2473//1855 2474//1855 2475//1855 2476//1855
f 2478//1856 2477//1856 2480//1856 2479//1856
f 2477//1857 2473//1857 2476//1857 2480//1857
f 2474//1858 2478//1858 2479//1858 2475//1858
f 2476//1859 2475//1859 2479//1859 2480//1859
f 2477//1860 2478//1860 2474//1860 2473//1860
f 2489//1867 2490//1867 2491//1867 2492//1867
f 2494//1868 2493//1868 2496//1868 2495//1868
f 2493//1869 2489//1869 2492//1869 2496//1869
f 2490//1870 2494//1870 2495//1870 2491//1870
f 2492//1871 2491//1871 2495//1871 2496//1871
f 2493//1872 2494//1872 2490//1872 2489//1872
f 2497//1873 2498//1873 2499//1873 2500//1873
f 2502//1874 2501//1874 2504//1874 2503//1874
f 2501//1875 2497//1875 2500//1875 2504//1875
f 2498//1876 2502//1876 2503//1876 2499//1876
f 2500//1877 2499//1877 2503//1877 2504//1877
f 2501//1878 2502//1878 2498//1878 2497//1878
f 2513//1885 2514//1885 2515//1885 2516//1885
f 2518//1886 2517//1886 2520//1886 2519//1886
f 2517//1887 2513//1887 2516//1887 2520//1887
f 2514//1888 2518//1888 2519//1888 2515//1888
f 2516//1889 2515//1889 2519//1889 2520//1889
f 2517//1890 2518//1890 2514//1890 2513//1890
f 2521//1891 2522//1891 2523//1891 2524//1891
f 2526//1892 2525//1892 2528//1892 2527//1892
f 2525//1893 2521//1893 2524//1893 2528//1893
f 2522//1894 2526//1894 2527//1894 2523//1894
f 2524//1895 2523//1895 2527//1895 2528//1895
f 2525//1896 2526//1896 2522//1896 2521//1896
f 2537//1903 2538//1903 2539//1903 2540//1903
f 2542//1904 2541//1904 2544//1904 2543//1904
f 2541//1905 2537//1905 2540//1905 2544//1905
f 2538//1906 2542//1906 2543//1906 2539//1906
f 2540//1907 2539//1907 2543//1907 2544//1907
f 2541//1908 2542//1908 2538//1908 2537//1908
f 2545//1909 2546//1909 2547//1909 2548//1909
f 2550//1910 2549//1910 2552//1910 2551//1910
f 2549//1911 2545//1911 2548//1911 2552//1911
f 2546//1912 2550//1912 2551//1912 2547//1912
f 2548//1913 2547//1913 2551//1913 2552//1913
f 2549//1914 2550//1914 2546//1914 2545//1914
f 2561//1921 2562//1921 2563//1921 2564//1921
f 2566//1922 2565//1922 2568//1922 2567//1922
f 2565//1923 2561//1923 2564//1923 2568//1923
f 2562//1924 2566//1924 2567//1924 2563//1924
f 2564//1925 2563//1925 2567//1925 2568//1925
f 2565//1926 2566//1926 2562//1926 2561//1926
f 2569//1927 2570//1927 2571//1927 2572//1927
f 2574//1928 2573//1928 2576//1928 2575//1928
f 2573//1929 2569//1929 2572//1929 2576//1929
f 2570//1930 2574//1930 2575//1930 2571//1930
f 2572//1931 2571//1931 2575//1931 2576//1931
f 2573//1932 2574//1932 2570//1932 2569//1932
f 2585//1939 2586//1939 2587//1939 2588//1939
f 2590//1940 2589//1940 2592//1940 2591//1940
f 2589//1941 2585//1941 2588//1941 2592//1941
f 2586//1942 2590//1942 2591//1942 2587//1942
f 2588//1943 2587//1943 2591//1943 2592//1943
f 2589//1944 2590//1944 2586//1944 2585//1944
f 2593//1945 2594//1945 2595//1945 2596//1945
f 2598//1946 2597//1946 2600//1946 2599//1946
f 2597//1947 2593//1947 2596//1947 2600//1947
f 2594//1948 2598//1948 2599//1948 2595//1948
f 2596//1949 2595//1949 2599//1949 2600//1949
f 2597//1950 2598//1950 2594//1950 2593//1950
f 2609//1957 2610//1957 2611//1957 2612//1957
f 2614//1958 2613//1958 2616//1958 2615//1958
f 2613//1959 2609//1959 2612//1959 2616//1959
f 2610//1960 2614//1960 2615//1960 2611//1960
f 2612//1961 2611//1961 2615//1961 2616//1961
f 2613//1962 2614//1962 2610//1962 2609//1962
f 2617//1963 2618//1963 2619//1963 2620//1963
f 2622//1964 2621//1964 2624//1964 2623//1964
f 2621//1965 2617//1965 2620//1965 2624//1965
f 2618//1966 2622//1966 2623//1966 2619//1966
f 2620//1967 2619//1967 2623//1967 2624//1967
f 2621//1968 2622//1968 2618//1968 2617//1968
f 2633//1975 2634//1975 2635//1975 2636//1975
f 2638//1976 2637//1976 2640//1976 2639//1976
f 2637//1977 2633//1977 2636//1977 2640//1977
f 2634//1978 2638//1978 2639//1978 2635//1978
f 2636//1979 2635//1979 2639//1979 2640//1979
f 2637//1980 2638//1980 2634//1980 2633//1980
f 2641//1981 2642//1981 2643//1981 2644//1981
f 2646//1982 2645//1982 2648//1982 2647//1982
f 2645//1983 2641//1983 2644//1983 2648//1983
f 2642//1984 2646//1984 2647//1984 2643//1984
f 2644//1985 2643//1985 2647//1985 2648//1985
f 2645//1986 2646//1986 2642//1986 2641//1986
f 2657//1993 2658//1993 2659//1993 2660//1993
f 2662//1994 2661//1994 2664//1994 2663//1994
f 2661//1995 2657//1995 2660//1995 2664//1995
f 2658//1996 2662//1996 2663//1996 2659//1996
f 2660//1997 2659//1997 2663//1997 2664//1997
f 2661//1998 2662//1998 2658//1998 2657//1998
f 2665//1999 2666//1999 2667//1999 2668//1999
f 2670//2000 2669//2000 2672//2000 2671//2000
f 2669//2001 2665//2001 2668//2001 2672//2001
f 2666//2002 2670//2002 2671//2002 2667//2002
f 2668//2003 2667//2003 2671//2003 2672//2003
f 2669//2004 2670//2004 2666//2004 2665//2004
f 2681//2011 2682//2011 2683//2011 2684//2011
f 2686//2012 2685//2012 2688//2012 2687//2012
f 2685//2013 2681//2013 2684//2013 2688//2013
f 2682//2014 2686//2014 2687//2014 2683//2014
f 2684//2015 2683//2015 2687//2015 2688//2015
f 2685//2016 2686//2016 2682//2016 2681//2016
f 2689//2017 2690//2017 2691//2017 2692//2017
f 2694//2018 2693//2018 2696//2018 2695//2018
f 2693//2019 2689//2019 2692//2019 2696//2019
f 2690//2020 2694//2020 2695//2020 2691//2020
f 2692//2021 2691//2021 2695//2021 2696//2021
f 2693//2022 2694//2022 2690//2022 2689//2022
f 2705//2029 2706//2029 2707//2029 2708//2029
f 2710//2030 2709//2030 2712//2030 2711//2030
f 2709//2031 2705//2031 2708//2031 2712//2031
f 2706//2032 2710//2032 2711//2032 2707//2032
f 2708//2033 2707//2033 2711//2033 2712//2033
f 2709//2034 2710//2034 2706//2034 2705//2034
f 2713//2035 2714//2035 2715//2035 2716//2035
f 2718//2036 2717//2036 2720//2036 2719//2036
f 2717//2037 2713//2037 2716//2037 2720//2037
f 2714//2038 2718//2038 2719//2038 2715//2038
f 2716//2039 2715//2039 2719//2039 2720//2039
f 2717//2040 2718//2040 2714//2040 2713//2040
f 2729//2047 2730//2047 2731//2047 2732//2047
f 2734//2048 2733//2048 2736//2048 2735//2048
f 2733//2049 2729//2049 2732//2049 2736//2049
f 2730//2050 2734//2050 2735//2050 2731//2050
f 2732//2051 2731//2051 2735//2051 2736//2051
f 2733//2052 2734//2052 2730//2052 2729//2052
f 2737//2053 2738//2053 2739//2053 2740//2053
f 2742//2054 2741//2054 2744//2054 2743//2054
f 2741//2055 2737//2055 2740//2055 2744//2055
f 2738//2056 2742//2056 2743//2056 2739//2056
f 2740//2057 2739//2057 2743//2057 2744//2057
f 2741//2058 2742//2058 2738//2058 2737//2058
f 2753//2065 2754//2065 2755//2065 2756//2065
f 2758//2066 2757//2066 2760//2066 2759//2066
f 2757//2067 2753//2067 2756//2067 2760//2067
f 2754//2068 2758//2068 2759//2068 2755//2068
f 2756//2069 2755//2069 2759//2069 2760//2069
f 2757//2070 2758//2070 2754//2070 2753//2070
f 2761//2071 2762//2071 2763//2071 2764//2071
f 2766//2072 2765//2072 2768//2072 2767//2072
f 2765//2073 2761//2073 2764//2073 2768//2073
f 2762//2074 2766//2074 2767//2074 2763//2074
f 2764//2075 2763//2075 2767//2075 2768//2075
f 2765//2076 2766//2076 2762//2076 2761//2076
f 2777//2083 2778//2083 2779//2083 2780//2083
f 2782//2084 2781//2084 2784//2084 2783//2084
f 2781//2085 2777//2085 2780//2085 2784//2085
f 2778//2086 2782//2086 2783//2086 2779//2086
f 2780//2087 2779//2087 2783//2087 2784//2087
f 2781//2088 2782//2088 2778//2088 2777//2088
f 2785//2089 2786//2089 2787//2089 2788//2089
f 2790//2090 2789//2090 2792//2090 2791//2090
f 2789//2091 2785//2091 2788//2091 2792//2091
f 2786//2092 2790//2092 2791//2092 2787//2092
f 2788//2093 2787//2093 2791//2093 2792//2093
f 2789//2094 2790//2094 2786//2094 2785//2094
f 2801//2101 2802//2101 2803//2101 2804//2101
f 2806//2102 2805//2102 2808//2102 2807//2102
f 2805//2103 2801//2103 2804//2103 2808//2103
f 2802//2104 2806//2104 2807//2104 2803//2104
f 2804//2105 2803//2105 2807//2105 2808//2105
f 2805//2106 2806//2106 2802//2106 2801//2106
f 2809//2107 2810//2107 2811//2107 2812//2107
f 2814//2108 2813//2108 2816//2108 2815//2108
f 2813//2109 2809//2109 2812//2109 2816//2109
f 2810//2110 2814//2110 2815//2110 2811//2110
f 2812//2111 2811//2111 2815//2111 2816//2111
f 2813//2112 2814//2112 2810//2112 2809//2112
f 2825//2119 2826//2119 2827//2119 2828//2119
f 2830//2120 2829//2120 2832//2120 2831//2120
f 2829//2121 2825//2121 2828//2121 2832//2121
f 2826//2122 2830//2122 2831//2122 2827//2122
f 2828//2123 2827//2123 2831//2123 2832//2123
f 2829//2124 2830//2124 2826//2124 2825//2124
f 2833//2125 2834//2125 2835//2125 2836//2125
f 2838//2126 2837//2126 2840//2126 2839//2126
f 2837//2127 2833//2127 2836//2127 2840//2127
f 2834//2128 2838//2128 2839//2128 2835//2128
f 2836//2129 2835//2129 2839//2129 2840//2129
f 2837//2130 2838//2130 2834//2130 2833//2130
f 2849//2137 2850//2137 2851//2137 2852//2137
f 2854//2138 2853//2138 2856//2138 2855//2138
f 2853//2139 2849//2139 2852//2139 2856//2139
f 2850//2140 2854//2140 2855//2140 2851//2140
f 2852//2141 2851//2141 2855//2141 2856//2141
f 2853//2142 2854//2142 2850//2142 2849//2142
f 2857//2143 2858//2143 2859//2143 2860//2143
f 2862//2144 2861//2144 2864//2144 2863//2144
f 2861//2145 2857//2145 2860//2145 2864//2145
f 2858//2146 2862//2146 2863//2146 2859//2146
f 2860//2147 2859//2147 2863//2147 2864//2147
f 2861//2148 2862//2148 2858//2148 2857//2148
f 2873//2155 2874//2155 2875//2155 2876//2155
f 2878//2156 2877//2156 2880//2156 2879//2156
f 2877//2157 2873//2157 2876//2157 2880//2157
f 2874//2158 2878//2158 2879//2158 2875//2158
f 2876//2159 2875//2159 2879//2159 2880//2159
f 2877//2160 2878//2160 2874//2160 2873//2160
f 2881//2161 2882//2161 2883//2161 2884//2161
f 2886//2162 2885//2162 2888//2162 2887//2162
f 2885//2163 2881//2163 2884//2163 2888//2163
f 2882//2164 2886//2164 2887//2164 2883//2164
f 2884//2165 2883//2165 2887//2165 2888//2165
f 2885//2166 2886//2166 2882//2166 2881//2166
f 2897//2173 2898//2173 2899//2173 2900//2173
f 2902//2174 2901//2174 2904//2174 2903//2174
f 2901//2175 2897//2175 2900//2175 2904//2175
f 2898//2176 2902//2176 2903//2176 2899//2176
f 2900//2177 2899//2177 2903//2177 2904//2177
f 2901//2178 2902//2178 2898//2178 2897//2178
f 2905//2179 2906//2179 2907//2179 2908//2179
f 2910//2180 2909//2180 2912//2180 2911//2180
f 2909//2181 2905//2181 2908//2181 2912//2181
f 2906//2182 2910//2182 2911//2182 2907//2182
f 2908//2183 2907//2183 2911//2183 2912//2183
f 2909//2184 2910//2184 2906//2184 2905//2184
f 2921//2191 2922//2191 2923//2191 2924//2191
f 2926//2192 2925//2192 2928//2192 2927//2192
f 2925//2193 2921//2193 2924//2193 2928//2193
f 2922//2194 2926//2194 2927//2194 2923//2194
f 2924//2195 2923//2195 2927//2195 2928//2195
f 2925//2196 2926//2196 2922//2196 2921//2196
f 2929//2197 2930//2197 2931//2197 2932//2197
f 2934//2198 2933//2198 2936//2198 2935//2198
f 2933//2199 2929//2199 2932//2199 2936//2199
f 2930//2200 2934//2200 2935//2200 2931//2200
f 2932//2201 2931//2201 2935//2201 2936//2201
f 2933//2202 2934//2202 2930//2202 2929//2202
f 3593//2695 3594//2695 3595//2695 3596//2695
f 3598//2696 3597//2696 3600//2696 3599//2696
f 3597//2697 3593//2697 3596//2697 3600//2697
f 3594//2698 3598//2698 3599//2698 3595//2698
f 3596//2699 3595//2699 3599//2699 3600//2699
f 3597//2700 3598//2700 3594//2700 3593//2700
f 3601//2701 3602//2701 3603//2701 3604//2701
f 3606//2702 3605//2702 3608//2702 3607//2702
f 3605//2703 3601//2703 3604//2703 3608//2703
f 3602//2704 3606//2704 3607//2704 3603//2704
f 3604//2705 3603//2705 3607//2705 3608//2705
f 3605//2706 3606//2706 3602//2706 3601//2706
f 4273//3205 4274//3205 4275//3205 4276//3205
f 4278//3206 4277//3206 4280//3206 4279//3206
f 4277//3207 4273//3207 4276//3207 4280//3207
f 4274//3208 4278//3208 4279//3208 4275//3208
f 4276//3209 4275//3209 4279//3209 4280//3209
f 4277//3210 4278//3210 4274//3210 4273//3210
f 4281//3211 4282//3211 4283//3211 4284//3211
f 4286//3212 4285//3212 4288//3212 4287//3212
f 4285//3213 4281//3213 4284//3213 4288//3213
f 4282//3214 4286//3214 4287//3214 4283//3214
f 4284//3215 4283//3215 4287//3215 4288//3215
f 4285//3216 4286//3216 4282//3216 4281//3216
f 4305//3229 4306//3229 4307//3229 4308//3229
f 4310//3230 4309//3230 4312//3230 4311//3230
f 4309//3231 4305//3231 4308//3231 4312//3231
f 4306//3232 4310//3232 4311//3232 4307//3232
f 4308//3233 4307//3233 4311//3233 4312//3233
f 4309//3234 4310//3234 4306//3234 4305//3234
f 4313//3235 4314//3235 4315//3235 4316//3235
f 4318//3236 4317//3236 4320//3236 4319//3236
f 4317//3237 4313//3237 4316//3237 4320//3237
f 4314//3238 4318//3238 4319//3238 4315//3238
f 4316//3239 4315//3239 4319//3239 4320//3239
f 4317//3240 4318//3240 4314//3240 4313//3240
f 4329//3247 4330//3247 4331//3247 4332//3247
f 4334//3248 4333//3248 4336//3248 4335//3248
f 4333//3249 4329//3249 4332//3249 4336//3249
f 4330//3250 4334//3250 4335//3250 4331//3250
f 4332//3251 4331//3251 4335//3251 4336//3251
f 4333//3252 4334//3252 4330//3252 4329//3252
f 4337//3253 4338//3253 4339//3253 4340//3253
f 4342//3254 4341//3254 4344//3254 4343//3254
f 4341//3255 4337//3255 4340//3255 4344//3255
f 4338//3256 4342//3256 4343//3256 4339//3256
f 4340//3257 4339//3257 4343//3257 4344//3257
f 4341//3258 4342//3258 4338//3258 4337//3258
f 4353//3265 4354//3265 4355//3265 4356//3265
f 4358//3266 4357//3266 4360//3266 4359//3266
f 4357//3267 4353//3267 4356//3267 4360//3267
f 4354//3268 4358//3268 4359//3268 4355//3268
f 4356//3269 4355//3269 4359//3269 4360//3269
f 4357//3270 4358//3270 4354//3270 4353//3270
f 4361//3271 4362//3271 4363//3271 4364//3271
f 4366//3272 4365//3272 4368//3272 4367//3272
f 4365//3273 4361//3273 4364//3273 4368//3273
f 4362//3274 4366//3274 4367//3274 4363//3274
f 4364//3275 4363//3275 4367//3275 4368//3275
f 4365//3276 4366//3276 4362//3276 4361//3276
f 4385//3289 4386//3289 4387//3289 4388//3289
f 4390//3290 4389//3290 4392//3290 4391//3290
f 4389//3291 4385//3291 4388//3291 4392//3291
f 4386//3292 4390//3292 4391//3292 4387//3292
f 4388//3293 4387//3293 4391//3293 4392//3293
f 4389//3294 4390//3294 4386//3294 4385//3294
f 4393//3295 4394//3295 4395//3295 4396//3295
f 4398//3296 4397//3296 4400//3296 4399//3296
f 4397//3297 4393//3297 4396//3297 4400//3297
f 4394//3298 4398//3298 4399//3298 4395//3298
f 4396//3299 4395//3299 4399//3299 4400//3299
f 4397//3300 4398//3300 4394//3300 4393//3300
f 4409//3307 4410//3307 4411//3307 4412//3307
f 4414//3308 4413//3308 4416//3308 4415//3308
f 4413//3309 4409//3309 4412//3309 4416//3309
f 4410//3310 4414//3310 4415//3310 4411//3310
f 4412//3311 4411//3311 4415//3311 4416//3311
f 4413//3312 4414//3312 4410//3312 4409//3312
f 4417//3313 4418//3313 4419//3313 4420//3313
f 4422//3314 4421//3314 4424//3314 4423//3314
f 4421//3315 4417//3315 4420//3315 4424//3315
f 4418//3316 4422//3316 4423//3316 4419//3316
f 4420//3317 4419//3317 4423//3317 4424//3317
f 4421//3318 4422//3318 4418//3318 4417//3318
f 4433//3325 4434//3325 4435//3325 4436//3325
f 4438//3326 4437//3326 4440//3326 4439//3326
f 4437//3327 4433//3327 4436//3327 4440//3327
f 4434//3328 4438//3328 4439//3328 4435//3328
f 4436//3329 4435//3329 4439//3329 4440//3329
f 4437//3330 4438//3330 4434//3330 4433//3330
f 4441//3331 4442//3331 4443//3331 4444//3331
f 4446//3332 4445//3332 4448//3332 4447//3332
f 4445//3333 4441//3333 4444//3333 4448//3333
f 4442//3334 4446//3334 4447//3334 4443//3334
f 4444//3335 4443//3335 4447//3335 4448//3335
f 4445//3336 4446//3336 4442//3336 4441//3336
usemtl hdr
f 225//169 226//169 227//169 228//169
f 230//170 229//170 232//170 231//170
f 229//171 225//171 228//171 232//171
f 226//172 230//172 231//172 227//172
f 228//173 227//173 231//173 232//173
f 229//174 230//174 226//174 225//174
f 2937//2203 2938//2203 2939//2203 2940//2203
f 2942//2204 2941//2204 2944//2204 2943//2204
f 2941//2205 2937//2205 2940//2205 2944//2205
f 2938//2206 2942//2206 2943//2206 2939//2206
f 2940//2207 2939//2207 2943//2207 2944//2207
f 2941//2208 2942//2208 2938//2208 2937//2208
f 3617//2713 3618//2713 3619//2713 3620//2713
f 3622//2714 3621//2714 3624//2714 3623//2714
f 3621//2715 3617//2715 3620//2715 3624//2715
f 3618//2716 3622//2716 3623//2716 3619//2716
f 3620//2717 3619//2717 3623//2717 3624//2717
f 3621//2718 3622//2718 3618//2718 3617//2718
usemtl pin
f 233//175 234//175 235//175 236//175
f 238//176 237//176 240//176 239//176
f 237//177 233//177 236//177 240//177
f 234//178 238//178 239//178 235//178
f 236//179 235//179 239//179 240//179
f 237//180 238//180 234//180 233//180
f 241//181 242//181 243//181 244//181
f 246//182 245//182 248//182 247//182
f 245//183 241//183 244//183 248//183
f 242//184 246//184 247//184 243//184
f 244//185 243//185 247//185 248//185
f 245//186 246//186 242//186 241//186
f 2945//2209 2946//2209 2947//2209 2948//2209
f 2950//2210 2949//2210 2952//2210 2951//2210
f 2949//2211 2945//2211 2948//2211 2952//2211
f 2946//2212 2950//2212 2951//2212 2947//2212
f 2948//2213 2947//2213 2951//2213 2952//2213
f 2949//2214 2950//2214 2946//2214 2945//2214
f 2953//2215 2954//2215 2955//2215 2956//2215
f 2958//2216 2957//2216 2960//2216 2959//2216
f 2957//2217 2953//2217 2956//2217 2960//2217
f 2954//2218 2958//2218 2959//2218 2955//2218
f 2956//2219 2955//2219 2959//2219 2960//2219
f 2957//2220 2958//2220 2954//2220 2953//2220
f 2961//2221 2962//2221 2963//2221 2964//2221
f 2966//2222 2965//2222 2968//2222 2967//2222
f 2965//2223 2961//2223 2964//2223 2968//2223
f 2962//2224 2966//2224 2967//2224 2963//2224
f 2964//2225 2963//2225 2967//2225 2968//2225
f 2965//2226 2966//2226 2962//2226 2961//2226
f 2969//2227 2970//2227 2971//2227 2972//2227
f 2974//2228 2973//2228 2976//2228 2975//2228
f 2973//2229 2969//2229 2972//2229 2976//2229
f 2970//2230 2974//2230 2975//2230 2971//2230
f 2972//2231 2971//2231 2975//2231 2976//2231
f 2973//2232 2974//2232 2970//2232 2969//2232
f 2977//2233 2978//2233 2979//2233 2980//2233
f 2982//2234 2981//2234 2984//2234 2983//2234
f 2981//2235 2977//2235 2980//2235 2984//2235
f 2978//2236 2982//2236 2983//2236 2979//2236
f 2980//2237 2979//2237 2983//2237 2984//2237
f 2981//2238 2982//2238 2978//2238 2977//2238
f 2985//2239 2986//2239 2987//2239 2988//2239
f 2990//2240 2989//2240 2992//2240 2991//2240
f 2989//2241 2985//2241 2988//2241 2992//2241
f 2986//2242 2990//2242 2991//2242 2987//2242
f 2988//2243 2987//2243 2991//2243 2992//2243
f 2989//2244 2990//2244 2986//2244 2985//2244
f 2993//2245 2994//2245 2995//2245 2996//2245
f 2998//2246 2997//2246 3000//2246 2999//2246
f 2997//2247 2993//2247 2996//2247 3000//2247
f 2994//2248 2998//2248 2999//2248 2995//2248
f 2996//2249 2995//2249 2999//2249 3000//2249
f 2997//2250 2998//2250 2994//2250 2993//2250
f 3001//2251 3002//2251 3003//2251 3004//2251
f 3006//2252 3005//2252 3008//2252 3007//2252
f 3005//2253 3001//2253 3004//2253 3008//2253
f 3002//2254 3006//2254 3007//2254 3003//2254
f 3004//2255 3003//2255 3007//2255 3008//2255
f 3005//2256 3006//2256 3002//2256 3001//2256
f 3009//2257 3010//2257 3011//2257 3012//2257
f 3014//2258 3013//2258 3016//2258 3015//2258
f 3013//2259 3009//2259 3012//2259 3016//2259
f 3010//2260 3014//2260 3015//2260 3011//2260
f 3012//2261 3011//2261 3015//2261 3016//2261
f 3013//2262 3014//2262 3010//2262 3009//2262
f 3017//2263 3018//2263 3019//2263 3020//2263
f 3022//2264 3021//2264 3024//2264 3023//2264
f 3021//2265 3017//2265 3020//2265 3024//2265
f 3018//2266 3022//2266 3023//2266 3019//2266
f 3020//2267 3019//2267 3023//2267 3024//2267
f 3021//2268 3022//2268 3018//2268 3017//2268
f 3025//2269 3026//2269 3027//2269 3028//2269
f 3030//2270 3029//2270 3032//2270 3031//2270
f 3029//2271 3025//2271 3028//2271 3032//2271
f 3026//2272 3030//2272 3031//2272 3027//2272
f 3028//2273 3027//2273 3031//2273 3032//2273
f 3029//2274 3030//2274 3026//2274 3025//2274
f 3033//2275 3034//2275 3035//2275 3036//2275
f 3038//2276 3037//2276 3040//2276 3039//2276
f 3037//2277 3033//2277 3036//2277 3040//2277
f 3034//2278 3038//2278 3039//2278 3035//2278
f 3036//2279 3035//2279 3039//2279 3040//2279
f 3037//2280 3038//2280 3034//2280 3033//2280
f 3041//2281 3042//2281 3043//2281 3044//2281
f 3046//2282 3045//2282 3048//2282 3047//2282
f 3045//2283 3041//2283 3044//2283 3048//2283
f 3042//2284 3046//2284 3047//2284 3043//2284
f 3044//2285 3043//2285 3047//2285 3048//2285
f 3045//2286 3046//2286 3042//2286 3041//2286
f 3049//2287 3050//2287 3051//2287 3052//2287
f 3054//2288 3053//2288 3056//2288 3055//2288
f 3053//2289 3049//2289 3052//2289 3056//2289
f 3050//2290 3054//2290 3055//2290 3051//2290
f 3052//2291 3051//2291 3055//2291 3056//2291
f 3053//2292 3054//2292 3050//2292 3049//2292
f 3057//2293 3058//2293 3059//2293 3060//2293
f 3062//2294 3061//2294 3064//2294 3063//2294
f 3061//2295 3057//2295 3060//2295 3064//2295
f 3058//2296 3062//2296 3063//2296 3059//2296
f 3060//2297 3059//2297 3063//2297 3064//2297
f 3061//2298 3062//2298 3058//2298 3057//2298
f 3065//2299 3066//2299 3067//2299 3068//2299
f 3070//2300 3069//2300 3072//2300 3071//2300
f 3069//2301 3065//2301 3068//2301 3072//2301
f 3066//2302 3070//2302 3071//2302 3067//2302
f 3068//2303 3067//2303 3071//2303 3072//2303
f 3069//2304 3070//2304 3066//2304 3065//2304
f 3073//2305 3074//2305 3075//2305 3076//2305
f 3078//2306 3077//2306 3080//2306 3079//2306
f 3077//2307 3073//2307 3076//2307 3080//2307
f 3074//2308 3078//2308 3079//2308 3075//2308
f 3076//2309 3075//2309 3079//2309 3080//2309
f 3077//2310 3078//2310 3074//2310 3073//2310
f 3081//2311 3082//2311 3083//2311 3084//2311
f 3086//2312 3085//2312 3088//2312 3087//2312
f 3085//2313 3081//2313 3084//2313 3088//2313
f 3082//2314 3086//2314 3087//2314 3083//2314
f 3084//2315 3083//2315 3087//2315 3088//2315
f 3085//2316 3086//2316 3082//2316 3081//2316
f 3089//2317 3090//2317 3091//2317 3092//2317
f 3094//2318 3093//2318 3096//2318 3095//2318
f 3093//2319 3089//2319 3092//2319 3096//2319
f 3090//2320 3094//2320 3095//2320 3091//2320
f 3092//2321 3091//2321 3095//2321 3096//2321
f 3093//2322 3094//2322 3090//2322 3089//2322
f 3097//2323 3098//2323 3099//2323 3100//2323
f 3102//2324 3101//2324 3104//2324 3103//2324
f 3101//2325 3097//2325 3100//2325 3104//2325
f 3098//2326 3102//2326 3103//2326 3099//2326
f 3100//2327 3099//2327 3103//2327 3104//2327
f 3101//2328 3102//2328 3098//2328 3097//2328
f 3105//2329 3106//2329 3107//2329 3108//2329
f 3110//2330 3109//2330 3112//2330 3111//2330
f 3109//2331 3105//2331 3108//2331 3112//2331
f 3106//2332 3110//2332 3111//2332 3107//2332
f 3108//2333 3107//2333 3111//2333 3112//2333
f 3109//2334 3110//2334 3106//2334 3105//2334
f 3113//2335 3114//2335 3115//2335 3116//2335
f 3118//2336 3117//2336 3120//2336 3119//2336
f 3117//2337 3113//2337 3116//2337 3120//2337
f 3114//2338 3118//2338 3119//2338 3115//2338
f 3116//2339 3115//2339 3119//2339 3120//2339
f 3117//2340 3118//2340 3114//2340 3113//2340
f 3121//2341 3122//2341 3123//2341 3124//2341
f 3126//2342 3125//2342 3128//2342 3127//2342
f 3125//2343 3121//2343 3124//2343 3128//2343
f 3122//2344 3126//2344 3127//2344 3123//2344
f 3124//2345 3123//2345 3127//2345 3128//2345
f 3125//2346 3126//2346 3122//2346 3121//2346
f 3129//2347 3130//2347 3131//2347 3132//2347
f 3134//2348 3133//2348 3136//2348 3135//2348
f 3133//2349 3129//2349 3132//2349 3136//2349
f 3130//2350 3134//2350 3135//2350 3131//2350
f 3132//2351 3131//2351 3135//2351 3136//2351
f 3133//2352 3134//2352 3130//2352 3129//2352
f 3137//2353 3138//2353 3139//2353 3140//2353
f 3142//2354 3141//2354 3144//2354 3143//2354
f 3141//2355 3137//2355 3140//2355 3144//2355
f 3138//2356 3142//2356 3143//2356 3139//2356
f 3140//2357 3139//2357 3143//2357 3144//2357
f 3141//2358 3142//2358 3138//2358 3137//2358
f 3145//2359 3146//2359 3147//2359 3148//2359
f 3150//2360 3149//2360 3152//2360 3151//2360
f 3149//2361 3145//2361 3148//2361 3152//2361
f 3146//2362 3150//2362 3151//2362 3147//2362
f 3148//2363 3147//2363 3151//2363 3152//2363
f 3149//2364 3150//2364 3146//2364 3145//2364
f 3153//2365 3154//2365 3155//2365 3156//2365
f 3158//2366 3157//2366 3160//2366 3159//2366
f 3157//2367 3153//2367 3156//2367 3160//2367
f 3154//2368 3158//2368 3159//2368 3155//2368
f 3156//2369 3155//2369 3159//2369 3160//2369
f 3157//2370 3158//2370 3154//2370 3153//2370
f 3161//2371 3162//2371 3163//2371 3164//2371
f 3166//2372 3165//2372 3168//2372 3167//2372
f 3165//2373 3161//2373 3164//2373 3168//2373
f 3162//2374 3166//2374 3167//2374 3163//2374
f 3164//2375 3163//2375 3167//2375 3168//2375
f 3165//2376 3166//2376 3162//2376 3161//2376
f 3169//2377 3170//2377 3171//2377 3172//2377
f 3174//2378 3173//2378 3176//2378 3175//2378
f 3173//2379 3169//2379 3172//2379 3176//2379
f 3170//2380 3174//2380 3175//2380 3171//2380
f 3172//2381 3171//2381 3175//2381 3176//2381
f 3173//2382 3174//2382 3170//2382 3169//2382
f 3177//2383 3178//2383 3179//2383 3180//2383
f 3182//2384 3181//2384 3184//2384 3183//2384
f 3181//2385 3177//2385 3180//2385 3184//2385
f 3178//2386 3182//2386 3183//2386 3179//2386
f 3180//2387 3179//2387 3183//2387 3184//2387
f 3181//2388 3182//2388 3178//2388 3177//2388
f 3185//2389 3186//2389 3187//2389 3188//2389
f 3190//2390 3189//2390 3192//2390 3191//2390
f 3189//2391 3185//2391 3188//2391 3192//2391
f 3186//2392 3190//2392 3191//2392 3187//2392
f 3188//2393 3187//2393 3191//2393 3192//2393
f 3189//2394 3190//2394 3186//2394 3185//2394
f 3193//2395 3194//2395 3195//2395 3196//2395
f 3198//2396 3197//2396 3200//2396 3199//2396
f 3197//2397 3193//2397 3196//2397 3200//2397
f 3194//2398 3198//2398 3199//2398 3195//2398
f 3196//2399 3195//2399 3199//2399 3200//2399
f 3197//2400 3198//2400 3194//2400 3193//2400
f 3201//2401 3202//2401 3203//2401 3204//2401
f 3206//2402 3205//2402 3208//2402 3207//2402
f 3205//2403 3201//2403 3204//2403 3208//2403
f 3202//2404 3206//2404 3207//2404 3203//2404
f 3204//2405 3203//2405 3207//2405 3208//2405
f 3205//2406 3206//2406 3202//2406 3201//2406
f 3209//2407 3210//2407 3211//2407 3212//2407
f 3214//2408 3213//2408 3216//2408 3215//2408
f 3213//2409 3209//2409 3212//2409 3216//2409
f 3210//2410 3214//2410 3215//2410 3211//2410
f 3212//2411 3211//2411 3215//2411 3216//2411
f 3213//2412 3214//2412 3210//2412 3209//2412
f 3217//2413 3218//2413 3219//2413 3220//2413
f 3222//2414 3221//2414 3224//2414 3223//2414
f 3221//2415 3217//2415 3220//2415 3224//2415
f 3218//2416 3222//2416 3223//2416 3219//2416
f 3220//2417 3219//2417 3223//2417 3224//2417
f 3221//2418 3222//2418 3218//2418 3217//2418
f 3225//2419 3226//2419 3227//2419 3228//2419
f 3230//2420 3229//2420 3232//2420 3231//2420
f 3229//2421 3225//2421 3228//2421 3232//2421
f 3226//2422 3230//2422 3231//2422 3227//2422
f 3228//2423 3227//2423 3231//2423 3232//2423
f 3229//2424 3230//2424 3226//2424 3225//2424
f 3233//2425 3234//2425 3235//2425 3236//2425
f 3238//2426 3237//2426 3240//2426 3239//2426
f 3237//2427 3233//2427 3236//2427 3240//2427
f 3234//2428 3238//2428 3239//2428 3235//2428
f 3236//2429 3235//2429 3239//2429 3240//2429
f 3237//2430 3238//2430 3234//2430 3233//2430
f 3241//2431 3242//2431 3243//2431 3244//2431
f 3246//2432 3245//2432 3248//2432 3247//2432
f 3245//2433 3241//2433 3244//2433 3248//2433
f 3242//2434 3246//2434 3247//2434 3243//2434
f 3244//2435 3243//2435 3247//2435 3248//2435
f 3245//2436 3246//2436 3242//2436 3241//2436
f 3249//2437 3250//2437 3251//2437 3252//2437
f 3254//2438 3253//2438 3256//2438 3255//2438
f 3253//2439 3249//2439 3252//2439 3256//2439
f 3250//2440 3254//2440 3255//2440 3251//2440
f 3252//2441 3251//2441 3255//2441 3256//2441
f 3253//2442 3254//2442 3250//2442 3249//2442
f 3257//2443 3258//2443 3259//2443 3260//2443
f 3262//2444 3261//2444 3264//2444 3263//2444
f 3261//2445 3257//2445 3260//2445 3264//2445
f 3258//2446 3262//2446 3263//2446 3259//2446
f 3260//2447 3259//2447 3263//2447 3264//2447
f 3261//2448 3262//2448 3258//2448 3257//2448
f 3265//2449 3266//2449 3267//2449 3268//2449
f 3270//2450 3269//2450 3272//2450 3271//2450
f 3269//2451 3265//2451 3268//2451 3272//2451
f 3266//2452 3270//2452 3271//2452 3267//2452
f 3268//2453 3267//2453 3271//2453 3272//2453
f 3269//2454 3270//2454 3266//2454 3265//2454
f 3273//2455 3274//2455 3275//2455 3276//2455
f 3278//2456 3277//2456 3280//2456 3279//2456
f 3277//2457 3273//2457 3276//2457 3280//2457
f 3274//2458 3278//2458 3279//2458 3275//2458
f 3276//2459 3275//2459 3279//2459 3280//2459
f 3277//2460 3278//2460 3274//2460 3273//2460
f 3281//2461 3282//2461 3283//2461 3284//2461
f 3286//2462 3285//2462 3288//2462 3287//2462
f 3285//2463 3281//2463 3284//2463 3288//2463
f 3282//2464 3286//2464 3287//2464 3283//2464
f 3284//2465 3283//2465 3287//2465 3288//2465
f 3285//2466 3286//2466 3282//2466 3281//2466
f 3289//2467 3290//2467 3291//2467 3292//2467
f 3294//2468 3293//2468 3296//2468 3295//2468
f 3293//2469 3289//2469 3292//2469 3296//2469
f 3290//2470 3294//2470 3295//2470 3291//2470
f 3292//2471 3291//2471 3295//2471 3296//2471
f 3293//2472 3294//2472 3290//2472 3289//2472
f 3297//2473 3298//2473 3299//2473 3300//2473
f 3302//2474 3301//2474 3304//2474 3303//2474
f 3301//2475 3297//2475 3300//2475 3304//2475
f 3298//2476 3302//2476 3303//2476 3299//2476
f 3300//2477 3299//2477 3303//2477 3304//2477
f 3301//2478 3302//2478 3298//2478 3297//2478
f 3305//2479 3306//2479 3307//2479 3308//2479
f 3310//2480 3309//2480 3312//2480 3311//2480
f 3309//2481 3305//2481 3308//2481 3312//2481
f 3306//2482 3310//2482 3311//2482 3307//2482
f 3308//2483 3307//2483 3311//2483 3312//2483
f 3309//2484 3310//2484 3306//2484 3305//2484
f 3313//2485 3314//2485 3315//2485 3316//2485
f 3318//2486 3317//2486 3320//2486 3319//2486
f 3317//2487 3313//2487 3316//2487 3320//2487
f 3314//2488 3318//2488 3319//2488 3315//2488
f 3316//2489 3315//2489 3319//2489 3320//2489
f 3317//2490 3318//2490 3314//2490 3313//2490
f 3321//2491 3322//2491 3323//2491 3324//2491
f 3326//2492 3325//2492 3328//2492 3327//2492
f 3325//2493 3321//2493 3324//2493 3328//2493
f 3322//2494 3326//2494 3327//2494 3323//2494
f 3324//2495 3323//2495 3327//2495 3328//2495
f 3325//2496 3326//2496 3322//2496 3321//2496
f 3329//2497 3330//2497 3331//2497 3332//2497
f 3334//2498 3333//2498 3336//2498 3335//2498
f 3333//2499 3329//2499 3332//2499 3336//2499
f 3330//2500 3334//2500 3335//2500 3331//2500
f 3332//2501 3331//2501 3335//2501 3336//2501
f 3333//2502 3334//2502 3330//2502 3329//2502
f 3337//2503 3338//2503 3339//2503 3340//2503
f 3342//2504 3341//2504 3344//2504 3343//2504
f 3341//2505 3337//2505 3340//2505 3344//2505
f 3338//2506 3342//2506 3343//2506 3339//2506
f 3340//2507 3339//2507 3343//2507 3344//2507
f 3341//2508 3342//2508 3338//2508 3337//2508
f 3345//2509 3346//2509 3347//2509 3348//2509
f 3350//2510 3349//2510 3352//2510 3351//2510
f 3349//2511 3345//2511 3348//2511 3352//2511
f 3346//2512 3350//2512 3351//2512 3347//2512
f 3348//2513 3347//2513 3351//2513 3352//2513
f 3349//2514 3350//2514 3346//2514 3345//2514
f 3353//2515 3354//2515 3355//2515 3356//2515
f 3358//2516 3357//2516 3360//2516 3359//2516
f 3357//2517 3353//2517 3356//2517 3360//2517
f 3354//2518 3358//2518 3359//2518 3355//2518
f 3356//2519 3355//2519 3359//2519 3360//2519
f 3357//2520 3358//2520 3354//2520 3353//2520
f 3361//2521 3362//2521 3363//2521 3364//2521
f 3366//2522 3365//2522 3368//2522 3367//2522
f 3365//2523 3361//2523 3364//2523 3368//2523
f 3362//2524 3366//2524 3367//2524 3363//2524
f 3364//2525 3363//2525 3367//2525 3368//2525
f 3365//2526 3366//2526 3362//2526 3361//2526
f 3369//2527 3370//2527 3371//2527 3372//2527
f 3374//2528 3373//2528 3376//2528 3375//2528
f 3373//2529 3369//2529 3372//2529 3376//2529
f 3370//2530 3374//2530 3375//2530 3371//2530
f 3372//2531 3371//2531 3375//2531 3376//2531
f 3373//2532 3374//2532 3370//2532 3369//2532
f 3377//2533 3378//2533 3379//2533 3380//2533
f 3382//2534 3381//2534 3384//2534 3383//2534
f 3381//2535 3377//2535 3380//2535 3384//2535
f 3378//2536 3382//2536 3383//2536 3379//2536
f 3380//2537 3379//2537 3383//2537 3384//2537
f 3381//2538 3382//2538 3378//2538 3377//2538
f 3385//2539 3386//2539 3387//2539 3388//2539
f 3390//2540 3389//2540 3392//2540 3391//2540
f 3389//2541 3385//2541 3388//2541 3392//2541
f 3386//2542 3390//2542 3391//2542 3387//2542
f 3388//2543 3387//2543 3391//2543 3392//2543
f 3389//2544 3390//2544 3386//2544 3385//2544
f 3393//2545 3394//2545 3395//2545 3396//2545
f 3398//2546 3397//2546 3400//2546 3399//2546
f 3397//2547 3393//2547 3396//2547 3400//2547
f 3394//2548 3398//2548 3399//2548 3395//2548
f 3396//2549 3395//2549 3399//2549 3400//2549
f 3397//2550 3398//2550 3394//2550 3393//2550
f 3401//2551 3402//2551 3403//2551 3404//2551
f 3406//2552 3405//2552 3408//2552 3407//2552
f 3405//2553 3401//2553 3404//2553 3408//2553
f 3402//2554 3406//2554 3407//2554 3403//2554
f 3404//2555 3403//2555 3407//2555 3408//2555
f 3405//2556 3406//2556 3402//2556 3401//2556
f 3409//2557 3410//2557 3411//2557 3412//2557
f 3414//2558 3413//2558 3416//2558 3415//2558
f 3413//2559 3409//2559 3412//2559 3416//2559
f 3410//2560 3414//2560 3415//2560 3411//2560
f 3412//2561 3411//2561 3415//2561 3416//2561
f 3413//2562 3414//2562 3410//2562 3409//2562
f 3417//2563 3418//2563 3419//2563 3420//2563
f 3422//2564 3421//2564 3424//2564 3423//2564
f 3421//2565 3417//2565 3420//2565 3424//2565
f 3418//2566 3422//2566 3423//2566 3419//2566
f 3420//2567 3419//2567 3423//2567 3424//2567
f 3421//2568 3422//2568 3418//2568 3417//2568
f 3425//2569 3426//2569 3427//2569 3428//2569
f 3430//2570 3429//2570 3432//2570 3431//2570
f 3429//2571 3425//2571 3428//2571 3432//2571
f 3426//2572 3430//2572 3431//2572 3427//2572
f 3428//2573 3427//2573 3431//2573 3432//2573
f 3429//2574 3430//2574 3426//2574 3425//2574
f 3433//2575 3434//2575 3435//2575 3436//2575
f 3438//2576 3437//2576 3440//2576 3439//2576
f 3437//2577 3433//2577 3436//2577 3440//2577
f 3434//2578 3438//2578 3439//2578 3435//2578
f 3436//2579 3435//2579 3439//2579 3440//2579
f 3437//2580 3438//2580 3434//2580 3433//2580
f 3441//2581 3442//2581 3443//2581 3444//2581
f 3446//2582 3445//2582 3448//2582 3447//2582
f 3445//2583 3441//2583 3444//2583 3448//2583
f 3442//2584 3446//2584 3447//2584 3443//2584
f 3444//2585 3443//2585 3447//2585 3448//2585
f 3445//2586 3446//2586 3442//2586 3441//2586
f 3449//2587 3450//2587 3451//2587 3452//2587
f 3454//2588 3453//2588 3456//2588 3455//2588
f 3453//2589 3449//2589 3452//2589 3456//2589
f 3450//2590 3454//2590 3455//2590 3451//2590
f 3452//2591 3451//2591 3455//2591 3456//2591
f 3453//2592 3454//2592 3450//2592 3449//2592
f 3457//2593 3458//2593 3459//2593 3460//2593
f 3462//2594 3461//2594 3464//2594 3463//2594
f 3461//2595 3457//2595 3460//2595 3464//2595
f 3458//2596 3462//2596 3463//2596 3459//2596
f 3460//2597 3459//2597 3463//2597 3464//2597
f 3461//2598 3462//2598 3458//2598 3457//2598
f 3465//2599 3466//2599 3467//2599 3468//2599
f 3470//2600 3469//2600 3472//2600 3471//2600
f 3469//2601 3465//2601 3468//2601 3472//2601
f 3466//2602 3470//2602 3471//2602 3467//2602
f 3468//2603 3467//2603 3471//2603 3472//2603
f 3469//2604 3470//2604 3466//2604 3465//2604
f 3473//2605 3474//2605 3475//2605 3476//2605
f 3478//2606 3477//2606 3480//2606 3479//2606
f 3477//2607 3473//2607 3476//2607 3480//2607
f 3474//2608 3478//2608 3479//2608 3475//2608
f 3476//2609 3475//2609 3479//2609 3480//2609
f 3477//2610 3478//2610 3474//2610 3473//2610
f 3481//2611 3482//2611 3483//2611 3484//2611
f 3486//2612 3485//2612 3488//2612 3487//2612
f 3485//2613 3481//2613 3484//2613 3488//2613
f 3482//2614 3486//2614 3487//2614 3483//2614
f 3484//2615 3483//2615 3487//2615 3488//2615
f 3485//2616 3486//2616 3482//2616 3481//2616
f 3489//2617 3490//2617 3491//2617 3492//2617
f 3494//2618 3493//2618 3496//2618 3495//2618
f 3493//2619 3489//2619 3492//2619 3496//2619
f 3490//2620 3494//2620 3495//2620 3491//2620
f 3492//2621 3491//2621 3495//2621 3496//2621
f 3493//2622 3494//2622 3490//2622 3489//2622
f 3497//2623 3498//2623 3499//2623 3500//2623
f 3502//2624 3501//2624 3504//2624 3503//2624
f 3501//2625 3497//2625 3500//2625 3504//2625
f 3498//2626 3502//2626 3503//2626 3499//2626
f 3500//2627 3499//2627 3503//2627 3504//2627
f 3501//2628 3502//2628 3498//2628 3497//2628
f 3505//2629 3506//2629 3507//2629 3508//2629
f 3510//2630 3509//2630 3512//2630 3511//2630
f 3509//2631 3505//2631 3508//2631 3512//2631
f 3506//2632 3510//2632 3511//2632 3507//2632
f 3508//2633 3507//2633 3511//2633 3512//2633
f 3509//2634 3510//2634 3506//2634 3505//2634
f 3513//2635 3514//2635 3515//2635 3516//2635
f 3518//2636 3517//2636 3520//2636 3519//2636
f 3517//2637 3513//2637 3516//2637 3520//2637
f 3514//2638 3518//2638 3519//2638 3515//2638
f 3516//2639 3515//2639 3519//2639 3520//2639
f 3517//2640 3518//2640 3514//2640 3513//2640
f 3521//2641 3522//2641 3523//2641 3524//2641
f 3526//2642 3525//2642 3528//2642 3527//2642
f 3525//2643 3521//2643 3524//2643 3528//2643
f 3522//2644 3526//2644 3527//2644 3523//2644
f 3524//2645 3523//2645 3527//2645 3528//2645
f 3525//2646 3526//2646 3522//2646 3521//2646
f 3529//2647 3530//2647 3531//2647 3532//2647
f 3534//2648 3533//2648 3536//2648 3535//2648
f 3533//2649 3529//2649 3532//2649 3536//2649
f 3530//2650 3534//2650 3535//2650 3531//2650
f 3532//2651 3531//2651 3535//2651 3536//2651
f 3533//2652 3534//2652 3530//2652 3529//2652
f 3537//2653 3538//2653 3539//2653 3540//2653
f 3542//2654 3541//2654 3544//2654 3543//2654
f 3541//2655 3537//2655 3540//2655 3544//2655
f 3538//2656 3542//2656 3543//2656 3539//2656
f 3540//2657 3539//2657 3543//2657 3544//2657
f 3541//2658 3542//2658 3538//2658 3537//2658
f 3545//2659 3546//2659 3547//2659 3548//2659
f 3550//2660 3549//2660 3552//2660 3551//2660
f 3549//2661 3545//2661 3548//2661 3552//2661
f 3546//2662 3550//2662 3551//2662 3547//2662
f 3548//2663 3547//2663 3551//2663 3552//2663
f 3549//2664 3550//2664 3546//2664 3545//2664
f 3553//2665 3554//2665 3555//2665 3556//2665
f 3558//2666 3557//2666 3560//2666 3559//2666
f 3557//2667 3553//2667 3556//2667 3560//2667
f 3554//2668 3558//2668 3559//2668 3555//2668
f 3556//2669 3555//2669 3559//2669 3560//2669
f 3557//2670 3558//2670 3554//2670 3553//2670
f 3561//2671 3562//2671 3563//2671 3564//2671
f 3566//2672 3565//2672 3568//2672 3567//2672
f 3565//2673 3561//2673 3564//2673 3568//2673
f 3562//2674 3566//2674 3567//2674 3563//2674
f 3564//2675 3563//2675 3567//2675 3568//2675
f 3565//2676 3566//2676 3562//2676 3561//2676
f 3569//2677 3570//2677 3571//2677 3572//2677
f 3574//2678 3573//2678 3576//2678 3575//2678
f 3573//2679 3569//2679 3572//2679 3576//2679
f 3570//2680 3574//2680 3575//2680 3571//2680
f 3572//2681 3571//2681 3575//2681 3576//2681
f 3573//2682 3574//2682 3570//2682 3569//2682
f 3577//2683 3578//2683 3579//2683 3580//2683
f 3582//2684 3581//2684 3584//2684 3583//2684
f 3581//2685 3577//2685 3580//2685 3584//2685
f 3578//2686 3582//2686 3583//2686 3579//2686
f 3580//2687 3579//2687 3583//2687 3584//2687
f 3581//2688 3582//2688 3578//2688 3577//2688
f 3625//2719 3626//2719 3627//2719 3628//2719
f 3630//2720 3629//2720 3632//2720 3631//2720
f 3629//2721 3625//2721 3628//2721 3632//2721
f 3626//2722 3630//2722 3631//2722 3627//2722
f 3628//2723 3627//2723 3631//2723 3632//2723
f 3629//2724 3630//2724 3626//2724 3625//2724
f 3633//2725 3634//2725 3635//2725 3636//2725
f 3638//2726 3637//2726 3640//2726 3639//2726
f 3637//2727 3633//2727 3636//2727 3640//2727
f 3634//2728 3638//2728 3639//2728 3635//2728
f 3636//2729 3635//2729 3639//2729 3640//2729
f 3637//2730 3638//2730 3634//2730 3633//2730
f 3641//2731 3642//2731 3643//2731 3644//2731
f 3646//2732 3645//2732 3648//2732 3647//2732
f 3645//2733 3641//2733 3644//2733 3648//2733
f 3642//2734 3646//2734 3647//2734 3643//2734
f 3644//2735 3643//2735 3647//2735 3648//2735
f 3645//2736 3646//2736 3642//2736 3641//2736
f 3649//2737 3650//2737 3651//2737 3652//2737
f 3654//2738 3653//2738 3656//2738 3655//2738
f 3653//2739 3649//2739 3652//2739 3656//2739
f 3650//2740 3654//2740 3655//2740 3651//2740
f 3652//2741 3651//2741 3655//2741 3656//2741
f 3653//2742 3654//2742 3650//2742 3649//2742
f 3657//2743 3658//2743 3659//2743 3660//2743
f 3662//2744 3661//2744 3664//2744 3663//2744
f 3661//2745 3657//2745 3660//2745 3664//2745
f 3658//2746 3662//2746 3663//2746 3659//2746
f 3660//2747 3659//2747 3663//2747 3664//2747
f 3661//2748 3662//2748 3658//2748 3657//2748
f 3665//2749 3666//2749 3667//2749 3668//2749
f 3670//2750 3669//2750 3672//2750 3671//2750
f 3669//2751 3665//2751 3668//2751 3672//2751
f 3666//2752 3670//2752 3671//2752 3667//2752
f 3668//2753 3667//2753 3671//2753 3672//2753
f 3669//2754 3670//2754 3666//2754 3665//2754
f 3673//2755 3674//2755 3675//2755 3676//2755
f 3678//2756 3677//2756 3680//2756 3679//2756
f 3677//2757 3673//2757 3676//2757 3680//2757
f 3674//2758 3678//2758 3679//2758 3675//2758
f 3676//2759 3675//2759 3679//2759 3680//2759
f 3677//2760 3678//2760 3674//2760 3673//2760
f 3681//2761 3682//2761 3683//2761 3684//2761
f 3686//2762 3685//2762 3688//2762 3687//2762
f 3685//2763 3681//2763 3684//2763 3688//2763
f 3682//2764 3686//2764 3687//2764 3683//2764
f 3684//2765 3683//2765 3687//2765 3688//2765
f 3685//2766 3686//2766 3682//2766 3681//2766
f 3689//2767 3690//2767 3691//2767 3692//2767
f 3694//2768 3693//2768 3696//2768 3695//2768
f 3693//2769 3689//2769 3692//2769 3696//2769
f 3690//2770 3694//2770 3695//2770 3691//2770
f 3692//2771 3691//2771 3695//2771 3696//2771
f 3693//2772 3694//2772 3690//2772 3689//2772
f 3697//2773 3698//2773 3699//2773 3700//2773
f 3702//2774 3701//2774 3704//2774 3703//2774
f 3701//2775 3697//2775 3700//2775 3704//2775
f 3698//2776 3702//2776 3703//2776 3699//2776
f 3700//2777 3699//2777 3703//2777 3704//2777
f 3701//2778 3702//2778 3698//2778 3697//2778
f 3705//2779 3706//2779 3707//2779 3708//2779
f 3710//2780 3709//2780 3712//2780 3711//2780
f 3709//2781 3705//2781 3708//2781 3712//2781
f 3706//2782 3710//2782 3711//2782 3707//2782
f 3708//2783 3707//2783 3711//2783 3712//2783
f 3709//2784 3710//2784 3706//2784 3705//2784
f 3713//2785 3714//2785 3715//2785 3716//2785
f 3718//2786 3717//2786 3720//2786 3719//2786
f 3717//2787 3713//2787 3716//2787 3720//2787
f 3714//2788 3718//2788 3719//2788 3715//2788
f 3716//2789 3715//2789 3719//2789 3720//2789
f 3717//2790 3718//2790 3714//2790 3713//2790
f 3721//2791 3722//2791 3723//2791 3724//2791
f 3726//2792 3725//2792 3728//2792 3727//2792
f 3725//2793 3721//2793 3724//2793 3728//2793
f 3722//2794 3726//2794 3727//2794 3723//2794
f 3724//2795 3723//2795 3727//2795 3728//2795
f 3725//2796 3726//2796 3722//2796 3721//2796
f 3729//2797 3730//2797 3731//2797 3732//2797
f 3734//2798 3733//2798 3736//2798 3735//2798
f 3733//2799 3729//2799 3732//2799 3736//2799
f 3730//2800 3734//2800 3735//2800 3731//2800
f 3732//2801 3731//2801 3735//2801 3736//2801
f 3733//2802 3734//2802 3730//2802 3729//2802
f 3737//2803 3738//2803 3739//2803 3740//2803
f 3742//2804 3741//2804 3744//2804 3743//2804
f 3741//2805 3737//2805 3740//2805 3744//2805
f 3738//2806 3742//2806 3743//2806 3739//2806
f 3740//2807 3739//2807 3743//2807 3744//2807
f 3741//2808 3742//2808 3738//2808 3737//2808
f 3745//2809 3746//2809 3747//2809 3748//2809
f 3750//2810 3749//2810 3752//2810 3751//2810
f 3749//2811 3745//2811 3748//2811 3752//2811
f 3746//2812 3750//2812 3751//2812 3747//2812
f 3748//2813 3747//2813 3751//2813 3752//2813
f 3749//2814 3750//2814 3746//2814 3745//2814
f 3753//2815 3754//2815 3755//2815 3756//2815
f 3758//2816 3757//2816 3760//2816 3759//2816
f 3757//2817 3753//2817 3756//2817 3760//2817
f 3754//2818 3758//2818 3759//2818 3755//2818
f 3756//2819 3755//2819 3759//2819 3760//2819
f 3757//2820 3758//2820 3754//2820 3753//2820
f 3761//2821 3762//2821 3763//2821 3764//2821
f 3766//2822 3765//2822 3768//2822 3767//2822
f 3765//2823 3761//2823 3764//2823 3768//2823
f 3762//2824 3766//2824 3767//2824 3763//2824
f 3764//2825 3763//2825 3767//2825 3768//2825
f 3765//2826 3766//2826 3762//2826 3761//2826
f 3769//2827 3770//2827 3771//2827 3772//2827
f 3774//2828 3773//2828 3776//2828 3775//2828
f 3773//2829 3769//2829 3772//2829 3776//2829
f 3770//2830 3774//2830 3775//2830 3771//2830
f 3772//2831 3771//2831 3775//2831 3776//2831
f 3773//2832 3774//2832 3770//2832 3769//2832
f 3777//2833 3778//2833 3779//2833 3780//2833
f 3782//2834 3781//2834 3784//2834 3783//2834
f 3781//2835 3777//2835 3780//2835 3784//2835
f 3778//2836 3782//2836 3783//2836 3779//2836
f 3780//2837 3779//2837 3783//2837 3784//2837
f 3781//2838 3782//2838 3778//2838 3777//2838
f 3785//2839 3786//2839 3787//2839 3788//2839
f 3790//2840 3789//2840 3792//2840 3791//2840
f 3789//2841 3785//2841 3788//2841 3792//2841
f 3786//2842 3790//2842 3791//2842 3787//2842
f 3788//2843 3787//2843 3791//2843 3792//2843
f 3789//2844 3790//2844 3786//2844 3785//2844
f 3793//2845 3794//2845 3795//2845 3796//2845
f 3798//2846 3797//2846 3800//2846 3799//2846
f 3797//2847 3793//2847 3796//2847 3800//2847
f 3794//2848 3798//2848 3799//2848 3795//2848
f 3796//2849 3795//2849 3799//2849 3800//2849
f 3797//2850 3798//2850 3794//2850 3793//2850
f 3801//2851 3802//2851 3803//2851 3804//2851
f 3806//2852 3805//2852 3808//2852 3807//2852
f 3805//2853 3801//2853 3804//2853 3808//2853
f 3802//2854 3806//2854 3807//2854 3803//2854
f 3804//2855 3803//2855 3807//2855 3808//2855
f 3805//2856 3806//2856 3802//2856 3801//2856
f 3809//2857 3810//2857 3811//2857 3812//2857
f 3814//2858 3813//2858 3816//2858 3815//2858
f 3813//2859 3809//2859 3812//2859 3816//2859
f 3810//2860 3814//2860 3815//2860 3811//2860
f 3812//2861 3811//2861 3815//2861 3816//2861
f 3813//2862 3814//2862 3810//2862 3809//2862
f 3817//2863 3818//2863 3819//2863 3820//2863
f 3822//2864 3821//2864 3824//2864 3823//2864
f 3821//2865 3817//2865 3820//2865 3824//2865
f 3818//2866 3822//2866 3823//2866 3819//2866
f 3820//2867 3819//2867 3823//2867 3824//2867
f 3821//2868 3822//2868 3818//2868 3817//2868
f 3825//2869 3826//2869 3827//2869 3828//2869
f 3830//2870 3829//2870 3832//2870 3831//2870
f 3829//2871 3825//2871 3828//2871 3832//2871
f 3826//2872 3830//2872 3831//2872 3827//2872
f 3828//2873 3827//2873 3831//2873 3832//2873
f 3829//2874 3830//2874 3826//2874 3825//2874
f 3833//2875 3834//2875 3835//2875 3836//2875
f 3838//2876 3837//2876 3840//2876 3839//2876
f 3837//2877 3833//2877 3836//2877 3840//2877
f 3834//2878 3838//2878 3839//2878 3835//2878
f 3836//2879 3835//2879 3839//2879 3840//2879
f 3837//2880 3838//2880 3834//2880 3833//2880
f 3841//2881 3842//2881 3843//2881 3844//2881
f 3846//2882 3845//2882 3848//2882 3847//2882
f 3845//2883 3841//2883 3844//2883 3848//2883
f 3842//2884 3846//2884 3847//2884 3843//2884
f 3844//2885 3843//2885 3847//2885 3848//2885
f 3845//2886 3846//2886 3842//2886 3841//2886
f 3849//2887 3850//2887 3851//2887 3852//2887
f 3854//2888 3853//2888 3856//2888 3855//2888
f 3853//2889 3849//2889 3852//2889 3856//2889
f 3850//2890 3854//2890 3855//2890 3851//2890
f 3852//2891 3851//2891 3855//2891 3856//2891
f 3853//2892 3854//2892 3850//2892 3849//2892
f 3857//2893 3858//2893 3859//2893 3860//2893
f 3862//2894 3861//2894 3864//2894 3863//2894
f 3861//2895 3857//2895 3860//2895 3864//2895
f 3858//2896 3862//2896 3863//2896 3859//2896
f 3860//2897 3859//2897 3863//2897 3864//2897
f 3861//2898 3862//2898 3858//2898 3857//2898
f 3865//2899 3866//2899 3867//2899 3868//2899
f 3870//2900 3869//2900 3872//2900 3871//2900
f 3869//2901 3865//2901 3868//2901 3872//2901
f 3866//2902 3870//2902 3871//2902 3867//2902
f 3868//2903 3867//2903 3871//2903 3872//2903
f 3869//2904 3870//2904 3866//2904 3865//2904
f 3873//2905 3874//2905 3875//2905 3876//2905
f 3878//2906 3877//2906 3880//2906 3879//2906
f 3877//2907 3873//2907 3876//2907 3880//2907
f 3874//2908 3878//2908 3879//2908 3875//2908
f 3876//2909 3875//2909 3879//2909 3880//2909
f 3877//2910 3878//2910 3874//2910 3873//2910
f 3881//2911 3882//2911 3883//2911 3884//2911
f 3886//2912 3885//2912 3888//2912 3887//2912
f 3885//2913 3881//2913 3884//2913 3888//2913
f 3882//2914 3886//2914 3887//2914 3883//2914
f 3884//2915 3883//2915 3887//2915 3888//2915
f 3885//2916 3886//2916 3882//2916 3881//2916
f 3889//2917 3890//2917 3891//2917 3892//2917
f 3894//2918 3893//2918 3896//2918 3895//2918
f 3893//2919 3889//2919 3892//2919 3896//2919
f 3890//2920 3894//2920 3895//2920 3891//2920
f 3892//2921 3891//2921 3895//2921 3896//2921
f 3893//2922 3894//2922 3890//2922 3889//2922
f 3897//2923 3898//2923 3899//2923 3900//2923
f 3902//2924 3901//2924 3904//2924 3903//2924
f 3901//2925 3897//2925 3900//2925 3904//2925
f 3898//2926 3902//2926 3903//2926 3899//2926
f 3900//2927 3899//2927 3903//2927 3904//2927
f 3901//2928 3902//2928 3898//2928 3897//2928
f 3905//2929 3906//2929 3907//2929 3908//2929
f 3910//2930 3909//2930 3912//2930 3911//2930
f 3909//2931 3905//2931 3908//2931 3912//2931
f 3906//2932 3910//2932 3911//2932 3907//2932
f 3908//2933 3907//2933 3911//2933 3912//2933
f 3909//2934 3910//2934 3906//2934 3905//2934
f 3913//2935 3914//2935 3915//2935 3916//2935
f 3918//2936 3917//2936 3920//2936 3919//2936
f 3917//2937 3913//2937 3916//2937 3920//2937
f 3914//2938 3918//2938 3919//2938 3915//2938
f 3916//2939 3915//2939 3919//2939 3920//2939
f 3917//2940 3918//2940 3914//2940 3913//2940
f 3921//2941 3922//2941 3923//2941 3924//2941
f 3926//2942 3925//2942 3928//2942 3927//2942
f 3925//2943 3921//2943 3924//2943 3928//2943
f 3922//2944 3926//2944 3927//2944 3923//2944
f 3924//2945 3923//2945 3927//2945 3928//2945
f 3925//2946 3926//2946 3922//2946 3921//2946
f 3929//2947 3930//2947 3931//2947 3932//2947
f 3934//2948 3933//2948 3936//2948 3935//2948
f 3933//2949 3929//2949 3932//2949 3936//2949
f 3930//2950 3934//2950 3935//2950 3931//2950
f 3932//2951 3931//2951 3935//2951 3936//2951
f 3933//2952 3934//2952 3930//2952 3929//2952
f 3937//2953 3938//2953 3939//2953 3940//2953
f 3942//2954 3941//2954 3944//2954 3943//2954
f 3941//2955 3937//2955 3940//2955 3944//2955
f 3938//2956 3942//2956 3943//2956 3939//2956
f 3940//2957 3939//2957 3943//2957 3944//2957
f 3941//2958 3942//2958 3938//2958 3937//2958
f 3945//2959 3946//2959 3947//2959 3948//2959
f 3950//2960 3949//2960 3952//2960 3951//2960
f 3949//2961 3945//2961 3948//2961 3952//2961
f 3946//2962 3950//2962 3951//2962 3947//2962
f 3948//2963 3947//2963 3951//2963 3952//2963
f 3949//2964 3950//2964 3946//2964 3945//2964
f 3953//2965 3954//2965 3955//2965 3956//2965
f 3958//2966 3957//2966 3960//2966 3959//2966
f 3957//2967 3953//2967 3956//2967 3960//2967
f 3954//2968 3958//2968 3959//2968 3955//2968
f 3956//2969 3955//2969 3959//2969 3960//2969
f 3957//2970 3958//2970 3954//2970 3953//2970
f 3961//2971 3962//2971 3963//2971 3964//2971
f 3966//2972 3965//2972 3968//2972 3967//2972
f 3965//2973 3961//2973 3964//2973 3968//2973
f 3962//2974 3966//2974 3967//2974 3963//2974
f 3964//2975 3963//2975 3967//2975 3968//2975
f 3965//2976 3966//2976 3962//2976 3961//2976
f 3969//2977 3970//2977 3971//2977 3972//2977
f 3974//2978 3973//2978 3976//2978 3975//2978
f 3973//2979 3969//2979 3972//2979 3976//2979
f 3970//2980 3974//2980 3975//2980 3971//2980
f 3972//2981 3971//2981 3975//2981 3976//2981
f 3973//2982 3974//2982 3970//2982 3969//2982
f 3977//2983 3978//2983 3979//2983 3980//2983
f 3982//2984 3981//2984 3984//2984 3983//2984
f 3981//2985 3977//2985 3980//2985 3984//2985
f 3978//2986 3982//2986 3983//2986 3979//2986
f 3980//2987 3979//2987 3983//2987 3984//2987
f 3981//2988 3982//2988 3978//2988 3977//2988
f 3985//2989 3986//2989 3987//2989 3988//2989
f 3990//2990 3989//2990 3992//2990 3991//2990
f 3989//2991 3985//2991 3988//2991 3992//2991
f 3986//2992 3990//2992 3991//2992 3987//2992
f 3988//2993 3987//2993 3991//2993 3992//2993
f 3989//2994 3990//2994 3986//2994 3985//2994
f 3993//2995 3994//2995 3995//2995 3996//2995
f 3998//2996 3997//2996 4000//2996 3999//2996
f 3997//2997 3993//2997 3996//2997 4000//2997
f 3994//2998 3998//2998 3999//2998 3995//2998
f 3996//2999 3995//2999 3999//2999 4000//2999
f 3997//3000 3998//3000 3994//3000 3993//3000
f 4001//3001 4002//3001 4003//3001 4004//3001
f 4006//3002 4005//3002 4008//3002 4007//3002
f 4005//3003 4001//3003 4004//3003 4008//3003
f 4002//3004 4006//3004 4007//3004 4003//3004
f 4004//3005 4003//3005 4007//3005 4008//3005
f 4005//3006 4006//3006 4002//3006 4001//3006
f 4009//3007 4010//3007 4011//3007 4012//3007
f 4014//3008 4013//3008 4016//3008 4015//3008
f 4013//3009 4009//3009 4012//3009 4016//3009
f 4010//3010 4014//3010 4015//3010 4011//3010
f 4012//3011 4011//3011 4015//3011 4016//3011
f 4013//3012 4014//3012 4010//3012 4009//3012
f 4017//3013 4018//3013 4019//3013 4020//3013
f 4022//3014 4021//3014 4024//3014 4023//3014
f 4021//3015 4017//3015 4020//3015 4024//3015
f 4018//3016 4022//3016 4023//3016 4019//3016
f 4020//3017 4019//3017 4023//3017 4024//3017
f 4021//3018 4022//3018 4018//3018 4017//3018
f 4025//3019 4026//3019 4027//3019 4028//3019
f 4030//3020 4029//3020 4032//3020 4031//3020
f 4029//3021 4025//3021 4028//3021 4032//3021
f 4026//3022 4030//3022 4031//3022 4027//3022
f 4028//3023 4027//3023 4031//3023 4032//3023
f 4029//3024 4030//3024 4026//3024 4025//3024
f 4033//3025 4034//3025 4035//3025 4036//3025
f 4038//3026 4037//3026 4040//3026 4039//3026
f 4037//3027 4033//3027 4036//3027 4040//3027
f 4034//3028 4038//3028 4039//3028 4035//3028
f 4036//3029 4035//3029 4039//3029 4040//3029
f 4037//3030 4038//3030 4034//3030 4033//3030
f 4041//3031 4042//3031 4043//3031 4044//3031
f 4046//3032 4045//3032 4048//3032 4047//3032
f 4045//3033 4041//3033 4044//3033 4048//3033
f 4042//3034 4046//3034 4047//3034 4043//3034
f 4044//3035 4043//3035 4047//3035 4048//3035
f 4045//3036 4046//3036 4042//3036 4041//3036
f 4049//3037 4050//3037 4051//3037 4052//3037
f 4054//3038 4053//3038 4056//3038 4055//3038
f 4053//3039 4049//3039 4052//3039 4056//3039
f 4050//3040 4054//3040 4055//3040 4051//3040
f 4052//3041 4051//3041 4055//3041 4056//3041
f 4053//3042 4054//3042 4050//3042 4049//3042
f 4057//3043 4058//3043 4059//3043 4060//3043
f 4062//3044 4061//3044 4064//3044 4063//3044
f 4061//3045 4057//3045 4060//3045 4064//3045
f 4058//3046 4062//3046 4063//3046 4059//3046
f 4060//3047 4059//3047 4063//3047 4064//3047
f 4061//3048 4062//3048 4058//3048 4057//3048
f 4065//3049 4066//3049 4067//3049 4068//3049
f 4070//3050 4069//3050 4072//3050 4071//3050
f 4069//3051 4065//3051 4068//3051 4072//3051
f 4066//3052 4070//3052 4071//3052 4067//3052
f 4068//3053 4067//3053 4071//3053 4072//3053
f 4069//3054 4070//3054 4066//3054 4065//3054
f 4073//3055 4074//3055 4075//3055 4076//3055
f 4078//3056 4077//3056 4080//3056 4079//3056
f 4077//3057 4073//3057 4076//3057 4080//3057
f 4074//3058 4078//3058 4079//3058 4075//3058
f 4076//3059 4075//3059 4079//3059 4080//3059
f 4077//3060 4078//3060 4074//3060 4073//3060
f 4081//3061 4082//3061 4083//3061 4084//3061
f 4086//3062 4085//3062 4088//3062 4087//3062
f 4085//3063 4081//3063 4084//3063 4088//3063
f 4082//3064 4086//3064 4087//3064 4083//3064
f 4084//3065 4083//3065 4087//3065 4088//3065
f 4085//3066 4086//3066 4082//3066 4081//3066
f 4089//3067 4090//3067 4091//3067 4092//3067
f 4094//3068 4093//3068 4096//3068 4095//3068
f 4093//3069 4089//3069 4092//3069 4096//3069
f 4090//3070 4094//3070 4095//3070 4091//3070
f 4092//3071 4091//3071 4095//3071 4096//3071
f 4093//3072 4094//3072 4090//3072 4089//3072
f 4097//3073 4098//3073 4099//3073 4100//3073
f 4102//3074 4101//3074 4104//3074 4103//3074
f 4101//3075 4097//3075 4100//3075 4104//3075
f 4098//3076 4102//3076 4103//3076 4099//3076
f 4100//3077 4099//3077 4103//3077 4104//3077
f 4101//3078 4102//3078 4098//3078 4097//3078
f 4105//3079 4106//3079 4107//3079 4108//3079
f 4110//3080 4109//3080 4112//3080 4111//3080
f 4109//3081 4105//3081 4108//3081 4112//3081
f 4106//3082 4110//3082 4111//3082 4107//3082
f 4108//3083 4107//3083 4111//3083 4112//3083
f 4109//3084 4110//3084 4106//3084 4105//3084
f 4113//3085 4114//3085 4115//3085 4116//3085
f 4118//3086 4117//3086 4120//3086 4119//3086
f 4117//3087 4113//3087 4116//3087 4120//3087
f 4114//3088 4118//3088 4119//3088 4115//3088
f 4116//3089 4115//3089 4119//3089 4120//3089
f 4117//3090 4118//3090 4114//3090 4113//3090
f 4121//3091 4122//3091 4123//3091 4124//3091
f 4126//3092 4125//3092 4128//3092 4127//3092
f 4125//3093 4121//3093 4124//3093 4128//3093
f 4122//3094 4126//3094 4127//3094 4123//3094
f 4124//3095 4123//3095 4127//3095 4128//3095
f 4125//3096 4126//3096 4122//3096 4121//3096
f 4129//3097 4130//3097 4131//3097 4132//3097
f 4134//3098 4133//3098 4136//3098 4135//3098
f 4133//3099 4129//3099 4132//3099 4136//3099
f 4130//3100 4134//3100 4135//3100 4131//3100
f 4132//3101 4131//3101 4135//3101 4136//3101
f 4133//3102 4134//3102 4130//3102 4129//3102
f 4137//3103 4138//3103 4139//3103 4140//3103
f 4142//3104 4141//3104 4144//3104 4143//3104
f 4141//3105 4137//3105 4140//3105 4144//3105
f 4138//3106 4142//3106 4143//3106 4139//3106
f 4140//3107 4139//3107 4143//3107 4144//3107
f 4141//3108 4142//3108 4138//3108 4137//3108
f 4145//3109 4146//3109 4147//3109 4148//3109
f 4150//3110 4149//3110 4152//3110 4151//3110
f 4149//3111 4145//3111 4148//3111 4152//3111
f 4146//3112 4150//3112 4151//3112 4147//3112
f 4148//3113 4147//3113 4151//3113 4152//3113
f 4149//3114 4150//3114 4146//3114 4145//3114
f 4153//3115 4154//3115 4155//3115 4156//3115
f 4158//3116 4157//3116 4160//3116 4159//3116
f 4157//3117 4153//3117 4156//3117 4160//3117
f 4154//3118 4158//3118 4159//3118 4155//3118
f 4156//3119 4155//3119 4159//3119 4160//3119
f 4157//3120 4158//3120 4154//3120 4153//3120
f 4161//3121 4162//3121 4163//3121 4164//3121
f 4166//3122 4165//3122 4168//3122 4167//3122
f 4165//3123 4161//3123 4164//3123 4168//3123
f 4162//3124 4166//3124 4167//3124 4163//3124
f 4164//3125 4163//3125 4167//3125 4168//3125
f 4165//3126 4166//3126 4162//3126 4161//3126
f 4169//3127 4170//3127 4171//3127 4172//3127
f 4174//3128 4173//3128 4176//3128 4175//3128
f 4173//3129 4169//3129 4172//3129 4176//3129
f 4170//3130 4174//3130 4175//3130 4171//3130
f 4172//3131 4171//3131 4175//3131 4176//3131
f 4173//3132 4174//3132 4170//3132 4169//3132
f 4177//3133 4178//3133 4179//3133 4180//3133
f 4182//3134 4181//3134 4184//3134 4183//3134
f 4181//3135 4177//3135 4180//3135 4184//3135
f 4178//3136 4182//3136 4183//3136 4179//3136
f 4180//3137 4179//3137 4183//3137 4184//3137
f 4181//3138 4182//3138 4178//3138 4177//3138
f 4185//3139 4186//3139 4187//3139 4188//3139
f 4190//3140 4189//3140 4192//3140 4191//3140
f 4189//3141 4185//3141 4188//3141 4192//3141
f 4186//3142 4190//3142 4191//3142 4187//3142
f 4188//3143 4187//3143 4191//3143 4192//3143
f 4189//3144 4190//3144 4186//3144 4185//3144
f 4193//3145 4194//3145 4195//3145 4196//3145
f 4198//3146 4197//3146 4200//3146 4199//3146
f 4197//3147 4193//3147 4196//3147 4200//3147
f 4194//3148 4198//3148 4199//3148 4195//3148
f 4196//3149 4195//3149 4199//3149 4200//3149
f 4197//3150 4198//3150 4194//3150 4193//3150
f 4201//3151 4202//3151 4203//3151 4204//3151
f 4206//3152 4205//3152 4208//3152 4207//3152
f 4205//3153 4201//3153 4204//3153 4208//3153
f 4202//3154 4206//3154 4207//3154 4203//3154
f 4204//3155 4203//3155 4207//3155 4208//3155
f 4205//3156 4206//3156 4202//3156 4201//3156
f 4209//3157 4210//3157 4211//3157 4212//3157
f 4214//3158 4213//3158 4216//3158 4215//3158
f 4213//3159 4209//3159 4212//3159 4216//3159
f 4210//3160 4214//3160 4215//3160 4211//3160
f 4212//3161 4211//3161 4215//3161 4216//3161
f 4213//3162 4214//3162 4210//3162 4209//3162
f 4217//3163 4218//3163 4219//3163 4220//3163
f 4222//3164 4221//3164 4224//3164 4223//3164
f 4221//3165 4217//3165 4220//3165 4224//3165
f 4218//3166 4222//3166 4223//3166 4219//3166
f 4220//3167 4219//3167 4223//3167 4224//3167
f 4221//3168 4222//3168 4218//3168 4217//3168
f 4225//3169 4226//3169 4227//3169 4228//3169
f 4230//3170 4229//3170 4232//3170 4231//3170
f 4229//3171 4225//3171 4228//3171 4232//3171
f 4226//3172 4230//3172 4231//3172 4227//3172
f 4228//3173 4227//3173 4231//3173 4232//3173
f 4229//3174 4230//3174 4226//3174 4225//3174
f 4233//3175 4234//3175 4235//3175 4236//3175
f 4238//3176 4237//3176 4240//3176 4239//3176
f 4237//3177 4233//3177 4236//3177 4240//3177
f 4234//3178 4238//3178 4239//3178 4235//3178
f 4236//3179 4235//3179 4239//3179 4240//3179
f 4237//3180 4238//3180 4234//3180 4233//3180
f 4241//3181 4242//3181 4243//3181 4244//3181
f 4246//3182 4245//3182 4248//3182 4247//3182
f 4245//3183 4241//3183 4244//3183 4248//3183
f 4242//3184 4246//3184 4247//3184 4243//3184
f 4244//3185 4243//3185 4247//3185 4248//3185
f 4245//3186 4246//3186 4242//3186 4241//3186
f 4249//3187 4250//3187 4251//3187 4252//3187
f 4254//3188 4253//3188 4256//3188 4255//3188
f 4253//3189 4249//3189 4252//3189 4256//3189
f 4250//3190 4254//3190 4255//3190 4251//3190
f 4252//3191 4251//3191 4255//3191 4256//3191
f 4253//3192 4254//3192 4250//3192 4249//3192
f 4257//3193 4258//3193 4259//3193 4260//3193
f 4262//3194 4261//3194 4264//3194 4263//3194
f 4261//3195 4257//3195 4260//3195 4264//3195
f 4258//3196 4262//3196 4263//3196 4259//3196
f 4260//3197 4259//3197 4263//3197 4264//3197
f 4261//3198 4262//3198 4258//3198 4257//3198
usemtl res
f 249//187 250//187 251//187 252//187
f 254//188 253//188 256//188 255//188
f 253//189 249//189 252//189 256//189
f 250//190 254//190 255//190 251//190
f 252//191 251//191 255//191 256//191
f 253//192 254//192 250//192 249//192
f 305//229 306//229 307//229 308//229
f 310//230 309//230 312//230 311//230
f 309//231 305//231 308//231 312//231
f 306//232 310//232 311//232 307//232
f 308//233 307//233 311//233 312//233
f 309//234 310//234 306//234 305//234
f 353//265 354//265 355//265 356//265
f 358//266 357//266 360//266 359//266
f 357//267 353//267 356//267 360//267
f 354//268 358//268 359//268 355//268
f 356//269 355//269 359//269 360//269
f 357//270 358//270 354//270 353//270
f 377//283 378//283 379//283 380//283
f 382//284 381//284 384//284 383//284
f 381//285 377//285 380//285 384//285
f 378//286 382//286 383//286 379//286
f 380//287 379//287 383//287 384//287
f 381//288 382//288 378//288 377//288
f 681//511 682//511 683//511 684//511
f 686//512 685//512 688//512 687//512
f 685//513 681//513 684//513 688//513
f 682//514 686//514 687//514 683//514
f 684//515 683//515 687//515 688//515
f 685//516 686//516 682//516 681//516
f 833//625 834//625 835//625 836//625
f 838//626 837//626 840//626 839//626
f 837//627 833//627 836//627 840//627
f 834//628 838//628 839//628 835//628
f 836//629 835//629 839//629 840//629
f 837//630 838//630 834//630 833//630
f 897//673 898//673 899//673 900//673
f 902//674 901//674 904//674 903//674
f 901//675 897//675 900//675 904//675
f 898//676 902//676 903//676 899//676
f 900//677 899//677 903//677 904//677
f 901//678 902//678 898//678 897//678
f 961//721 962//721 963//721 964//721
f 966//722 965//722 968//722 967//722
f 965//723 961//723 964//723 968//723
f 962//724 966//724 967//724 963//724
f 964//725 963//725 967//725 968//725
f 965//726 966//726 962//726 961//726
f 1073//805 1074//805 1075//805 1076//805
f 1078//806 1077//806 1080//806 1079//806
f 1077//807 1073//807 1076//807 1080//807
f 1074//808 1078//808 1079//808 1075//808
f 1076//809 1075//809 1079//809 1080//809
f 1077//810 1078//810 1074//810 1073//810
f 1169//877 1170//877 1171//877 1172//877
f 1174//878 1173//878 1176//878 1175//878
f 1173//879 1169//879 1172//879 1176//879
f 1170//880 1174//880 1175//880 1171//880
f 1172//881 1171//881 1175//881 1176//881
f 1173//882 1174//882 1170//882 1169//882
f 1561//1171 1562//1171 1563//1171 1564//1171
f 1566//1172 1565//1172 1568//1172 1567//1172
f 1565//1173 1561//1173 1564//1173 1568//1173
f 1562//1174 1566//1174 1567//1174 1563//1174
f 1564//1175 1563//1175 1567//1175 1568//1175
f 1565//1176 1566//1176 1562//1176 1561//1176
f 1609//1207 1610//1207 1611//1207 1612//1207
f 1614//1208 1613//1208 1616//1208 1615//1208
f 1613//1209 1609//1209 1612//1209 1616//1209
f 1610//1210 1614//1210 1615//1210 1611//1210
f 1612//1211 1611//1211 1615//1211 1616//1211
f 1613//1212 1614//1212 1610//1212 1609//1212
f 2153//1615 2154//1615 2155//1615 2156//1615
f 2158//1616 2157//1616 2160//1616 2159//1616
f 2157//1617 2153//1617 2156//1617 2160//1617
f 2154//1618 2158//1618 2159//1618 2155//1618
f 2156//1619 2155//1619 2159//1619 2160//1619
f 2157//1620 2158//1620 2154//1620 2153//1620
f 2361//1771 2362//1771 2363//1771 2364//1771
f 2366//1772 2365//1772 2368//1772 2367//1772
f 2365//1773 2361//1773 2364//1773 2368//1773
f 2362//1774 2366//1774 2367//1774 2363//1774
f 2364//1775 2363//1775 2367//1775 2368//1775
f 2365//1776 2366//1776 2362//1776 2361//1776
f 2409//1807 2410//1807 2411//1807 2412//1807
f 2414//1808 2413//1808 2416//1808 2415//1808
f 2413//1809 2409//1809 2412//1809 2416//1809
f 2410//1810 2414//1810 2415//1810 2411//1810
f 2412//1811 2411//1811 2415//1811 2416//1811
f 2413//1812 2414//1812 2410//1812 2409//1812
f 2481//1861 2482//1861 2483//1861 2484//1861
f 2486//1862 2485//1862 2488//1862 2487//1862
f 2485//1863 2481//1863 2484//1863 2488//1863
f 2482//1864 2486//1864 2487//1864 2483//1864
f 2484//1865 2483//1865 2487//1865 2488//1865
f 2485//1866 2486//1866 2482//1866 2481//1866
f 2577//1933 2578//1933 2579//1933 2580//1933
f 2582//1934 2581//1934 2584//1934 2583//1934
f 2581//1935 2577//1935 2580//1935 2584//1935
f 2578//1936 2582//1936 2583//1936 2579//1936
f 2580//1937 2579//1937 2583//1937 2584//1937
f 2581//1938 2582//1938 2578//1938 2577//1938
f 2601//1951 2602//1951 2603//1951 2604//1951
f 2606//1952 2605//1952 2608//1952 2607//1952
f 2605//1953 2601//1953 2604//1953 2608//1953
f 2602//1954 2606//1954 2607//1954 2603//1954
f 2604//1955 2603//1955 2607//1955 2608//1955
f 2605//1956 2606//1956 2602//1956 2601//1956
f 2625//1969 2626//1969 2627//1969 2628//1969
f 2630//1970 2629//1970 2632//1970 2631//1970
f 2629//1971 2625//1971 2628//1971 2632//1971
f 2626//1972 2630//1972 2631//1972 2627//1972
f 2628//1973 2627//1973 2631//1973 2632//1973
f 2629//1974 2630//1974 2626//1974 2625//1974
f 2697//2023 2698//2023 2699//2023 2700//2023
f 2702//2024 2701//2024 2704//2024 2703//2024
f 2701//2025 2697//2025 2700//2025 2704//2025
f 2698//2026 2702//2026 2703//2026 2699//2026
f 2700//2027 2699//2027 2703//2027 2704//2027
f 2701//2028 2702//2028 2698//2028 2697//2028
f 2745//2059 2746//2059 2747//2059 2748//2059
f 2750//2060 2749//2060 2752//2060 2751//2060
f 2749//2061 2745//2061 2748//2061 2752//2061
f 2746//2062 2750//2062 2751//2062 2747//2062
f 2748//2063 2747//2063 2751//2063 2752//2063
f 2749//2064 2750//2064 2746//2064 2745//2064
f 2793//2095 2794//2095 2795//2095 2796//2095
f 2798//2096 2797//2096 2800//2096 2799//2096
f 2797//2097 2793//2097 2796//2097 2800//2097
f 2794//2098 2798//2098 2799//2098 2795//2098
f 2796//2099 2795//2099 2799//2099 2800//2099
f 2797//2100 2798//2100 2794//2100 2793//2100
f 2889//2167 2890//2167 2891//2167 2892//2167
f 2894//2168 2893//2168 2896//2168 2895//2168
f 2893//2169 2889//2169 2892//2169 2896//2169
f 2890//2170 2894//2170 2895//2170 2891//2170
f 2892//2171 2891//2171 2895//2171 2896//2171
f 2893//2172 2894//2172 2890//2172 2889//2172
f 3585//2689 3586//2689 3587//2689 3588//2689
f 3590//2690 3589//2690 3592//2690 3591//2690
f 3589//2691 3585//2691 3588//2691 3592//2691
f 3586//2692 3590//2692 3591//2692 3587//2692
f 3588//2693 3587//2693 3591//2693 3592//2693
f 3589//2694 3590//2694 3586//2694 3585//2694
f 4425//3319 4426//3319 4427//3319 4428//3319
f 4430//3320 4429//3320 4432//3320 4431//3320
f 4429//3321 4425//3321 4428//3321 4432//3321
f 4426//3322 4430//3322 4431//3322 4427//3322
f 4428//3323 4427//3323 4431//3323 4432//3323
f 4429//3324 4430//3324 4426//3324 4425//3324
usemtl conn
f 273//205 274//205 275//205 276//205
f 278//206 277//206 280//206 279//206
f 277//207 273//207 276//207 280//207
f 274//208 278//208 279//208 275//208
f 276//209 275//209 279//209 280//209
f 277//210 278//210 274//210 273//210
f 705//529 706//529 707//529 708//529
f 710//530 709//530 712//530 711//530
f 709//531 705//531 708//531 712//531
f 706//532 710//532 711//532 707//532
f 708//533 707//533 711//533 712//533
f 709//534 710//534 706//534 705//534
f 1257//943 1258//943 1259//943 1260//943
f 1262//944 1261//944 1264//944 1263//944
f 1261//945 1257//945 1260//945 1264//945
f 1258//946 1262//946 1263//946 1259//946
f 1260//947 1259//947 1263//947 1264//947
f 1261//948 1262//948 1258//948 1257//948
f 2121//1591 2122//1591 2123//1591 2124//1591
f 2126//1592 2125//1592 2128//1592 2127//1592
f 2125//1593 2121//1593 2124//1593 2128//1593
f 2122//1594 2126//1594 2127//1594 2123//1594
f 2124//1595 2123//1595 2127//1595 2128//1595
f 2125//1596 2126//1596 2122//1596 2121//1596
f 2177//1633 2178//1633 2179//1633 2180//1633
f 2182//1634 2181//1634 2184//1634 2183//1634
f 2181//1635 2177//1635 2180//1635 2184//1635
f 2178//1636 2182//1636 2183//1636 2179//1636
f 2180//1637 2179//1637 2183//1637 2184//1637
f 2181//1638 2182//1638 2178//1638 2177//1638
usemtl ic
f 641//481 642//481 643//481 644//481
f 646//482 645//482 648//482 647//482
f 645//483 641//483 644//483 648//483
f 642//484 646//484 647//484 643//484
f 644//485 643//485 647//485 648//485
f 645//486 646//486 642//486 641//486
f 857//643 858//643 859//643 860//643
f 862//644 861//644 864//644 863//644
f 861//645 857//645 860//645 864//645
f 858//646 862//646 863//646 859//646
f 860//647 859//647 863//647 864//647
f 861//648 862//648 858//648 857//648
f 921//691 922//691 923//691 924//691
f 926//692 925//692 928//692 927//692
f 925//693 921//693 924//693 928//693
f 922//694 926//694 927//694 923//694
f 924//695 923//695 927//695 928//695
f 925//696 926//696 922//696 921//696
f 1057//793 1058//793 1059//793 1060//793
f 1062//794 1061//794 1064//794 1063//794
f 1061//795 1057//795 1060//795 1064//795
f 1058//796 1062//796 1063//796 1059//796
f 1060//797 1059//797 1063//797 1064//797
f 1061//798 1062//798 1058//798 1057//798
f 1241//931 1242//931 1243//931 1244//931
f 1246//932 1245//932 1248//932 1247//932
f 1245//933 1241//933 1244//933 1248//933
f 1242//934 1246//934 1247//934 1243//934
f 1244//935 1243//935 1247//935 1248//935
f 1245//936 1246//936 1242//936 1241//936
f 1313//985 1314//985 1315//985 1316//985
f 1318//986 1317//986 1320//986 1319//986
f 1317//987 1313//987 1316//987 1320//987
f 1314//988 1318//988 1319//988 1315//988
f 1316//989 1315//989 1319//989 1320//989
f 1317//990 1318//990 1314//990 1313//990
f 1425//1069 1426//1069 1427//1069 1428//1069
f 1430//1070 1429//1070 1432//1070 1431//1070
f 1429//1071 1425//1071 1428//1071 1432//1071
f 1426//1072 1430//1072 1431//1072 1427//1072
f 1428//1073 1427//1073 1431//1073 1432//1073
f 1429//1074 1430//1074 1426//1074 1425//1074
f 1657//1243 1658//1243 1659//1243 1660//1243
f 1662//1244 1661//1244 1664//1244 1663//1244
f 1661//1245 1657//1245 1660//1245 1664//1245
f 1658//1246 1662//1246 1663//1246 1659//1246
f 1660//1247 1659//1247 1663//1247 1664//1247
f 1661//1248 1662//1248 1658//1248 1657//1248
f 2081//1561 2082//1561 2083//1561 2084//1561
f 2086//1562 2085//1562 2088//1562 2087//1562
f 2085//1563 2081//1563 2084//1563 2088//1563
f 2082//1564 2086//1564 2087//1564 2083//1564
f 2084//1565 2083//1565 2087//1565 2088//1565
f 2085//1566 2086//1566 2082//1566 2081//1566
usemtl ind
f 657//493 658//493 659//493 660//493
f 662//494 661//494 664//494 663//494
f 661//495 657//495 660//495 664//495
f 658//496 662//496 663//496 659//496
f 660//497 659//497 663//497 664//497
f 661//498 662//498 658//498 657//498
f 809//607 810//607 811//607 812//607
f 814//608 813//608 816//608 815//608
f 813//609 809//609 812//609 816//609
f 810//610 814//610 815//610 811//610
f 812//611 811//611 815//611 816//611
f 813//612 814//612 810//612 809//612
f 873//655 874//655 875//655 876//655
f 878//656 877//656 880//656 879//656
f 877//657 873//657 876//657 880//657
f 874//658 878//658 879//658 875//658
f 876//659 875//659 879//659 880//659
f 877//660 878//660 874//660 873//660
f 1097//823 1098//823 1099//823 1100//823
f 1102//824 1101//824 1104//824 1103//824
f 1101//825 1097//825 1100//825 1104//825
f 1098//826 1102//826 1103//826 1099//826
f 1100//827 1099//827 1103//827 1104//827
f 1101//828 1102//828 1098//828 1097//828
f 1265//949 1266//949 1267//949 1268//949
f 1270//950 1269//950 1272//950 1271//950
f 1269//951 1265//951 1268//951 1272//951
f 1266//952 1270//952 1271//952 1267//952
f 1268//953 1267//953 1271//953 1272//953
f 1269//954 1270//954 1266//954 1265//954
f 1745//1309 1746//1309 1747//1309 1748//1309
f 1750//1310 1749//1310 1752//1310 1751//1310
f 1749//1311 1745//1311 1748//1311 1752//1311
f 1746//1312 1750//1312 1751//1312 1747//1312
f 1748//1313 1747//1313 1751//1313 1752//1313
f 1749//1314 1750//1314 1746//1314 1745//1314
f 2033//1525 2034//1525 2035//1525 2036//1525
f 2038//1526 2037//1526 2040//1526 2039//1526
f 2037//1527 2033//1527 2036//1527 2040//1527
f 2034//1528 2038//1528 2039//1528 2035//1528
f 2036//1529 2035//1529 2039//1529 2040//1529
f 2037//1530 2038//1530 2034//1530 2033//1530
f 2057//1543 2058//1543 2059//1543 2060//1543
f 2062//1544 2061//1544 2064//1544 2063//1544
f 2061//1545 2057//1545 2060//1545 2064//1545
f 2058//1546 2062//1546 2063//1546 2059//1546
f 2060//1547 2059//1547 2063//1547 2064//1547
f 2061//1548 2062//1548 2058//1548 2057//1548
f 2185//1639 2186//1639 2187//1639 2188//1639
f 2190//1640 2189//1640 2192//1640 2191//1640
f 2189//1641 2185//1641 2188//1641 2192//1641
f 2186//1642 2190//1642 2191//1642 2187//1642
f 2188//1643 2187//1643 2191//1643 2192//1643
f 2189//1644 2190//1644 2186//1644 2185//1644
usemtl led
f 2209//1657 2210//1657 2211//1657 2212//1657
f 2214//1658 2213//1658 2216//1658 2215//1658
f 2213//1659 2209//1659 2212//1659 2216//1659
f 2210//1660 2214//1660 2215//1660 2211//1660
f 2212//1661 2211//1661 2215//1661 2216//1661
f 2213//1662 2214//1662 2210//1662 2209//1662
usemtl ldo
f 2329//1747 2330//1747 2331//1747 2332//1747
f 2334//1748 2333//1748 2336//1748 2335//1748
f 2333//1749 2329//1749 2332//1749 2336//1749
f 2330//1750 2334//1750 2335//1750 2331//1750
f 2332//1751 2331//1751 2335//1751 2336//1751
f 2333//1752 2334//1752 2330//1752 2329//1752
f 3609//2707 3610//2707 3611//2707 3612//2707
f 3614//2708 3613//2708 3616//2708 3615//2708
f 3613//2709 3609//2709 3612//2709 3616//2709
f 3610//2710 3614//2710 3615//2710 3611//2710
f 3612//2711 3611//2711 3615//2711 3616//2711
f 3613//2712 3614//2712 3610//2712 3609//2712
f 4289//3217 4290//3217 4291//3217 4292//3217
f 4294//3218 4293//3218 4296//3218 4295//3218
f 4293//3219 4289//3219 4292//3219 4296//3219
f 4290//3220 4294//3220 4295//3220 4291//3220
f 4292//3221 4291//3221 4295//3221 4296//3221
f 4293//3222 4294//3222 4290//3222 4289//3222
f 4369//3277 4370//3277 4371//3277 4372//3277
f 4374//3278 4373//3278 4376//3278 4375//3278
f 4373//3279 4369//3279 4372//3279 4376//3279
f 4370//3280 4374//3280 4375//3280 4371//3280
f 4372//3281 4371//3281 4375//3281 4376//3281
f 4373//3282 4374//3282 4370//3282 4369//3282
